-2.258643507957458496e-01,-2.712188959121704102e-01
-2.689439654350280762e-01,-2.496690750122070312e-01
-2.469629049301147461e-01,-1.645468473434448242e-01
-2.694281339645385742e-01,-2.265571355819702148e-01
-2.554340362548828125e-01,-1.126484274864196777e-01
-2.290012240409851074e-01,-7.055336236953735352e-02
-2.233788371086120605e-01,1.345729827880859375e-02
-2.203467488288879395e-01,6.578445434570312500e-03
-2.199860215187072754e-01,-5.516827106475830078e-03
-2.222585082054138184e-01,1.283192634582519531e-02
-2.346115708351135254e-01,-4.199695587158203125e-02
-2.293381690979003906e-01,-2.766072750091552734e-03
-2.240840792655944824e-01,6.329059600830078125e-03
-2.112702131271362305e-01,-2.941489219665527344e-03
-2.320317625999450684e-01,-5.965888500213623047e-03
-2.253022193908691406e-01,-3.496015071868896484e-02
-2.549990415573120117e-01,-6.800639629364013672e-02
-2.621829509735107422e-01,-5.387216806411743164e-02
-2.345309853553771973e-01,-2.175807356834411621e-01
-2.746157050132751465e-01,-2.234878540039062500e-01
-2.757520675659179688e-01,-1.946101784706115723e-01
-2.552407383918762207e-01,-2.013550996780395508e-01
-2.344356775283813477e-01,-2.535498738288879395e-01
-2.394939661026000977e-01,-2.322536706924438477e-01
-1.957573294639587402e-01,-2.795838117599487305e-01
-5.030095577239990234e-02,-2.572351694107055664e-01
-7.642835378646850586e-02,-2.746681571006774902e-01
-9.668534994125366211e-02,-2.370238304138183594e-01
-1.001660823822021484e-01,-2.636308073997497559e-01
-2.243494391441345215e-01,-2.705416083335876465e-01
-1.992893218994140625e-01,-2.592430114746093750e-01
-2.344495058059692383e-02,-2.936647534370422363e-01
-1.785186529159545898e-01,-2.522105574607849121e-01
-2.410615086555480957e-01,-2.669151425361633301e-01
-1.942418217658996582e-01,-2.783181071281433105e-01
-1.587296128273010254e-01,-2.625990509986877441e-01
-2.719195485115051270e-01,-2.077942490577697754e-01
-2.535044550895690918e-01,-1.282725334167480469e-01
-2.774656414985656738e-01,-1.732637882232666016e-01
-2.640092372894287109e-01,-2.392222285270690918e-01
-2.462462782859802246e-01,-2.392960786819458008e-01
-2.396426200866699219e-01,-2.326479554176330566e-01
-1.387266516685485840e-01,-2.551581263542175293e-01
-2.712752223014831543e-01,-2.638464570045471191e-01
-1.081184744834899902e-01,-2.584667801856994629e-01
-2.539681196212768555e-01,-1.744260787963867188e-01
-2.868635058403015137e-01,-1.981229782104492188e-01
-2.507547736167907715e-01,-2.105243206024169922e-01
-2.859798073768615723e-01,-1.877970695495605469e-01
-2.524852156639099121e-01,-1.469585895538330078e-01
-1.714177727699279785e-01,-2.422503829002380371e-01
-1.933273077011108398e-01,-2.875970005989074707e-01
-2.530560493469238281e-01,-2.735349535942077637e-01
-2.554271221160888672e-01,-1.519337892532348633e-01
-2.895093560218811035e-01,-1.766202449798583984e-01
-2.437058091163635254e-01,-2.953392863273620605e-01
-7.240056991577148438e-02,-2.686340212821960449e-01
-6.901425123214721680e-02,-2.529843449592590332e-01
-7.691824436187744141e-02,-2.512674331665039062e-01
-2.194961905479431152e-01,-2.413114905357360840e-01
-2.210011482238769531e-01,-2.434446215629577637e-01
-2.129404544830322266e-01,-2.475559711456298828e-01
-4.839080572128295898e-02,-2.469090223312377930e-01
-1.435522437095642090e-01,-2.463917136192321777e-01
-2.614333033561706543e-01,-1.875321865081787109e-01
-2.575957775115966797e-01,-1.281242370605468750e-01
-2.613027095794677734e-01,-1.722580194473266602e-01
-2.800925374031066895e-01,-1.868545413017272949e-01
-2.693622708320617676e-01,-1.967634558677673340e-01
-2.773386836051940918e-01,-1.997718214988708496e-01
-2.634764909744262695e-01,-2.059146761894226074e-01
-2.450784444808959961e-01,-2.421107292175292969e-01
-1.559064984321594238e-01,-2.671992182731628418e-01
-1.336597800254821777e-01,-2.639937400817871094e-01
-1.341220736503601074e-01,-2.659246921539306641e-01
-2.276246547698974609e-01,-2.683715224266052246e-01
-2.185482382774353027e-01,-2.592449188232421875e-01
-2.271442413330078125e-01,-2.559554576873779297e-01
-2.222476601600646973e-01,-2.653105258941650391e-01
-2.162545323371887207e-01,-2.581355571746826172e-01
-1.898005008697509766e-01,-2.702966928482055664e-01
-2.355155348777770996e-01,-2.748208642005920410e-01
-1.234802007675170898e-01,-2.660006880760192871e-01
-2.466589808464050293e-01,-2.419332861900329590e-01
-2.345404624938964844e-01,-2.369182705879211426e-01
-2.676890492439270020e-01,-1.834767460823059082e-01
-2.797008752822875977e-01,-1.874686479568481445e-01
-2.607600092887878418e-01,-2.150791883468627930e-01
-2.503802180290222168e-01,-2.307296991348266602e-01
-2.794889807701110840e-01,-1.980690956115722656e-01
-2.780399918556213379e-01,-1.840778589248657227e-01
-2.440919280052185059e-01,-2.368184924125671387e-01
-2.642389535903930664e-01,-2.687174677848815918e-01
-1.410414576530456543e-01,-2.739224433898925781e-01
-1.107400655746459961e-01,-2.698898315429687500e-01
-1.946494579315185547e-01,-2.737959623336791992e-01
-2.019177079200744629e-01,-2.683653235435485840e-01
-1.917757987976074219e-01,-2.616018056869506836e-01
-2.416132688522338867e-01,-2.743938565254211426e-01
-5.391800403594970703e-02,-2.616782188415527344e-01
-2.356311082839965820e-01,-1.289687156677246094e-01
-2.847245931625366211e-01,-1.778638362884521484e-01
-2.672411799430847168e-01,-1.781573295593261719e-01
-2.510405182838439941e-01,-1.590796113014221191e-01
-2.470716834068298340e-01,-7.359337806701660156e-02
-2.351644635200500488e-01,-7.634145021438598633e-02
-2.338428497314453125e-01,-8.972465991973876953e-03
-2.612782120704650879e-01,-6.190568208694458008e-02
-2.723367810249328613e-01,-1.211936473846435547e-01
-2.579677104949951172e-01,-1.171938180923461914e-01
-2.580787539482116699e-01,-2.109713554382324219e-01
-2.726951241493225098e-01,-1.762714385986328125e-01
-2.675625085830688477e-01,-1.668922901153564453e-01
-2.788056731224060059e-01,-1.376389861106872559e-01
-2.618424892425537109e-01,-2.676767110824584961e-01
-2.806363105773925781e-01,-1.997476816177368164e-01
-2.597224712371826172e-01,-1.596816778182983398e-01
-2.702310681343078613e-01,-2.263467311859130859e-01
-2.500653862953186035e-01,-2.492377161979675293e-01
-2.547311782836914062e-01,-2.203384637832641602e-01
-2.641147375106811523e-01,-2.369808554649353027e-01
-2.453086972236633301e-01,-2.421704530715942383e-01
-2.123724818229675293e-01,-2.318363785743713379e-01
-2.117848396301269531e-01,-2.327471375465393066e-01
-2.321628928184509277e-01,-2.820731997489929199e-01
-1.743086576461791992e-01,-2.565717697143554688e-01
-2.018803358078002930e-01,-2.544590234756469727e-01
-1.619809865951538086e-01,-2.754900455474853516e-01
-1.865730881690979004e-01,-2.746795415878295898e-01
-2.137334942817687988e-01,-2.623313069343566895e-01
-2.224394083023071289e-01,-2.482990026473999023e-01
-1.837275624275207520e-01,-2.538098096847534180e-01
-2.032171487808227539e-01,-2.663709521293640137e-01
-2.581518292427062988e-01,-1.521564722061157227e-01
-2.658939361572265625e-01,-2.443470358848571777e-01
-2.732613086700439453e-01,-1.676100492477416992e-01
-2.755532264709472656e-01,-2.374380826950073242e-01
-2.730504870414733887e-01,-1.713048219680786133e-01
-2.791112065315246582e-01,-1.833776235580444336e-01
-2.650406956672668457e-01,-1.719716191291809082e-01
-2.587337493896484375e-01,-1.314553022384643555e-01
-2.555388212203979492e-01,-1.234351396560668945e-01
-2.566938996315002441e-01,-2.812676429748535156e-01
-1.891271471977233887e-01,-2.545314431190490723e-01
-1.394199728965759277e-01,-2.870989441871643066e-01
-2.517613768577575684e-01,-2.560383677482604980e-01
-2.376376390457153320e-01,-2.359439730644226074e-01
-2.727473974227905273e-01,-2.370353937149047852e-01
-2.624235153198242188e-01,-2.247828245162963867e-01
-2.616688609123229980e-01,-1.589266657829284668e-01
-2.590563893318176270e-01,-1.938825845718383789e-01
-2.631154060363769531e-01,-2.472397685050964355e-01
-2.673391103744506836e-01,-2.274028658866882324e-01
-2.672856450080871582e-01,-1.909397840499877930e-01
-2.600926160812377930e-01,-9.204864501953125000e-02
-2.599782943725585938e-01,-2.535464167594909668e-01
-2.298982143402099609e-01,-2.323582172393798828e-01
-2.311614155769348145e-01,-2.654736638069152832e-01
-2.123997211456298828e-01,-2.636622190475463867e-01
-2.038124799728393555e-01,-2.621916532516479492e-01
-2.076772451400756836e-01,-2.629711031913757324e-01
-2.252401709556579590e-01,-2.643268108367919922e-01
-2.071686983108520508e-01,-2.762587666511535645e-01
-4.763436317443847656e-02,-2.607549428939819336e-01
-1.793919205665588379e-01,-2.840134501457214355e-01
-1.762807965278625488e-01,-2.774661779403686523e-01
-2.531620860099792480e-01,-2.645574808120727539e-01
-2.697061300277709961e-01,-2.028242349624633789e-01
-2.594858407974243164e-01,-2.079928517341613770e-01
-2.711969017982482910e-01,-1.917418241500854492e-01
-2.856324911117553711e-01,-1.514592170715332031e-01
-2.513511180877685547e-01,-8.415383100509643555e-02
-2.360242605209350586e-01,-9.753769636154174805e-02
-2.462449073791503906e-01,-1.331652998924255371e-01
-2.661668062210083008e-01,-4.570382833480834961e-02
-2.627494931221008301e-01,-5.615770816802978516e-02
-2.599967718124389648e-01,-2.513281702995300293e-01
-2.589303851127624512e-01,-1.993486285209655762e-01
-2.666206955909729004e-01,-2.228384613990783691e-01
-2.586892247200012207e-01,-2.006996870040893555e-01
-2.768473625183105469e-01,-2.331830263137817383e-01
-2.743548154830932617e-01,-2.471936941146850586e-01
-2.744508981704711914e-01,-2.292541861534118652e-01
-2.368052005767822266e-01,-2.519879341125488281e-01
-2.393555045127868652e-01,-2.468978762626647949e-01
-2.255421876907348633e-01,-2.282324433326721191e-01
-2.535587549209594727e-01,-2.470904588699340820e-01
-2.546808123588562012e-01,-2.582197189331054688e-01
-2.710819840431213379e-01,-1.098372340202331543e-01
-2.641417384147644043e-01,-1.131640076637268066e-01
-2.661188244819641113e-01,-2.024853825569152832e-01
-2.683279514312744141e-01,-1.907786130905151367e-01
-2.683272361755371094e-01,-2.002286911010742188e-01
-2.813419699668884277e-01,-1.976585984230041504e-01
-2.641599178314208984e-01,-2.027174830436706543e-01
-2.513619065284729004e-01,-2.418089509010314941e-01
-2.644008994102478027e-01,-2.158936858177185059e-01
-2.617779374122619629e-01,-8.988130092620849609e-02
-2.511954903602600098e-01,-2.719956040382385254e-01
-2.579675912857055664e-01,-2.079148292541503906e-01
-2.003175616264343262e-01,-2.638042569160461426e-01
-1.416494250297546387e-01,-2.592529654502868652e-01
-1.449906229972839355e-01,-2.807874679565429688e-01
-1.412621736526489258e-01,-2.862240076065063477e-01
-2.428321838378906250e-01,-2.414039969444274902e-01
-2.421615123748779297e-01,-2.428962588310241699e-01
-2.138372063636779785e-01,-2.539330720901489258e-01
-2.367981672286987305e-01,-2.868193387985229492e-01
-2.925102710723876953e-01,-2.215362191200256348e-01
-2.691365480422973633e-01,-1.889298558235168457e-01
-2.656177282333374023e-01,-2.581379413604736328e-01
-2.406193017959594727e-01,-2.532580494880676270e-01
-2.138790488243103027e-01,-2.683163881301879883e-01
-2.002199888229370117e-01,-2.652992010116577148e-01
-2.172549962997436523e-01,-2.691015005111694336e-01
-2.048277854919433594e-01,-2.773316502571105957e-01
-2.130089402198791504e-01,-2.502280473709106445e-01
-2.128801941871643066e-01,-2.489741444587707520e-01
-2.652922272682189941e-01,-2.103797793388366699e-01
-2.625041604042053223e-01,-1.903532743453979492e-01
-2.747161984443664551e-01,-2.354286909103393555e-01
-2.689390182495117188e-01,-1.157782673835754395e-01
-2.722251415252685547e-01,-1.353580951690673828e-01
-2.709842324256896973e-01,-2.080322504043579102e-01
-2.797390818595886230e-01,-2.219315767288208008e-01
-2.837125658988952637e-01,-1.788169741630554199e-01
-2.878218293190002441e-01,-1.221331357955932617e-01
-2.993484735488891602e-01,-1.293860077857971191e-01
-2.701179981231689453e-01,-2.154135704040527344e-01
-2.638862729072570801e-01,-1.723242402076721191e-01
-2.666563391685485840e-01,-2.265245318412780762e-01
-2.646692991256713867e-01,-2.221523523330688477e-01
-2.496164441108703613e-01,-2.288302183151245117e-01
-2.852002978324890137e-01,-2.007052302360534668e-01
-2.671876549720764160e-01,-2.137219905853271484e-01
-2.638577222824096680e-01,-2.133148908615112305e-01
-2.640048265457153320e-01,-2.395681142807006836e-01
-2.370904088020324707e-01,-2.527461051940917969e-01
-2.257104516029357910e-01,-2.737880349159240723e-01
-2.359203100204467773e-01,-2.492769360542297363e-01
-2.547866106033325195e-01,-2.199696898460388184e-01
-2.692270278930664062e-01,-1.145371198654174805e-01
-2.655657529830932617e-01,-2.469446659088134766e-01
-2.415588498115539551e-01,-2.375755310058593750e-01
-2.652623653411865234e-01,-2.234075665473937988e-01
-2.457156181335449219e-01,-2.610300779342651367e-01
-2.825238108634948730e-01,-2.220015525817871094e-01
-2.529571652412414551e-01,-2.501863241195678711e-01
-2.660478949546813965e-01,-1.994330883026123047e-01
-2.533337473869323730e-01,-2.182620167732238770e-01
-2.942136526107788086e-01,-1.521030664443969727e-01
-2.904880642890930176e-01,-2.118315696716308594e-01
-2.610465884208679199e-01,-2.217046022415161133e-01
-2.620697617530822754e-01,-2.464628219604492188e-01
-2.486003041267395020e-01,-2.437381148338317871e-01
-1.489858031272888184e-01,-2.528560757637023926e-01
-1.953789591789245605e-01,-2.613860964775085449e-01
-2.602551579475402832e-01,-2.263844013214111328e-01
-2.519679069519042969e-01,-1.490564942359924316e-01
-2.426084876060485840e-01,-5.471080541610717773e-02
-2.378104329109191895e-01,-1.044214963912963867e-01
-2.359680533409118652e-01,-3.381627798080444336e-02
-2.718819975852966309e-01,4.199862480163574219e-03
-1.990259289741516113e-01,6.432497501373291016e-02
-2.254542112350463867e-01,6.002271175384521484e-02
-1.983617544174194336e-01,2.043318748474121094e-02
-1.959526538848876953e-01,4.475998878479003906e-02
-2.127967476844787598e-01,4.445791244506835938e-02
-2.126790881156921387e-01,-1.106959581375122070e-02
-2.292513251304626465e-01,-2.169972658157348633e-02
-2.451907992362976074e-01,-2.197938561439514160e-01
-2.341094017028808594e-01,-2.518188953399658203e-01
-2.466158866882324219e-01,-2.112832665443420410e-01
-2.789574265480041504e-01,-2.041761875152587891e-01
-2.767817378044128418e-01,-1.956530213356018066e-01
-2.812266945838928223e-01,-2.058764100074768066e-01
-2.732841968536376953e-01,-2.284061908721923828e-01
-2.537501454353332520e-01,-2.331725358963012695e-01
-2.649018168449401855e-01,-2.306800484657287598e-01
-2.573026418685913086e-01,-2.329586744308471680e-01
-2.462134957313537598e-01,-2.472943663597106934e-01
-2.450544834136962891e-01,-2.609732151031494141e-01
-2.381923794746398926e-01,-2.474220991134643555e-01
-2.827083468437194824e-01,-2.264752984046936035e-01
-2.680363655090332031e-01,-1.715387701988220215e-01
-2.709088921546936035e-01,-1.802216768264770508e-01
-2.854334712028503418e-01,-2.098780870437622070e-01
-2.457707524299621582e-01,-2.542170286178588867e-01
-2.380744814872741699e-01,-2.553708553314208984e-01
-1.992923021316528320e-01,-2.578117251396179199e-01
-2.503778338432312012e-01,-2.689532637596130371e-01
-1.755686998367309570e-01,-2.832731604576110840e-01
-1.878566145896911621e-01,-2.769054770469665527e-01
-2.330269813537597656e-01,-2.587587237358093262e-01
-1.226512193679809570e-01,-2.630139589309692383e-01
-2.004643678665161133e-01,-2.719858884811401367e-01
-2.070031166076660156e-01,-2.532876729965209961e-01
-2.222592830657958984e-01,-2.691100239753723145e-01
-2.036724090576171875e-01,-2.720070481300354004e-01
-4.869407415390014648e-02,-2.387793660163879395e-01
2.423640489578247070e-01,2.526624202728271484e-01
2.177218198776245117e-01,2.699949741363525391e-01
2.172890901565551758e-01,2.617770433425903320e-01
1.963649988174438477e-01,2.746232748031616211e-01
2.069913148880004883e-01,2.621799707412719727e-01
6.459653377532958984e-02,2.345492839813232422e-01
2.933559417724609375e-01,6.711101531982421875e-02
2.941260337829589844e-01,1.429967880249023438e-01
2.799913883209228516e-01,1.942497491836547852e-01
2.568422555923461914e-01,2.393212318420410156e-01
2.533473968505859375e-01,1.934703588485717773e-01
2.538096904754638672e-01,2.332884073257446289e-01
2.606817483901977539e-01,2.278769016265869141e-01
2.174913883209228516e-01,2.566448450088500977e-01
2.164433002471923828e-01,2.731963396072387695e-01
2.051295042037963867e-01,2.807668447494506836e-01
1.438715457916259766e-01,2.596225738525390625e-01
1.697597503662109375e-01,2.743139266967773438e-01
1.688055992126464844e-01,2.684158086776733398e-01
1.911425590515136719e-01,2.642507553100585938e-01
1.856384277343750000e-01,2.713878154754638672e-01
2.434742450714111328e-01,2.826675176620483398e-01
2.520544528961181641e-01,2.266507148742675781e-01
2.707802057266235352e-01,2.325224876403808594e-01
2.560490369796752930e-01,2.356104850769042969e-01
2.653483152389526367e-01,1.581920385360717773e-01
2.531521320343017578e-01,2.131907939910888672e-01
2.818107604980468750e-01,2.398740053176879883e-01
2.769672870635986328e-01,1.279468536376953125e-01
2.690974473953247070e-01,1.173098087310791016e-01
2.603448629379272461e-01,1.786737442016601562e-01
2.565431594848632812e-01,2.003533840179443359e-01
2.769057750701904297e-01,1.281849145889282227e-01
2.759841680526733398e-01,2.262269258499145508e-01
2.673665285110473633e-01,2.203830480575561523e-01
2.566332817077636719e-01,2.438398599624633789e-01
2.746556997299194336e-01,1.632226705551147461e-01
2.559928894042968750e-01,1.445454359054565430e-01
2.682119607925415039e-01,1.422127485275268555e-01
2.679870128631591797e-01,1.127290725708007812e-01
2.140846252441406250e-01,2.500389814376831055e-01
2.273209095001220703e-01,2.689435482025146484e-01
2.319346666336059570e-01,2.610906362533569336e-01
1.630394458770751953e-01,2.519567012786865234e-01
1.910017728805541992e-01,2.500118017196655273e-01
1.955349445343017578e-01,2.740781307220458984e-01
2.359675168991088867e-01,2.687097787857055664e-01
2.270044088363647461e-01,2.230243682861328125e-01
2.714471817016601562e-01,2.426769733428955078e-01
2.843402624130249023e-01,1.571561098098754883e-01
-1.717643737792968750e-01,-2.605403065681457520e-01
-2.011660337448120117e-01,-2.826846837997436523e-01
-1.815708875656127930e-01,-2.640878558158874512e-01
-2.147980928421020508e-01,-2.568413615226745605e-01
-2.252457141876220703e-01,-2.637884020805358887e-01
-2.460843920707702637e-01,-2.561640143394470215e-01
-2.838631272315979004e-01,-2.166760563850402832e-01
-3.002257943153381348e-01,-1.589134931564331055e-01
-3.009434938430786133e-01,-1.535422205924987793e-01
-2.925434708595275879e-01,-1.656118631362915039e-01
-2.563149929046630859e-01,-1.760156750679016113e-01
-2.893111109733581543e-01,-1.977844238281250000e-01
-2.782707810401916504e-01,-2.105836868286132812e-01
-2.686668634414672852e-01,-2.062209248542785645e-01
-2.593823075294494629e-01,-2.040650844573974609e-01
-2.802540659904479980e-01,-2.026669979095458984e-01
-2.572345733642578125e-01,-2.634582519531250000e-01
-2.520533204078674316e-01,-2.451893091201782227e-01
-2.469812035560607910e-01,-2.415744066238403320e-01
-1.998363137245178223e-01,-2.936859726905822754e-01
-1.735518574714660645e-01,-2.847068309783935547e-01
-1.918470859527587891e-01,-2.835005521774291992e-01
-1.813048124313354492e-01,-2.861192822456359863e-01
-1.878980398178100586e-01,-2.811594009399414062e-01
-2.025954723358154297e-01,-2.799494266510009766e-01
-2.090706229209899902e-01,-2.492846250534057617e-01
-2.689755558967590332e-01,-8.384513854980468750e-02
-2.621567249298095703e-01,-2.169201970100402832e-01
-2.814652323722839355e-01,-2.056679725646972656e-01
-2.708328962326049805e-01,-1.631038784980773926e-01
-2.749788165092468262e-01,-2.463435530662536621e-01
-1.987839937210083008e-01,-2.587359547615051270e-01
-1.709293723106384277e-01,-2.535215616226196289e-01
-1.697615385055541992e-01,-2.611619830131530762e-01
-2.028871774673461914e-01,-2.627308368682861328e-01
-1.529519557952880859e-01,-2.587420344352722168e-01
-1.706500053405761719e-01,-2.743514180183410645e-01
-2.071254253387451172e-01,-2.710737586021423340e-01
-2.258368134498596191e-01,-2.406931519508361816e-01
-1.221316456794738770e-01,-2.585604786872863770e-01
-1.181437969207763672e-01,-2.747370004653930664e-01
-1.777203679084777832e-01,-2.858724594116210938e-01
-2.228378057479858398e-01,-2.830983400344848633e-01
-6.597888469696044922e-02,-2.735930681228637695e-01
-1.498538255691528320e-01,-2.573723196983337402e-01
-2.299793362617492676e-01,-2.627390027046203613e-01
-2.241929173469543457e-01,-2.617190480232238770e-01
-1.023001074790954590e-01,-2.803640961647033691e-01
-2.287762761116027832e-01,-2.825816869735717773e-01
-2.095885276794433594e-01,-2.460086345672607422e-01
1.881574392318725586e-01,2.627837657928466797e-01
7.680153846740722656e-02,2.365781068801879883e-01
4.210460186004638672e-02,2.455184459686279297e-01
1.948086023330688477e-01,2.386331558227539062e-01
-1.572448015213012695e-02,2.476896047592163086e-01
3.614902496337890625e-02,2.562681436538696289e-01
-1.368409395217895508e-02,2.486388683319091797e-01
-7.500821352005004883e-02,1.887874603271484375e-01
-4.725492000579833984e-02,1.978137493133544922e-01
-6.620657444000244141e-02,1.961679458618164062e-01
-1.083838939666748047e-02,1.982367038726806641e-01
1.621141433715820312e-01,2.401736974716186523e-01
1.998493671417236328e-01,2.954583168029785156e-01
1.801731586456298828e-01,2.838783264160156250e-01
1.814192533493041992e-01,2.908256053924560547e-01
1.707248687744140625e-01,2.636307477951049805e-01
2.436040639877319336e-01,2.714886665344238281e-01
1.267712116241455078e-01,2.627495527267456055e-01
1.547025442123413086e-01,2.528007030487060547e-01
1.706837415695190430e-01,2.574638128280639648e-01
2.022398710250854492e-01,2.681478261947631836e-01
2.026432752609252930e-01,2.622094154357910156e-01
1.284523010253906250e-01,2.717617750167846680e-01
1.691465377807617188e-01,2.565652132034301758e-01
7.613468170166015625e-02,2.564276456832885742e-01
2.020039558410644531e-01,2.374376058578491211e-01
2.211245298385620117e-01,2.820029258728027344e-01
2.127883434295654297e-01,2.701067924499511719e-01
1.256175041198730469e-01,2.583688497543334961e-01
2.189487218856811523e-01,2.576019763946533203e-01
2.153688669204711914e-01,2.736287117004394531e-01
2.329403162002563477e-01,2.501120567321777344e-01
2.276233434677124023e-01,2.778952121734619141e-01
1.288114786148071289e-01,2.649785280227661133e-01
1.015108823776245117e-01,2.712088823318481445e-01
1.067069768905639648e-01,2.776911258697509766e-01
2.498800754547119141e-01,2.739890813827514648e-01
2.305670976638793945e-01,2.678151130676269531e-01
1.938858032226562500e-01,2.817677259445190430e-01
6.972551345825195312e-02,2.422040700912475586e-01
1.358482837677001953e-01,2.781649827957153320e-01
1.569895744323730469e-01,2.898154258728027344e-01
1.559954881668090820e-01,2.758190631866455078e-01
2.276803255081176758e-01,2.736811637878417969e-01
2.200415134429931641e-01,2.605110406875610352e-01
2.175556421279907227e-01,2.629474401473999023e-01
2.362273931503295898e-01,2.424409389495849609e-01
2.205502986907958984e-01,2.405636310577392578e-01
2.156703472137451172e-01,2.587696313858032227e-01
2.498730421066284180e-01,1.124231815338134766e-01
-7.404702901840209961e-02,-2.767077684402465820e-01
-2.033450007438659668e-01,-2.601418495178222656e-01
-1.006770133972167969e-02,-2.592992186546325684e-01
-2.865218520164489746e-01,-2.435790896415710449e-01
-2.227340340614318848e-01,-2.726222276687622070e-01
-2.311929464340209961e-01,-2.780936360359191895e-01
-2.379377484321594238e-01,-2.570667266845703125e-01
-1.895161271095275879e-01,-2.780081629753112793e-01
-1.968623399734497070e-01,-2.681918740272521973e-01
-2.061069011688232422e-01,-2.727916836738586426e-01
-1.890330314636230469e-01,-2.782561779022216797e-01
-2.008565664291381836e-01,-2.760539650917053223e-01
-2.027315497398376465e-01,-2.719459533691406250e-01
-1.558169722557067871e-01,-2.677913904190063477e-01
-1.425750851631164551e-01,-2.568044066429138184e-01
-2.191896438598632812e-01,-2.686615586280822754e-01
-2.223390936851501465e-01,-2.689155936241149902e-01
-1.654455065727233887e-01,-2.560479640960693359e-01
-7.223790884017944336e-02,-2.831589579582214355e-01
-1.759786605834960938e-01,-2.895140051841735840e-01
-1.613624691963195801e-01,-2.623395919799804688e-01
-2.144908905029296875e-01,-2.609074115753173828e-01
-2.469806075096130371e-01,-2.631571292877197266e-01
-1.548659205436706543e-01,-2.679666280746459961e-01
-1.980870366096496582e-01,-2.719944119453430176e-01
-2.250064015388488770e-01,-2.641119956970214844e-01
-2.295058965682983398e-01,-2.645054459571838379e-01
-1.995998620986938477e-01,-2.511664032936096191e-01
-2.473802566528320312e-01,-2.415575385093688965e-01
-2.431507706642150879e-01,-2.473360300064086914e-01
-2.842419743537902832e-01,-2.292261123657226562e-01
-2.706701159477233887e-01,-1.996026039123535156e-01
-2.616680264472961426e-01,-2.408407330513000488e-01
-2.537769079208374023e-01,-2.024010419845581055e-01
-2.685677409172058105e-01,-2.399898767471313477e-01
-2.680289149284362793e-01,-1.844043731689453125e-01
-2.779799103736877441e-01,-2.251405715942382812e-01
-2.555766105651855469e-01,-1.834501028060913086e-01
-2.407086491584777832e-01,-2.212688922882080078e-01
-2.653868198394775391e-01,-2.454155683517456055e-01
-2.684187889099121094e-01,-2.104207873344421387e-01
-2.765232920646667480e-01,-1.806378960609436035e-01
-2.829629182815551758e-01,-1.672332882881164551e-01
-2.740604877471923828e-01,-2.318037748336791992e-01
-2.620416283607482910e-01,-2.251839637756347656e-01
-2.643466591835021973e-01,-2.148342728614807129e-01
-2.592014074325561523e-01,-2.334370613098144531e-01
-2.634673118591308594e-01,-2.337169051170349121e-01
-2.467758059501647949e-01,-1.959318518638610840e-01
-2.779732346534729004e-01,-1.262955069541931152e-01
-2.208809852600097656e-01,-2.548555731773376465e-01
-2.478538155555725098e-01,-2.451810240745544434e-01
-2.678217291831970215e-01,-2.270184159278869629e-01
-2.486457228660583496e-01,-2.378018498420715332e-01
-2.229339480400085449e-01,-2.720177173614501953e-01
-2.445237040519714355e-01,-2.511020898818969727e-01
-2.559671998023986816e-01,-2.361443042755126953e-01
-2.584108710289001465e-01,-1.104199886322021484e-01
-2.765895724296569824e-01,-2.023437023162841797e-01
-2.814503312110900879e-01,-1.777707338333129883e-01
-2.877256274223327637e-01,-2.177413105964660645e-01
-2.714779376983642578e-01,-2.257211208343505859e-01
-2.777907252311706543e-01,-2.067015171051025391e-01
-2.348312139511108398e-01,-2.505505681037902832e-01
-2.643297314643859863e-01,-2.442111968994140625e-01
-2.574703693389892578e-01,-2.333044409751892090e-01
-2.695454955101013184e-01,-2.120059728622436523e-01
-2.607979774475097656e-01,-2.277724146842956543e-01
-2.464918494224548340e-01,-2.311722040176391602e-01
-2.642073035240173340e-01,-2.236067056655883789e-01
-2.581954002380371094e-01,-9.907156229019165039e-02
-2.540998458862304688e-01,-1.315201520919799805e-01
-2.596926093101501465e-01,-4.382514953613281250e-02
-2.363578081130981445e-01,-2.289267778396606445e-01
-2.385566234588623047e-01,-2.593165040016174316e-01
-2.343661189079284668e-01,-2.521039247512817383e-01
-2.489270567893981934e-01,-2.741721272468566895e-01
-1.576733589172363281e-01,-2.706604599952697754e-01
-1.885788440704345703e-01,-2.662392854690551758e-01
-2.176595330238342285e-01,-2.795693874359130859e-01
-1.501500606536865234e-01,-2.506700158119201660e-01
-1.488214731216430664e-01,-2.562814950942993164e-01
-1.375356912612915039e-01,-2.749335169792175293e-01
-1.623457670211791992e-01,-2.743154168128967285e-01
-2.006557583808898926e-01,-2.727646827697753906e-01
-2.236240506172180176e-01,-2.559475898742675781e-01
-2.546383142471313477e-01,-2.546462416648864746e-01
-2.169181108474731445e-01,-2.600303888320922852e-01
-2.294256687164306641e-01,-2.491655945777893066e-01
-2.187188267707824707e-01,-2.524026036262512207e-01
-2.494201660156250000e-01,-2.186901569366455078e-01
-2.752331495285034180e-01,-1.482387781143188477e-01
-2.597304582595825195e-01,-1.683572530746459961e-01
-2.794726490974426270e-01,-1.904339790344238281e-01
-2.849075794219970703e-01,-1.886803507804870605e-01
-2.593081593513488770e-01,-2.071558833122253418e-01
-2.544928789138793945e-01,-1.957238912582397461e-01
-2.793994545936584473e-01,-1.890180110931396484e-01
-2.708028554916381836e-01,-2.045080065727233887e-01
-2.601358890533447266e-01,-2.570593953132629395e-01
-3.977596759796142578e-03,2.018381357192993164e-01
-6.485134363174438477e-02,1.791716814041137695e-01
-7.073098421096801758e-02,2.316157817840576172e-01
-1.082819700241088867e-02,2.313493490219116211e-01
8.223807811737060547e-02,2.428956031799316406e-01
9.788477420806884766e-02,2.429732084274291992e-01
1.279059648513793945e-01,2.815526723861694336e-01
2.314007282257080078e-01,2.828228473663330078e-01
1.095262765884399414e-01,2.385393381118774414e-01
1.113026142120361328e-01,2.415835857391357422e-01
2.484996318817138672e-01,2.588627338409423828e-01
2.781807184219360352e-01,2.128989696502685547e-01
2.620401382446289062e-01,2.257629632949829102e-01
2.387139797210693359e-01,2.483471632003784180e-01
2.835181951522827148e-01,1.490794420242309570e-01
2.429869174957275391e-01,8.127295970916748047e-02
2.779726982116699219e-01,1.470804214477539062e-01
2.791862487792968750e-01,1.796798706054687500e-01
2.712177038192749023e-01,2.367235422134399414e-01
2.358984947204589844e-01,2.658134698867797852e-01
1.399322748184204102e-01,2.657377719879150391e-01
1.492440700531005859e-01,2.601692676544189453e-01
2.235565185546875000e-01,2.758760452270507812e-01
2.006700038909912109e-01,2.507411241531372070e-01
2.093787193298339844e-01,2.605743408203125000e-01
1.056166887283325195e-01,2.467960119247436523e-01
1.816306114196777344e-01,2.785195112228393555e-01
1.303664445877075195e-01,2.657465934753417969e-01
1.934361457824707031e-01,2.800484895706176758e-01
2.262040376663208008e-01,2.698873281478881836e-01
2.411395311355590820e-01,2.611523866653442383e-01
2.569365501403808594e-01,2.368426322937011719e-01
2.550395727157592773e-01,1.934993267059326172e-01
2.688966989517211914e-01,1.726047992706298828e-01
2.741131782531738281e-01,2.018264532089233398e-01
2.697439193725585938e-01,1.727029085159301758e-01
2.660555839538574219e-01,1.742666959762573242e-01
2.659505605697631836e-01,2.458672523498535156e-01
1.312196254730224609e-01,2.699620723724365234e-01
1.571565866470336914e-01,2.651520967483520508e-01
1.792920827865600586e-01,2.732840776443481445e-01
1.526069641113281250e-01,2.634390592575073242e-01
1.829495429992675781e-01,2.608455419540405273e-01
1.146581172943115234e-01,2.748842239379882812e-01
1.676619052886962891e-01,2.625244855880737305e-01
1.366862058639526367e-01,2.569528818130493164e-01
2.170766592025756836e-01,2.721768617630004883e-01
1.821597814559936523e-01,2.677237987518310547e-01
2.254551649093627930e-01,2.790685892105102539e-01
2.213227748870849609e-01,2.614550590515136719e-01
-2.840144038200378418e-01,-1.247195601463317871e-01
-2.514553070068359375e-01,-4.590886831283569336e-02
-2.365976572036743164e-01,-9.917318820953369141e-02
-2.441267371177673340e-01,-7.425361871719360352e-02
-2.363205552101135254e-01,-1.515339612960815430e-01
-2.598800063133239746e-01,-9.470307826995849609e-02
-2.707983255386352539e-01,-1.382887959480285645e-01
-2.572402954101562500e-01,-1.557810902595520020e-01
-2.770242094993591309e-01,-1.672784686088562012e-01
-2.597134113311767578e-01,-2.033578157424926758e-01
-2.515119314193725586e-01,-2.695569396018981934e-01
-1.620174050331115723e-01,-2.695648074150085449e-01
-2.318057417869567871e-01,-2.539204359054565430e-01
-2.142190337181091309e-01,-2.731230258941650391e-01
-1.969373822212219238e-01,-2.550674080848693848e-01
-1.370231509208679199e-01,-2.906007170677185059e-01
-1.882752180099487305e-01,-2.688329815864562988e-01
-2.090616226196289062e-01,-2.649590969085693359e-01
-2.376400232315063477e-01,-2.568472623825073242e-01
-1.259324550628662109e-01,-2.585831880569458008e-01
-2.027628421783447266e-01,-2.688145637512207031e-01
-2.310055494308471680e-01,-2.620326280593872070e-01
-1.789593100547790527e-01,-2.659900784492492676e-01
-1.801954507827758789e-01,-2.547163367271423340e-01
-1.624221801757812500e-01,-2.589725255966186523e-01
-2.270757555961608887e-01,-2.552528381347656250e-01
-2.469743490219116211e-01,-2.460730671882629395e-01
-2.493557929992675781e-01,-2.462840080261230469e-01
-2.673040032386779785e-01,-2.161684036254882812e-01
-2.671263813972473145e-01,-1.232968568801879883e-01
-2.559390664100646973e-01,-2.160752415657043457e-01
-2.617197036743164062e-01,-1.655964851379394531e-01
-2.641828656196594238e-01,-1.158757805824279785e-01
-2.638279795646667480e-01,-1.994756460189819336e-01
-2.346591949462890625e-01,-2.547695636749267578e-01
-2.302361130714416504e-01,-2.579308152198791504e-01
-2.413628697395324707e-01,-2.509814500808715820e-01
-1.821644306182861328e-01,-2.635013461112976074e-01
-2.530102729797363281e-01,-2.550933361053466797e-01
-2.770607471466064453e-01,-2.252621650695800781e-01
-2.735064029693603516e-01,-2.319623827934265137e-01
-2.542803287506103516e-01,-1.074700355529785156e-01
-3.009716868400573730e-01,-1.399433016777038574e-01
-2.577970623970031738e-01,-1.280448436737060547e-01
-2.775831222534179688e-01,-1.996411085128784180e-01
-2.587990760803222656e-01,-2.248574495315551758e-01
-2.208744287490844727e-01,-2.545804977416992188e-01
-2.184635400772094727e-01,-2.658618092536926270e-01
-2.051012516021728516e-01,-2.637723088264465332e-01
-2.500601410865783691e-01,-2.656337022781372070e-01
2.637926340103149414e-01,2.394652366638183594e-01
1.967796087265014648e-01,2.344355583190917969e-01
2.362195253372192383e-01,2.517411708831787109e-01
2.223358154296875000e-01,2.581777572631835938e-01
2.694129943847656250e-02,2.527495622634887695e-01
5.314838886260986328e-02,2.442229986190795898e-01
1.379574537277221680e-01,2.900906801223754883e-01
2.050853967666625977e-01,2.862306833267211914e-01
1.868494749069213867e-01,2.635533809661865234e-01
1.734933853149414062e-01,2.984908819198608398e-01
1.806559562683105469e-01,2.645622491836547852e-01
2.170385122299194336e-01,2.479736804962158203e-01
2.338284254074096680e-01,2.489625215530395508e-01
5.400753021240234375e-02,2.533825635910034180e-01
5.755388736724853516e-02,2.521318197250366211e-01
4.427957534790039062e-02,2.297937870025634766e-01
-2.256196737289428711e-02,2.349989414215087891e-01
1.101469993591308594e-01,2.916786670684814453e-01
1.768761873245239258e-01,2.477552890777587891e-01
1.965321302413940430e-01,3.040403127670288086e-01
1.652724742889404297e-01,2.837492227554321289e-01
2.801662683486938477e-01,2.509894371032714844e-01
2.584830522537231445e-01,7.932746410369873047e-02
2.752243280410766602e-01,7.589793205261230469e-02
2.533522844314575195e-01,8.594453334808349609e-02
2.384544610977172852e-01,1.231684684753417969e-01
2.330297231674194336e-01,2.374324798583984375e-01
2.539753913879394531e-01,2.459943294525146484e-01
2.591044902801513672e-01,1.951609849929809570e-01
2.747921943664550781e-01,2.089630365371704102e-01
2.546061277389526367e-01,2.422989606857299805e-01
2.261527776718139648e-01,2.499406337738037109e-01
2.244752645492553711e-01,2.818057537078857422e-01
2.045156955718994141e-01,2.971800565719604492e-01
1.618522405624389648e-01,2.844226360321044922e-01
9.256899356842041016e-02,2.367609739303588867e-01
7.911109924316406250e-02,2.691323757171630859e-01
1.828027963638305664e-01,2.692278623580932617e-01
2.006783485412597656e-01,2.630157470703125000e-01
1.902230978012084961e-01,2.581598758697509766e-01
2.349089384078979492e-01,2.546045780181884766e-01
9.343218803405761719e-02,2.592614889144897461e-01
1.903698444366455078e-01,2.816654443740844727e-01
2.007039785385131836e-01,2.608698606491088867e-01
2.045681476593017578e-01,2.730280160903930664e-01
1.858017444610595703e-01,2.660623788833618164e-01
2.220203876495361328e-01,2.720324993133544922e-01
1.830040216445922852e-01,2.555780410766601562e-01
1.729264259338378906e-01,2.634897232055664062e-01
7.879328727722167969e-02,2.684962749481201172e-01
-2.450981140136718750e-01,-2.141298055648803711e-01
-2.601977586746215820e-01,-2.120025157928466797e-01
-2.469075322151184082e-01,-2.235762476921081543e-01
-2.540457248687744141e-01,-2.541921734809875488e-01
-2.842031717300415039e-01,-1.670376658439636230e-01
-2.815086245536804199e-01,-1.961606144905090332e-01
-2.787265181541442871e-01,-1.893199086189270020e-01
-2.577547430992126465e-01,-2.424733042716979980e-01
-2.759281992912292480e-01,-2.237084507942199707e-01
-2.637771368026733398e-01,-2.039259672164916992e-01
-2.717832922935485840e-01,-2.005802392959594727e-01
-2.523533105850219727e-01,-2.082087397575378418e-01
-2.781186103820800781e-01,-2.291092276573181152e-01
-2.611061930656433105e-01,-2.421512007713317871e-01
-2.592847347259521484e-01,-2.048696875572204590e-01
-2.585383653640747070e-01,-1.604929566383361816e-01
-2.607429027557373047e-01,-1.464316844940185547e-01
-2.745746970176696777e-01,-2.081696987152099609e-01
-2.785282731056213379e-01,-2.078515887260437012e-01
-2.713018059730529785e-01,-2.128762006759643555e-01
-2.638739943504333496e-01,-2.418903112411499023e-01
-2.325304746627807617e-01,-2.455261349678039551e-01
-2.768660783767700195e-01,-2.408416271209716797e-01
-2.603607177734375000e-01,-2.322263121604919434e-01
-2.637233138084411621e-01,-1.654759049415588379e-01
-2.722955942153930664e-01,-2.509611248970031738e-01
-2.583996653556823730e-01,-1.079233288764953613e-01
-2.517621517181396484e-01,-8.801019191741943359e-02
-2.611844539642333984e-01,-1.067837476730346680e-01
-2.609568834304809570e-01,-8.197951316833496094e-02
-2.398002743721008301e-01,-2.088929414749145508e-01
-2.627348899841308594e-01,-2.525421977043151855e-01
-2.460289001464843750e-01,-5.076521635055541992e-02
-2.658430933952331543e-01,-7.150959968566894531e-02
-2.605984807014465332e-01,-1.611783504486083984e-01
-2.655556797981262207e-01,-1.330124139785766602e-01
-2.572839260101318359e-01,-2.092270255088806152e-01
-2.586373090744018555e-01,-2.173413038253784180e-01
-2.402625679969787598e-01,-2.454054951667785645e-01
-2.211597561836242676e-01,-2.699875235557556152e-01
-2.765085697174072266e-01,-2.354192733764648438e-01
-2.823136448860168457e-01,-1.921502351760864258e-01
-2.618720531463623047e-01,-2.187923192977905273e-01
-2.452660202980041504e-01,-2.387679815292358398e-01
-2.450458407402038574e-01,-5.337160825729370117e-02
-2.295717000961303711e-01,3.480315208435058594e-02
-2.227856516838073730e-01,1.868152618408203125e-02
-2.896044850349426270e-01,-2.266632914543151855e-01
-2.860895395278930664e-01,-1.961467862129211426e-01
-2.706670165061950684e-01,-1.959041953086853027e-01
-2.747189402580261230e-01,-1.959044933319091797e-01
-2.927226424217224121e-01,-1.739344000816345215e-01
-2.356795668601989746e-01,-1.880693435668945312e-01
-2.749665975570678711e-01,-2.277389168739318848e-01
-2.655364274978637695e-01,-2.122221589088439941e-01
-2.582471966743469238e-01,-2.156441211700439453e-01
-2.594389319419860840e-01,-2.251129746437072754e-01
-2.608568668365478516e-01,-2.248335480690002441e-01
-2.731638550758361816e-01,-1.990213394165039062e-01
-2.560208439826965332e-01,-2.161796092987060547e-01
-2.699974179267883301e-01,-2.331594228744506836e-01
-2.657915353775024414e-01,-2.301664352416992188e-01
-2.454886436462402344e-01,-2.056686282157897949e-01
-2.440909743309020996e-01,-2.460805177688598633e-01
-2.538601756095886230e-01,-2.490757107734680176e-01
-2.574635148048400879e-01,-1.972181200981140137e-01
-2.685306072235107422e-01,-1.913105249404907227e-01
-2.684216499328613281e-01,-2.301297187805175781e-01
-2.495815753936767578e-01,-1.054817438125610352e-01
-2.443056106567382812e-01,-2.496570348739624023e-02
-2.534751892089843750e-01,-9.919673204421997070e-02
-2.633690237998962402e-01,-2.347730994224548340e-01
-2.427483797073364258e-01,-2.433785796165466309e-01
-1.360743045806884766e-01,-2.780186533927917480e-01
-2.180125117301940918e-01,-2.725544571876525879e-01
-1.869805455207824707e-01,-2.681024074554443359e-01
-7.183766365051269531e-02,-2.539502978324890137e-01
-2.446948289871215820e-01,-2.495809793472290039e-01
-2.622810602188110352e-01,-2.442520260810852051e-01
-2.317886948585510254e-01,-2.520704269409179688e-01
-2.207404971122741699e-01,-2.510359287261962891e-01
-2.487709522247314453e-01,-2.578466534614562988e-01
-2.472928166389465332e-01,-2.288152575492858887e-01
-2.571459412574768066e-01,-2.379914522171020508e-01
-2.591646313667297363e-01,-2.267735004425048828e-01
-2.653645277023315430e-01,-1.586790084838867188e-01
-2.641897797584533691e-01,-2.128246426582336426e-01
-2.581324577331542969e-01,-2.183198928833007812e-01
-2.686557769775390625e-01,-2.173267006874084473e-01
-2.644540071487426758e-01,-1.592744588851928711e-01
-2.611364126205444336e-01,-2.576279640197753906e-01
-2.551393508911132812e-01,-2.145233154296875000e-01
-2.555619478225708008e-01,-2.602010965347290039e-01
-2.516018152236938477e-01,-2.572329044342041016e-01
-2.454413175582885742e-01,-2.479142546653747559e-01
-1.721116900444030762e-01,-2.581375837326049805e-01
-1.739927530288696289e-01,-2.742441296577453613e-01
-1.972898244857788086e-01,-2.848222851753234863e-01
-1.805216670036315918e-01,-2.700418233871459961e-01
-1.125136613845825195e-01,-2.414709329605102539e-01
-2.747215628623962402e-01,-1.683936119079589844e-01
-2.616449594497680664e-01,-1.888192892074584961e-01
-2.626829743385314941e-01,-1.875491142272949219e-01
-2.550920844078063965e-01,-2.575791478157043457e-01
-2.462412118911743164e-01,-2.164137363433837891e-01
-2.312150001525878906e-01,-2.381139397621154785e-01
-2.377538084983825684e-01,-2.522105574607849121e-01
-2.227157950401306152e-01,-2.524910569190979004e-01
-2.291626930236816406e-01,-2.556775212287902832e-01
-2.504308819770812988e-01,-2.496093511581420898e-01
-2.670119404792785645e-01,-2.448195219039916992e-01
-2.333939671516418457e-01,-2.509820461273193359e-01
-2.322469353675842285e-01,-2.644395232200622559e-01
-2.240870594978332520e-01,-2.608373761177062988e-01
-2.278774380683898926e-01,-2.542805075645446777e-01
-2.360076904296875000e-01,-2.591364979743957520e-01
-1.641491055488586426e-01,-2.609443068504333496e-01
-1.635349988937377930e-01,-2.796196937561035156e-01
-1.551619768142700195e-01,-2.644529342651367188e-01
-1.688123941421508789e-01,-2.550213932991027832e-01
-2.292482256889343262e-01,-2.686634659767150879e-01
-2.555217146873474121e-01,-2.512606382369995117e-01
-2.218739390373229980e-01,-2.585437297821044922e-01
-2.153220176696777344e-01,-2.585564255714416504e-01
-1.832880377769470215e-01,-2.790263295173645020e-01
-1.775314807891845703e-01,-2.512555122375488281e-01
-1.892758607864379883e-01,-2.842065691947937012e-01
-1.271876692771911621e-01,-2.896541357040405273e-01
-9.097069501876831055e-02,-2.741661667823791504e-01
-1.620021462440490723e-01,-2.375360727310180664e-01
-2.088496685028076172e-01,-2.911003828048706055e-01
-1.931925415992736816e-01,-2.994880080223083496e-01
-2.309852838516235352e-02,-3.021352291107177734e-01
-1.302727460861206055e-01,-2.582599520683288574e-01
-1.054209470748901367e-01,-2.886801362037658691e-01
4.585707187652587891e-02,-3.062969446182250977e-01
-1.857230067253112793e-01,-2.484042644500732422e-01
-1.454938650131225586e-01,-2.639392018318176270e-01
-4.172796010971069336e-02,-2.498381733894348145e-01
-4.007029533386230469e-02,-2.741507887840270996e-01
-5.155670642852783203e-02,-2.703373432159423828e-01
-8.178174495697021484e-02,-2.502191662788391113e-01
-1.233552098274230957e-01,-2.807266116142272949e-01
-2.641561031341552734e-01,-2.735007405281066895e-01
-2.238798737525939941e-01,-3.998690843582153320e-02
-2.294126152992248535e-01,-1.584273576736450195e-02
-2.481847405433654785e-01,-1.032008528709411621e-01
-2.606751918792724609e-01,-8.663314580917358398e-02
-2.626500725746154785e-01,-1.416556239128112793e-01
-2.586916089057922363e-01,-2.094892263412475586e-01
-7.601994276046752930e-02,1.802287101745605469e-01
-1.339446902275085449e-01,1.813077926635742188e-01
-4.539269208908081055e-02,2.085866928100585938e-01
8.689641952514648438e-03,2.321679592132568359e-01
8.390474319458007812e-02,2.267103195190429688e-01
1.790299415588378906e-01,2.864329814910888672e-01
2.280992269515991211e-01,2.647261619567871094e-01
2.169663906097412109e-01,2.588430643081665039e-01
1.872118711471557617e-01,2.587397098541259766e-01
2.052474021911621094e-01,2.842708826065063477e-01
2.308275699615478516e-01,2.825978994369506836e-01
2.042813301086425781e-01,2.556655406951904297e-01
2.262842655181884766e-01,2.495243549346923828e-01
2.463666200637817383e-01,2.508690357208251953e-01
2.400145530700683594e-01,2.424407005310058594e-01
2.751479148864746094e-01,2.103846073150634766e-01
2.686884403228759766e-01,2.093969583511352539e-01
2.597814798355102539e-01,2.126637697219848633e-01
2.349646091461181641e-01,2.418910264968872070e-01
2.255163192749023438e-01,2.534976005554199219e-01
2.316306829452514648e-01,2.414684295654296875e-01
2.481342554092407227e-01,2.541965246200561523e-01
2.481231689453125000e-01,2.465534210205078125e-01
2.573008537292480469e-01,1.823797225952148438e-01
2.739098072052001953e-01,1.874829530715942383e-01
2.592774629592895508e-01,2.384489774703979492e-01
2.617092132568359375e-01,1.804368495941162109e-01
2.693548202514648438e-01,1.429629325866699219e-01
2.650052309036254883e-01,1.306638717651367188e-01
2.770521640777587891e-01,1.833394765853881836e-01
2.653775215148925781e-01,1.995899677276611328e-01
2.717521190643310547e-01,2.182615995407104492e-01
2.572869062423706055e-01,2.166215181350708008e-01
2.787470817565917969e-01,1.764702796936035156e-01
2.625478506088256836e-01,2.104638814926147461e-01
2.791587114334106445e-01,1.937485933303833008e-01
2.704737186431884766e-01,2.137402296066284180e-01
2.307683229446411133e-01,2.387626171112060547e-01
2.408195734024047852e-01,2.359850406646728516e-01
2.735120058059692383e-01,1.089913845062255859e-01
2.849522829055786133e-01,2.066141366958618164e-01
2.546883821487426758e-01,1.790598630905151367e-01
2.659691572189331055e-01,1.350860595703125000e-01
2.520010471343994141e-01,2.573251724243164062e-01
2.254192829132080078e-01,2.693492174148559570e-01
2.464824914932250977e-01,2.543739080429077148e-01
2.161060571670532227e-01,2.523750066757202148e-01
2.571432590484619141e-01,2.188901901245117188e-01
2.615439891815185547e-01,2.308248281478881836e-01
2.577944993972778320e-01,1.951520442962646484e-01
-2.895631790161132812e-01,-1.502394676208496094e-01
-2.488723397254943848e-01,-1.426225900650024414e-01
-2.810788154602050781e-01,-1.744901537895202637e-01
-2.642585039138793945e-01,-2.224531173706054688e-01
-2.617099285125732422e-01,-2.341964244842529297e-01
-2.644165754318237305e-01,-2.389381527900695801e-01
-2.724090814590454102e-01,-2.132948637008666992e-01
-2.899250388145446777e-01,-2.353759407997131348e-01
-2.427158355712890625e-01,-2.379260063171386719e-01
-2.476468682289123535e-01,-2.472019195556640625e-01
-2.093747258186340332e-01,-2.655320763587951660e-01
-2.781160473823547363e-01,-2.268435955047607422e-01
-2.810817956924438477e-01,-1.793296337127685547e-01
-2.662762403488159180e-01,-2.256510853767395020e-01
-2.752760052680969238e-01,-2.292790412902832031e-01
-2.341932654380798340e-01,-2.378616929054260254e-01
-2.591394782066345215e-01,-2.440106868743896484e-01
-2.386781573295593262e-01,-2.610430717468261719e-01
-2.610104084014892578e-01,-2.463134527206420898e-01
-2.604510784149169922e-01,-2.351490855216979980e-01
-2.646887898445129395e-01,-2.389379143714904785e-01
-2.493917346000671387e-01,-2.441170215606689453e-01
-2.610327601432800293e-01,-2.465457916259765625e-01
-2.641690969467163086e-01,-2.067184448242187500e-01
-2.341269254684448242e-01,-2.504887580871582031e-01
-2.499194145202636719e-01,-2.418159246444702148e-01
-1.428753137588500977e-01,-2.469855546951293945e-01
-1.217607259750366211e-01,-2.614996433258056641e-01
-2.156686782836914062e-01,-2.634893059730529785e-01
-1.993159651756286621e-01,-2.624855041503906250e-01
-2.517552375793457031e-01,-2.596548795700073242e-01
-2.546535730361938477e-01,-2.648521065711975098e-01
-2.323276996612548828e-01,-2.565593123435974121e-01
-2.436476945877075195e-01,-2.488976120948791504e-01
-2.521573305130004883e-01,-2.448366284370422363e-01
-2.434409856796264648e-01,-7.977694272994995117e-02
-2.627551555633544922e-01,-8.077204227447509766e-02
-2.646472454071044922e-01,-1.742534637451171875e-01
-2.659289836883544922e-01,-1.992458105087280273e-01
-2.362563014030456543e-01,-2.147405147552490234e-01
-2.797602415084838867e-01,-1.900846958160400391e-01
-2.750211954116821289e-01,-1.618384122848510742e-01
-2.734016776084899902e-01,-1.668266654014587402e-01
-2.628752589225769043e-01,-2.001910209655761719e-01
-2.653411626815795898e-01,-1.829999685287475586e-01
-2.593125700950622559e-01,-1.964408159255981445e-01
-2.741138339042663574e-01,-2.268314361572265625e-01
-2.517357468605041504e-01,-2.113506793975830078e-01
-2.631034851074218750e-01,-8.864474296569824219e-02
-2.602207660675048828e-01,-1.009249091148376465e-01
1.789399385452270508e-01,2.661881446838378906e-01
5.934703350067138672e-02,2.552031278610229492e-01
8.582484722137451172e-02,2.869346141815185547e-01
1.996335983276367188e-01,2.629654407501220703e-01
2.243115901947021484e-01,2.593163251876831055e-01
1.368179321289062500e-01,2.833039760589599609e-01
2.000399827957153320e-01,2.984429597854614258e-01
2.324867248535156250e-01,2.525073289871215820e-01
2.063444852828979492e-01,2.597287893295288086e-01
2.191909551620483398e-01,2.732367515563964844e-01
2.142761945724487305e-01,2.504222393035888672e-01
2.301964759826660156e-01,2.525447607040405273e-01
2.471266984939575195e-01,2.354203462600708008e-01
2.435082197189331055e-01,2.536885738372802734e-01
2.435731887817382812e-01,2.356028556823730469e-01
2.122998237609863281e-01,2.638278007507324219e-01
2.109669446945190430e-01,2.640051841735839844e-01
1.887247562408447266e-01,2.999441623687744141e-01
2.466951608657836914e-01,2.635979652404785156e-01
1.574841737747192383e-01,2.589377164840698242e-01
6.336998939514160156e-02,2.697479724884033203e-01
1.589479446411132812e-01,2.742646932601928711e-01
2.466776371002197266e-01,2.666559219360351562e-01
2.284498214721679688e-01,2.505674362182617188e-01
2.591198682785034180e-01,2.028543949127197266e-01
2.704102993011474609e-01,1.873486042022705078e-01
2.775403261184692383e-01,2.134430408477783203e-01
2.571810483932495117e-01,1.688007116317749023e-01
2.887617349624633789e-01,1.817790269851684570e-01
2.531415224075317383e-01,2.131789922714233398e-01
2.615739107131958008e-01,2.154635190963745117e-01
2.555681467056274414e-01,2.248516082763671875e-01
2.811394929885864258e-01,2.306702136993408203e-01
2.215851545333862305e-01,2.539422512054443359e-01
2.323930263519287109e-01,2.381340265274047852e-01
2.287950515747070312e-01,2.484803199768066406e-01
2.221742868423461914e-01,2.482534646987915039e-01
2.172393798828125000e-01,2.662018537521362305e-01
1.817814111709594727e-01,2.658560276031494141e-01
1.991872787475585938e-01,2.739427089691162109e-01
2.303885221481323242e-01,2.674832344055175781e-01
1.954190731048583984e-01,2.729194164276123047e-01
1.808383464813232422e-01,2.650295495986938477e-01
2.468749284744262695e-01,2.677412033081054688e-01
2.096866369247436523e-01,2.656381130218505859e-01
2.067148685455322266e-01,2.695834636688232422e-01
2.009220123291015625e-01,2.882829904556274414e-01
2.008283138275146484e-01,2.703551054000854492e-01
1.283949613571166992e-01,2.965213060379028320e-01
1.437836885452270508e-01,2.402411699295043945e-01
