-2.572848498821258545e-01,-1.627874821424484253e-01
2.779942750930786133e-01,1.713192611932754517e-01
-2.481020539999008179e-01,-2.708671987056732178e-01
-1.885198801755905151e-01,-2.537543475627899170e-01
2.380333095788955688e-01,2.402078211307525635e-01
1.382178217172622681e-01,2.767812311649322510e-01
-1.520959883928298950e-01,-2.958005964756011963e-01
2.646730840206146240e-01,1.794731616973876953e-01
2.670677006244659424e-01,2.428734600543975830e-01
3.086991012096405029e-01,1.417952030897140503e-01
-2.351247072219848633e-01,-2.641896605491638184e-01
-2.609090209007263184e-01,-1.717306077480316162e-01
-2.787514626979827881e-01,-2.028205096721649170e-01
-2.770553827285766602e-01,-2.072992026805877686e-01
-2.439410835504531860e-01,-2.573761940002441406e-01
8.235912024974822998e-02,2.382506579160690308e-01
-2.926024198532104492e-01,-1.687318384647369385e-01
-2.719073891639709473e-01,-1.995880156755447388e-01
-2.547521293163299561e-01,-1.988872587680816650e-01
1.367209851741790771e-01,2.649076581001281738e-01
-2.555193603038787842e-01,-1.571661531925201416e-01
-2.827173471450805664e-01,-1.761156171560287476e-01
1.101539433002471924e-01,2.202623486518859863e-01
1.412214934825897217e-01,2.679890990257263184e-01
-1.735591590404510498e-01,-2.708411812782287598e-01
-2.846943736076354980e-01,-1.702601015567779541e-01
1.288414746522903442e-01,2.740791738033294678e-01
-1.679220348596572876e-01,-2.620722353458404541e-01
2.695740461349487305e-01,1.394410729408264160e-01
-1.345963478088378906e-01,-2.690961658954620361e-01
2.779797613620758057e-01,1.888724416494369507e-01
-1.487944126129150391e-01,-3.029569387435913086e-01
-2.603746950626373291e-01,-1.598701328039169312e-01
-1.274375766515731812e-01,-2.789891660213470459e-01
-5.723866447806358337e-02,-1.097309067845344543e-01
-2.725163400173187256e-01,-1.129882931709289551e-01
1.331808716058731079e-01,2.706844210624694824e-01
1.219242513179779053e-01,1.804309189319610596e-01
2.807177007198333740e-01,1.405884474515914917e-01
-2.878232002258300781e-01,-1.709124445915222168e-01
1.259471327066421509e-01,2.582241296768188477e-01
2.343917042016983032e-01,2.530720531940460205e-01
1.831093281507492065e-01,2.686238884925842285e-01
1.761352270841598511e-01,2.700040042400360107e-01
8.234491944313049316e-02,1.847455948591232300e-01
-1.938813775777816772e-01,-2.755473852157592773e-01
2.150005698204040527e-01,2.519444525241851807e-01
2.738707959651947021e-01,1.234543099999427795e-01
-1.342727243900299072e-01,-2.676866650581359863e-01
-2.517601847648620605e-01,-2.351369410753250122e-01
2.662151157855987549e-01,1.264228969812393188e-01
2.268680334091186523e-01,2.731713354587554932e-01
1.808716952800750732e-01,2.718564569950103760e-01
-1.304475665092468262e-01,-2.103461474180221558e-01
-2.742960155010223389e-01,-1.599711179733276367e-01
2.726929187774658203e-01,2.237113416194915771e-01
2.801608741283416748e-01,2.113335877656936646e-01
-2.753077745437622070e-01,-1.401658058166503906e-01
1.555044054985046387e-01,3.421498835086822510e-01
1.536041051149368286e-01,2.627389132976531982e-01
1.468029767274856567e-01,2.693165838718414307e-01
-2.753041684627532959e-01,-1.134834811091423035e-01
2.314319014549255371e-01,3.340761363506317139e-01
-2.302196770906448364e-01,-3.455693274736404419e-02
2.773512601852416992e-01,2.145276367664337158e-01
-2.498306185007095337e-01,-1.329256445169448853e-01
-2.665798068046569824e-01,-1.035925671458244324e-01
-2.589552402496337891e-01,-3.750824630260467529e-01
-2.535870075225830078e-01,-2.185731530189514160e-01
2.122142463922500610e-01,2.384650111198425293e-01
2.178471833467483521e-01,2.606758475303649902e-01
-2.418401837348937988e-01,-8.719366788864135742e-02
-2.700223624706268311e-01,-1.549422293901443481e-01
-1.591378748416900635e-01,-2.845775485038757324e-01
-2.652563452720642090e-01,-2.211024314165115356e-01
-2.850774824619293213e-01,-1.487454473972320557e-01
-1.354076862335205078e-01,-2.812513113021850586e-01
-2.725313603878021240e-01,-1.824987679719924927e-01
2.897112965583801270e-01,7.006520032882690430e-02
1.635867357254028320e-01,2.598799467086791992e-01
2.667236924171447754e-01,2.176771014928817749e-01
1.082178354263305664e-01,2.710681557655334473e-01
2.075023055076599121e-01,2.540117800235748291e-01
2.471851259469985962e-01,2.653627693653106689e-01
2.880091369152069092e-01,2.279705554246902466e-01
-2.542292475700378418e-01,-1.376844644546508789e-01
2.688666880130767822e-01,1.450881659984588623e-01
-2.861629128456115723e-01,-1.937657594680786133e-01
2.426083087921142578e-01,2.156331688165664673e-01
-1.493117213249206543e-01,-2.715725004673004150e-01
-2.776685059070587158e-01,-1.499699205160140991e-01
1.570199280977249146e-01,2.870129644870758057e-01
-1.866352707147598267e-01,-2.624881863594055176e-01
2.710064351558685303e-01,1.354394704103469849e-01
1.707042902708053589e-01,2.702806293964385986e-01
1.253991872072219849e-01,2.385312914848327637e-01
-2.518252134323120117e-01,-2.240393906831741333e-01
2.743903994560241699e-01,2.154718488454818726e-01
-1.526804119348526001e-01,-2.799865603446960449e-01
1.000818312168121338e-01,2.517022490501403809e-01
1.243634223937988281e-01,2.148106545209884644e-01
-1.639100909233093262e-01,-2.640399038791656494e-01
2.810287773609161377e-01,1.236169338226318359e-01
1.073481217026710510e-01,2.097588330507278442e-01
-2.449524849653244019e-01,-2.414489239454269409e-01
-1.168572902679443359e-01,-1.863008886575698853e-01
1.766397356986999512e-01,2.412416338920593262e-01
1.904743313789367676e-01,2.551725804805755615e-01
-2.009721994400024414e-01,-2.603795826435089111e-01
-2.628521025180816650e-01,-2.122735679149627686e-01
-1.694817841053009033e-01,-2.809547781944274902e-01
-2.712485194206237793e-01,-2.043931484222412109e-01
-2.683439552783966064e-01,-1.427119970321655273e-01
-1.483310014009475708e-01,-2.699402570724487305e-01
-1.312807947397232056e-01,-2.875474691390991211e-01
1.283480674028396606e-01,2.741237580776214600e-01
1.787961423397064209e-01,2.550680041313171387e-01
-1.438232809305191040e-01,-2.854522466659545898e-01
2.686741054058074951e-01,2.217559367418289185e-01
1.750697642564773560e-01,2.855144739151000977e-01
-1.048818975687026978e-01,-2.511560916900634766e-01
2.307690680027008057e-01,2.614376246929168701e-01
1.874362379312515259e-01,2.716962099075317383e-01
-2.449872344732284546e-01,-9.597346186637878418e-02
1.228823065757751465e-01,2.755774855613708496e-01
-1.635975986719131470e-01,-2.717312276363372803e-01
-1.290372610092163086e-01,-2.770753800868988037e-01
-2.636390328407287598e-01,-1.977119892835617065e-01
-2.629788219928741455e-01,-1.769887506961822510e-01
2.539712190628051758e-01,2.309405356645584106e-01
-2.630861103534698486e-01,-1.472841948270797729e-01
2.677737474441528320e-01,1.204072386026382446e-01
2.788368761539459229e-01,1.716711223125457764e-01
-1.770462095737457275e-01,-2.612272799015045166e-01
-2.585901021957397461e-01,-1.306995749473571777e-01
-2.745318710803985596e-01,-1.772976070642471313e-01
-2.571215629577636719e-01,-2.309932112693786621e-01
2.688485980033874512e-01,1.938528418540954590e-01
-2.784271836280822754e-01,-1.958851218223571777e-01
-2.709012627601623535e-01,-1.365267634391784668e-01
2.390697598457336426e-01,2.406475394964218140e-01
2.861080765724182129e-01,1.820962876081466675e-01
-1.437720954418182373e-01,-2.754686772823333740e-01
-2.825967371463775635e-01,-1.838741451501846313e-01
1.610055565834045410e-01,2.415219694375991821e-01
-2.280003428459167480e-01,-4.745590314269065857e-02
1.822788417339324951e-01,2.909520566463470459e-01
2.767390906810760498e-01,1.757213473320007324e-01
2.713584601879119873e-01,1.287604868412017822e-01
7.154033333063125610e-02,1.374461501836776733e-01
-2.707079946994781494e-01,-2.100409716367721558e-01
1.793701350688934326e-01,2.812306582927703857e-01
1.317016333341598511e-01,2.641570270061492920e-01
-2.730012834072113037e-01,-1.367886215448379517e-01
-2.568429112434387207e-01,-2.648227512836456299e-01
1.492154598236083984e-01,2.626851201057434082e-01
1.186866909265518188e-01,2.612846493721008301e-01
2.861262559890747070e-01,1.164582297205924988e-01
2.472564280033111572e-01,2.526603639125823975e-01
2.394474893808364868e-01,1.494432836771011353e-01
1.840750426054000854e-01,2.761800885200500488e-01
2.916463911533355713e-01,1.712062954902648926e-01
-2.614362835884094238e-01,-1.716670542955398560e-01
2.189078032970428467e-01,2.857520580291748047e-01
-2.708325982093811035e-01,-1.441533118486404419e-01
-2.568414211273193359e-01,-2.380105555057525635e-01
2.438361942768096924e-01,2.166364341974258423e-01
-2.674716114997863770e-01,-2.167445421218872070e-01
2.028933465480804443e-01,2.507611215114593506e-01
-2.708644568920135498e-01,-1.910035461187362671e-01
-2.761043012142181396e-01,-2.152704596519470215e-01
9.273196011781692505e-02,2.068709880113601685e-01
-2.407577633857727051e-01,-2.554405629634857178e-01
-1.900398582220077515e-01,-2.669009566307067871e-01
2.301398068666458130e-01,2.514045238494873047e-01
-2.163823246955871582e-01,-2.630018591880798340e-01
2.389684766530990601e-01,4.075140655040740967e-01
2.677712738513946533e-01,2.261584550142288208e-01
-1.647314280271530151e-01,-2.844606637954711914e-01
-2.053115367889404297e-01,-2.929425537586212158e-01
2.671623229980468750e-01,2.103668749332427979e-01
2.933589220046997070e-01,1.952982842922210693e-01
-2.695859670639038086e-01,-1.281740218400955200e-01
-2.818080782890319824e-01,-1.542606353759765625e-01
-1.076367199420928955e-01,-2.621010541915893555e-01
2.517156004905700684e-01,2.387427985668182373e-01
-2.660968899726867676e-01,-2.512712776660919189e-01
-2.736794352531433105e-01,-1.490136981010437012e-01
2.612013518810272217e-01,1.463420242071151733e-01
-2.411212921142578125e-01,-2.429871708154678345e-01
-2.713879644870758057e-01,-1.445693671703338623e-01
3.178272545337677002e-01,1.880584210157394409e-01
1.853265017271041870e-01,2.853212356567382812e-01
2.203974425792694092e-01,2.582506835460662842e-01
2.527362704277038574e-01,2.424767166376113892e-01
3.275407254695892334e-01,1.142837107181549072e-01
1.485504359006881714e-01,2.789474427700042725e-01
-2.758823037147521973e-01,-1.338565945625305176e-01
-2.877579033374786377e-01,-1.616905927658081055e-01
-2.810178995132446289e-01,-1.914415061473846436e-01
-2.560931742191314697e-01,-1.180873960256576538e-01
1.026929616928100586e-01,1.874141842126846313e-01
5.818097665905952454e-02,1.513939648866653442e-01
-1.707800328731536865e-01,-2.697056233882904053e-01
-1.275121867656707764e-01,-2.748295068740844727e-01
-2.319211363792419434e-01,-2.590855062007904053e-01
2.572130262851715088e-01,9.308129549026489258e-02
2.647392451763153076e-01,1.131732538342475891e-01
2.432097941637039185e-01,1.491774618625640869e-01
-9.235646575689315796e-02,-2.575078606605529785e-01
2.574718892574310303e-01,9.816326946020126343e-02
-2.356938868761062622e-01,-2.565618455410003662e-01
2.391539365053176880e-01,7.439940422773361206e-02
3.642571866512298584e-01,1.056098863482475281e-01
1.296051293611526489e-01,2.604927420616149902e-01
-2.115671932697296143e-01,-2.689886689186096191e-01
-2.716309726238250732e-01,-2.269235253334045410e-01
-1.211032494902610779e-01,-2.749508619308471680e-01
2.712141573429107666e-01,1.984785944223403931e-01
-2.551203072071075439e-01,-2.096277475357055664e-01
2.479342818260192871e-01,2.459020614624023438e-01
2.918319702148437500e-01,1.852358877658843994e-01
-1.260776519775390625e-01,-2.781680524349212646e-01
2.201325595378875732e-01,2.585049271583557129e-01
-2.472027391195297241e-01,-2.297893464565277100e-01
-2.284946292638778687e-01,-2.525152266025543213e-01
-2.761772572994232178e-01,-1.600953638553619385e-01
2.570672929286956787e-01,2.126965075731277466e-01
-2.655421495437622070e-01,-2.046073824167251587e-01
2.541203796863555908e-01,2.381507158279418945e-01
5.427047610282897949e-02,5.272360146045684814e-02
2.777935564517974854e-01,1.901884824037551880e-01
2.359891533851623535e-01,2.526179850101470947e-01
1.383282393217086792e-01,2.661842405796051025e-01
-2.791095972061157227e-01,-1.333625167608261108e-01
2.562946677207946777e-01,2.024668604135513306e-01
2.472470104694366455e-01,1.627078801393508911e-01
-1.089194342494010925e-01,-2.399965375661849976e-01
2.809301912784576416e-01,1.650851368904113770e-01
-1.379271745681762695e-01,-2.517693042755126953e-01
-2.177331894636154175e-01,-2.619177401065826416e-01
-1.732181757688522339e-01,-2.852459251880645752e-01
1.609871238470077515e-01,2.560391724109649658e-01
1.720930188894271851e-01,2.481190562248229980e-01
1.611049324274063110e-01,2.720181941986083984e-01
-2.640084326267242432e-01,-2.051679939031600952e-01
-2.489502280950546265e-01,-1.267100274562835693e-01
2.108252495527267456e-01,2.598439157009124756e-01
5.803615972399711609e-02,1.279356777667999268e-01
1.540450304746627808e-01,2.688286304473876953e-01
1.283978819847106934e-01,2.769561111927032471e-01
-2.561642229557037354e-01,-2.600517868995666504e-01
-2.712029516696929932e-01,-1.787379533052444458e-01
2.594433128833770752e-01,2.441726475954055786e-01
-2.801022827625274658e-01,-1.413140892982482910e-01
-1.603966504335403442e-01,-2.570500373840332031e-01
8.671959489583969116e-02,2.348912805318832397e-01
1.410986334085464478e-01,2.682081460952758789e-01
2.549379765987396240e-01,2.466478198766708374e-01
-2.712309658527374268e-01,-1.837899535894393921e-01
-2.785637080669403076e-01,-1.605208665132522583e-01
-1.281389445066452026e-01,-2.790512442588806152e-01
-2.698069810867309570e-01,-1.847136318683624268e-01
2.018504589796066284e-01,2.805170714855194092e-01
2.354185581207275391e-01,2.500988841056823730e-01
1.597355604171752930e-01,2.828775942325592041e-01
2.482536286115646362e-01,2.643315494060516357e-01
2.886850237846374512e-01,1.535457074642181396e-01
-2.445896267890930176e-01,-2.649527788162231445e-01
1.415408998727798462e-01,2.185345441102981567e-01
-2.745376527309417725e-01,-1.265021711587905884e-01
-2.407547384500503540e-01,-2.394042611122131348e-01
-1.684943288564682007e-01,-2.591089308261871338e-01
-2.421140223741531372e-01,-2.681640088558197021e-01
2.724864482879638672e-01,1.839681267738342285e-01
2.235974222421646118e-01,2.175070047378540039e-01
2.975989282131195068e-01,9.703507274389266968e-02
-2.314088493585586548e-01,-2.590310573577880859e-01
-2.650008499622344971e-01,-1.238993629813194275e-01
-2.662824690341949463e-01,-2.340322583913803101e-01
-2.603345811367034912e-01,-1.548591256141662598e-01
-2.402308881282806396e-01,-2.685873508453369141e-01
-2.741518616676330566e-01,-1.446400731801986694e-01
1.858660727739334106e-01,2.841027975082397461e-01
-2.300432473421096802e-01,-2.805988788604736328e-01
1.443606168031692505e-01,2.888079881668090820e-01
1.381092965602874756e-01,2.905908524990081787e-01
1.597949564456939697e-01,2.700001597404479980e-01
2.165398895740509033e-01,2.718435823917388916e-01
-1.030383482575416565e-01,-2.687889337539672852e-01
-2.633393704891204834e-01,-1.874768882989883423e-01
4.663194715976715088e-02,-2.801242768764495850e-01
-2.812521755695343018e-01,-1.575159877538681030e-01
-2.522884905338287354e-01,-2.042724490165710449e-01
-1.564425379037857056e-01,-2.764896154403686523e-01
-2.703794240951538086e-01,-1.969602108001708984e-01
1.186322569847106934e-01,2.743383646011352539e-01
2.598448991775512695e-01,9.568429738283157349e-02
2.554619014263153076e-01,2.309111803770065308e-01
2.557302117347717285e-01,1.365741044282913208e-01
2.060626447200775146e-01,2.640588879585266113e-01
1.670806407928466797e-01,2.661046683788299561e-01
2.727727293968200684e-01,2.251903265714645386e-01
-2.630866765975952148e-01,-2.302379608154296875e-01
-2.467928230762481689e-01,-2.030026614665985107e-01
1.582927256822586060e-01,2.610093355178833008e-01
-2.430545091629028320e-01,-2.724775075912475586e-01
2.710008323192596436e-01,1.500265598297119141e-01
-2.480598092079162598e-01,-2.085973173379898071e-01
-1.287073940038681030e-01,-2.775822579860687256e-01
-2.197960317134857178e-01,-2.560430467128753662e-01
2.719168365001678467e-01,1.505857706069946289e-01
9.645056724548339844e-02,2.317475229501724243e-01
9.883382916450500488e-01,1.901760883629322052e-02
-2.647368609905242920e-01,-1.782707870006561279e-01
-1.579605340957641602e-01,-2.678599357604980469e-01
-6.288837641477584839e-02,-1.572760790586471558e-01
-1.724745482206344604e-01,-2.749104201793670654e-01
-2.394886612892150879e-01,-2.585706114768981934e-01
1.552322059869766235e-01,2.595215439796447754e-01
-2.728632688522338867e-01,-2.145579457283020020e-01
-2.644011080265045166e-01,-1.382142156362533569e-01
-1.555424928665161133e-01,-2.726874351501464844e-01
-2.405840605497360229e-01,-2.640984952449798584e-01
-2.763044536113739014e-01,-2.082762122154235840e-01
-2.642361521720886230e-01,-1.406902521848678589e-01
-2.666549980640411377e-01,-1.994922608137130737e-01
-2.742502093315124512e-01,-2.043971121311187744e-01
7.607426047325134277e-01,9.575746022164821625e-03
1.730619231238961220e-03,-2.806653976440429688e-01
-2.708054780960083008e-01,-1.635777503252029419e-01
2.587158977985382080e-01,2.612565457820892334e-01
2.406939864158630371e-01,2.482721060514450073e-01
1.534948647022247314e-01,2.736219465732574463e-01
2.885999679565429688e-01,1.626520305871963501e-01
2.271078974008560181e-01,2.561783194541931152e-01
-2.679704427719116211e-01,-1.207854002714157104e-01
-2.490226328372955322e-01,-2.396139949560165405e-01
2.569880783557891846e-01,9.903618693351745605e-02
2.578605711460113525e-01,2.285374850034713745e-01
1.380606889724731445e-01,2.924943268299102783e-01
-1.317663341760635376e-01,-2.584840655326843262e-01
-2.577070891857147217e-01,-2.269290387630462646e-01
-1.914089769124984741e-01,-2.766851484775543213e-01
-9.514717757701873779e-02,-2.572487890720367432e-01
2.548227906227111816e-01,1.922092735767364502e-01
-2.765682041645050049e-01,-1.821221113204956055e-01
-2.725627124309539795e-01,-1.683335453271865845e-01
2.522902488708496094e-01,9.783781319856643677e-02
-2.440252751111984253e-01,-7.561480253934860229e-02
2.681385576725006104e-01,2.343310266733169556e-01
1.531668603420257568e-01,2.786885499954223633e-01
-1.248129978775978088e-01,-2.756865918636322021e-01
5.220226570963859558e-02,-2.852765321731567383e-01
-2.260902076959609985e-01,-2.700895965099334717e-01
1.256930828094482422e-01,2.697775661945343018e-01
2.546793818473815918e-01,8.981713652610778809e-02
2.791752815246582031e-01,1.915919929742813110e-01
2.815395891666412354e-01,1.595562100410461426e-01
1.556877195835113525e-01,3.040174543857574463e-01
2.767595946788787842e-01,1.145549044013023376e-01
2.561142146587371826e-01,2.353293895721435547e-01
1.447839885950088501e-01,2.815771996974945068e-01
-2.460675984621047974e-01,-1.327169686555862427e-01
-2.813487350940704346e-01,-1.410119086503982544e-01
-1.371624469757080078e-01,-2.671420872211456299e-01
-2.226627320051193237e-01,-3.860865533351898193e-02
2.651375532150268555e-01,1.148521453142166138e-01
4.940849244594573975e-01,1.187015441246330738e-03
-2.664674520492553711e-01,-2.358072996139526367e-01
2.799001932144165039e-01,2.038580626249313354e-01
-2.328322827816009521e-01,-2.483516782522201538e-01
1.741234064102172852e-01,2.773658931255340576e-01
-2.609326541423797607e-01,-2.118601799011230469e-01
-1.879319548606872559e-01,-2.780019640922546387e-01
2.722494602203369141e-01,1.321297138929367065e-01
1.388458907604217529e-01,2.505750954151153564e-01
-1.288752555847167969e-01,-2.647487521171569824e-01
-2.597918808460235596e-01,-2.482209950685501099e-01
-2.368435710668563843e-01,-2.550150156021118164e-01
1.106275245547294617e-01,2.391516417264938354e-01
2.418248504400253296e-01,2.401632964611053467e-01
-1.379864811897277832e-01,-2.763397395610809326e-01
-2.219184637069702148e-01,-2.593871653079986572e-01
8.834142982959747314e-02,-2.641485929489135742e-01
2.825338244438171387e-01,2.068246304988861084e-01
8.327051997184753418e-02,1.926888674497604370e-01
2.723565399646759033e-01,1.743512451648712158e-01
1.978918462991714478e-01,2.611342072486877441e-01
-2.674875557422637939e-01,-1.286422014236450195e-01
2.868598401546478271e-01,1.775138080120086670e-01
1.567571908235549927e-01,2.511027753353118896e-01
2.774833142757415771e-01,1.562763154506683350e-01
2.492615878582000732e-01,2.309578508138656616e-01
2.770355939865112305e-01,1.725385636091232300e-01
-2.096058279275894165e-01,-2.679699361324310303e-01
-2.917816936969757080e-01,-2.046603411436080933e-01
-2.560239732265472412e-01,-2.058263719081878662e-01
-1.282956749200820923e-01,-2.625329196453094482e-01
-2.608910501003265381e-01,-2.169414311647415161e-01
2.763161361217498779e-01,1.990772634744644165e-01
1.991610974073410034e-01,2.738531529903411865e-01
2.897988855838775635e-01,1.747657507658004761e-01
-2.497038841247558594e-01,-2.254414260387420654e-01
2.078857570886611938e-01,2.431082874536514282e-01
2.706906497478485107e-01,1.720714867115020752e-01
-2.150604426860809326e-01,-2.056987285614013672e-01
2.515963017940521240e-01,1.014370173215866089e-01
2.733812928199768066e-01,1.515729427337646484e-01
-2.523213624954223633e-01,-2.507757544517517090e-01
-1.053313612937927246e-01,-2.684904038906097412e-01
-2.854179739952087402e-01,-1.769062429666519165e-01
-2.690263688564300537e-01,-1.744630634784698486e-01
2.861662507057189941e-01,1.989926099777221680e-01
2.726921439170837402e-01,2.059456408023834229e-01
-2.411617338657379150e-01,-2.484218925237655640e-01
-2.591834366321563721e-01,-1.884139776229858398e-01
1.304587125778198242e-01,2.638725638389587402e-01
-2.045020759105682373e-01,-2.804612219333648682e-01
2.705389261245727539e-01,1.706253588199615479e-01
2.558910250663757324e-01,2.343339473009109497e-01
-2.573019862174987793e-01,-1.882213205099105835e-01
-2.805331647396087646e-01,-1.751367300748825073e-01
2.528018653392791748e-01,2.431542426347732544e-01
2.744321525096893311e-01,2.114877849817276001e-01
1.327146291732788086e-01,2.614040374755859375e-01
-2.625891566276550293e-01,-2.000841498374938965e-01
2.690232098102569580e-01,2.328648865222930908e-01
1.789114177227020264e-01,2.726105451583862305e-01
2.738109230995178223e-01,1.637366414070129395e-01
-2.271292507648468018e-01,-2.688816785812377930e-01
-2.489280402660369873e-01,-2.852281630039215088e-01
1.159986108541488647e-01,2.454814016819000244e-01
-2.733308970928192139e-01,-1.952718049287796021e-01
-1.958631873130798340e-01,-2.663287520408630371e-01
-1.651868969202041626e-01,-2.796237170696258545e-01
2.423214018344879150e-01,2.474803775548934937e-01
2.809900343418121338e-01,1.038760542869567871e-01
-2.704621255397796631e-01,-1.608899384737014771e-01
-1.538797914981842041e-01,-2.117277085781097412e-01
-2.774901688098907471e-01,-1.579777896404266357e-01
2.872638404369354248e-01,1.762099415063858032e-01
-2.703430950641632080e-01,-1.837706565856933594e-01
2.594626843929290771e-01,2.111985087394714355e-01
-1.481129974126815796e-01,-2.811406552791595459e-01
1.572419852018356323e-01,2.740002274513244629e-01
-1.638299524784088135e-01,-2.899731397628784180e-01
2.596845030784606934e-01,2.181364893913269043e-01
1.961182951927185059e-01,2.671621441841125488e-01
2.654082179069519043e-01,2.378223836421966553e-01
2.665776312351226807e-01,1.728020757436752319e-01
1.628816425800323486e-01,2.861227989196777344e-01
-2.480169683694839478e-01,-2.319717705249786377e-01
-1.405583322048187256e-01,-2.654176950454711914e-01
1.365054100751876831e-01,2.790164351463317871e-01
-2.626590132713317871e-01,-2.368231713771820068e-01
1.481588631868362427e-01,2.548473477363586426e-01
-1.363244652748107910e-01,-2.754373252391815186e-01
2.057430446147918701e-01,2.767219245433807373e-01
2.619406878948211670e-01,1.826535463333129883e-01
-2.176940143108367920e-01,-2.890025079250335693e-01
2.704864442348480225e-01,1.779042035341262817e-01
6.433625519275665283e-02,1.865286529064178467e-01
1.187882497906684875e-01,2.792505025863647461e-01
-1.565968841314315796e-01,-2.705166935920715332e-01
2.530972957611083984e-01,2.388557195663452148e-01
-2.364815920591354370e-01,-2.515381574630737305e-01
1.622226238250732422e-01,2.755722105503082275e-01
2.140141427516937256e-01,2.677130699157714844e-01
1.070910468697547913e-01,2.274542301893234253e-01
-1.405807733535766602e-01,-2.784919738769531250e-01
2.431171387434005737e-01,2.219777256250381470e-01
2.670169472694396973e-01,2.122940719127655029e-01
-2.662644088268280029e-01,-2.171736955642700195e-01
-2.391981780529022217e-01,-2.479917258024215698e-01
1.151710152626037598e-01,2.734926044940948486e-01
-2.236458361148834229e-01,-2.677459716796875000e-01
1.814249455928802490e-01,2.788390219211578369e-01
2.726489305496215820e-01,1.060854569077491760e-01
2.414408922195434570e-01,2.556608915328979492e-01
-2.660065591335296631e-01,-1.641114503145217896e-01
1.652612388134002686e-01,2.821359038352966309e-01
-2.287176400423049927e-01,-2.728660404682159424e-01
-2.712470293045043945e-01,-1.874365657567977905e-01
1.123496890068054199e-01,2.478052377700805664e-01
3.084724843502044678e-01,1.159379035234451294e-01
2.744077146053314209e-01,2.248807698488235474e-01
-2.544181644916534424e-01,-2.298021018505096436e-01
1.313578039407730103e-01,2.645704448223114014e-01
1.390068382024765015e-01,2.873590588569641113e-01
-2.567294239997863770e-01,-1.894365996122360229e-01
-2.782329320907592773e-01,-2.182024568319320679e-01
-2.725146412849426270e-01,-1.642585247755050659e-01
2.562289535999298096e-01,1.768157929182052612e-01
2.732608914375305176e-01,1.991677731275558472e-01
2.738858163356781006e-01,1.177778989076614380e-01
2.172147631645202637e-01,1.839604824781417847e-01
-9.326644241809844971e-02,-2.213782072067260742e-01
-2.605617642402648926e-01,-1.215822026133537292e-01
-2.406875044107437134e-01,-8.460330218076705933e-02
2.016963362693786621e-01,2.646255493164062500e-01
2.499420791864395142e-01,1.977655738592147827e-01
1.250832080841064453e-01,2.175555378198623657e-01
-1.622995138168334961e-01,-2.735806107521057129e-01
-2.853659689426422119e-01,-1.634929329156875610e-01
2.464637160301208496e-01,1.877102404832839966e-01
2.566500306129455566e-01,2.448577135801315308e-01
-2.136531621217727661e-01,-2.829733788967132568e-01
2.688893973827362061e-01,1.378432810306549072e-01
2.739064097404479980e-01,1.458242088556289673e-01
-2.639565169811248779e-01,-2.342429608106613159e-01
-2.537036538124084473e-01,-1.339349150657653809e-01
1.440942883491516113e-01,2.585318088531494141e-01
-1.869484186172485352e-01,-2.581588923931121826e-01
2.685407698154449463e-01,2.185497581958770752e-01
-2.381761670112609863e-01,-2.620875239372253418e-01
-2.495341449975967407e-01,-2.266623824834823608e-01
-1.232457682490348816e-01,-2.792707085609436035e-01
1.676674485206604004e-01,2.673419415950775146e-01
1.796588301658630371e-01,2.747216224670410156e-01
2.830310463905334473e-01,1.302383393049240112e-01
-1.210852637887001038e-01,-2.593872547149658203e-01
-1.979764550924301147e-01,-2.903753221035003662e-01
2.161130011081695557e-01,2.671683430671691895e-01
2.707704901695251465e-01,2.219597399234771729e-01
2.786028385162353516e-01,1.639634817838668823e-01
-2.644633650779724121e-01,-1.950099617242813110e-01
1.600250005722045898e-01,2.572124302387237549e-01
-1.132573485374450684e-01,-2.560786008834838867e-01
-2.708210945129394531e-01,-1.532119214534759521e-01
2.479566633701324463e-01,2.056890726089477539e-01
-2.521171867847442627e-01,-2.451506257057189941e-01
2.772589623928070068e-01,1.949193924665451050e-01
2.367498278617858887e-01,2.908493280410766602e-01
2.107982635498046875e-01,2.685110867023468018e-01
-2.936674952507019043e-01,-2.096562683582305908e-01
2.931165099143981934e-01,1.836169660091400146e-01
-1.952019482851028442e-01,-2.673345804214477539e-01
-1.720754653215408325e-01,-2.835653424263000488e-01
1.641846150159835815e-01,2.874251306056976318e-01
-1.967115551233291626e-01,-2.780781984329223633e-01
-1.382156461477279663e-01,-2.866725623607635498e-01
-1.929695010185241699e-01,-2.664639949798583984e-01
2.780829071998596191e-01,2.104314714670181274e-01
-1.854409873485565186e-01,-2.664616107940673828e-01
2.612877488136291504e-01,2.506805360317230225e-01
-1.563535332679748535e-01,-2.809001505374908447e-01
2.768769562244415283e-01,1.335383504629135132e-01
2.694720923900604248e-01,2.164193838834762573e-01
-2.806993424892425537e-01,-2.036091238260269165e-01
-2.724445462226867676e-01,-2.249868512153625488e-01
-2.673529982566833496e-01,-1.357476711273193359e-01
-2.454929202795028687e-01,-2.463965117931365967e-01
6.206953898072242737e-02,-2.791221439838409424e-01
1.857503205537796021e-01,2.933423221111297607e-01
-2.098174840211868286e-01,-2.892730236053466797e-01
1.681212782859802246e-01,2.666571438312530518e-01
2.750647962093353271e-01,1.513811200857162476e-01
2.707219123840332031e-01,2.054836750030517578e-01
1.365675181150436401e-01,2.831385135650634766e-01
-2.663613259792327881e-01,-1.802705377340316772e-01
2.035712748765945435e-01,2.491957694292068481e-01
2.657011747360229492e-01,2.023817598819732666e-01
1.041906848549842834e-01,2.319444864988327026e-01
7.670299410820007324e-01,-1.333233993500471115e-02
-2.014051228761672974e-01,-2.739958167076110840e-01
-2.115271687507629395e-01,-2.691557407379150391e-01
-2.106198966503143311e-01,-2.904694974422454834e-01
-1.092000231146812439e-01,-2.662283182144165039e-01
2.712987661361694336e-01,1.387556344270706177e-01
-2.793912887573242188e-01,-1.467179954051971436e-01
-2.196377664804458618e-01,-2.557594180107116699e-01
1.917120814323425293e-01,2.521933317184448242e-01
1.068501621484756470e-01,2.557406127452850342e-01
-2.678680717945098877e-01,-2.223915159702301025e-01
-2.221323400735855103e-01,-2.599869370460510254e-01
-1.622197777032852173e-01,-2.461300343275070190e-01
-2.786447107791900635e-01,-2.309885472059249878e-01
-2.922069728374481201e-01,-1.534902602434158325e-01
-2.883626520633697510e-01,-1.702198535203933716e-01
-2.341021299362182617e-01,-3.029432892799377441e-01
1.853066235780715942e-01,2.658304572105407715e-01
-1.935472190380096436e-01,-2.638712823390960693e-01
2.507159411907196045e-01,2.339290678501129150e-01
1.173798143863677979e-01,2.480902522802352905e-01
-2.148328721523284912e-01,-2.550228834152221680e-01
1.814376413822174072e-01,2.698102295398712158e-01
-1.947708874940872192e-01,-2.724656164646148682e-01
-1.868312507867813110e-01,-2.767513394355773926e-01
-2.253508418798446655e-01,-2.563334107398986816e-01
-2.442221045494079590e-01,-2.586676478385925293e-01
2.858000397682189941e-01,1.849456727504730225e-01
2.712314724922180176e-01,1.301807165145874023e-01
-1.063817888498306274e-01,-2.409377247095108032e-01
4.920222237706184387e-02,1.246853098273277283e-01
2.824035882949829102e-01,1.306228786706924438e-01
-2.906257510185241699e-01,-1.757707446813583374e-01
-2.104654312133789062e-01,-2.682903707027435303e-01
1.756289750337600708e-01,2.690829038619995117e-01
2.685477435588836670e-01,1.567669212818145752e-01
-2.483297884464263916e-01,-2.457480430603027344e-01
1.177968457341194153e-01,2.649223506450653076e-01
1.491636931896209717e-01,2.778775990009307861e-01
-2.623830139636993408e-01,-1.305828541517257690e-01
-2.566185593605041504e-01,-2.202534079551696777e-01
-1.655453741550445557e-01,-1.884725391864776611e-01
-2.649986445903778076e-01,-2.349434345960617065e-01
3.258829936385154724e-02,1.058632582426071167e-01
2.695832550525665283e-01,1.237283572554588318e-01
2.604813873767852783e-01,2.256467342376708984e-01
-2.607316970825195312e-01,-2.250647544860839844e-01
1.169760450720787048e-01,2.693450152873992920e-01
2.678594589233398438e-01,1.916526556015014648e-01
-1.636452078819274902e-01,-2.762499153614044189e-01
-2.412766665220260620e-01,-2.598947286605834961e-01
1.797619462013244629e-01,2.534646093845367432e-01
-1.339726746082305908e-01,-2.745852470397949219e-01
1.305064260959625244e-01,2.241564691066741943e-01
-2.756281495094299316e-01,-2.343619614839553833e-01
-2.271230965852737427e-01,-2.565910816192626953e-01
1.244883388280868530e-01,2.635641098022460938e-01
2.754548788070678711e-01,2.048971951007843018e-01
-4.085320979356765747e-02,-2.829897105693817139e-01
-2.700488269329071045e-01,-1.897546947002410889e-01
1.611003130674362183e-01,2.545061111450195312e-01
-2.733312845230102539e-01,-1.527457237243652344e-01
2.281786203384399414e-01,4.967255517840385437e-02
3.071838021278381348e-01,1.759161055088043213e-01
2.360907196998596191e-01,2.484371066093444824e-01
-2.619391381740570068e-01,-1.730500310659408569e-01
1.711123585700988770e-01,2.722703516483306885e-01
2.645773589611053467e-01,2.200342863798141479e-01
-1.515076756477355957e-01,-2.701949179172515869e-01
1.548926830291748047e-01,2.637640535831451416e-01
2.698106467723846436e-01,2.062320113182067871e-01
-2.681202292442321777e-01,-1.682111322879791260e-01
-1.209845170378684998e-01,-2.869583964347839355e-01
-2.568927705287933350e-01,-2.793168127536773682e-01
-2.724096477031707764e-01,-2.197905927896499634e-01
2.661269605159759521e-01,2.257843017578125000e-01
-2.415270507335662842e-01,-2.475143224000930786e-01
1.618549823760986328e-01,2.652963101863861084e-01
2.743919193744659424e-01,1.873454153537750244e-01
-2.822560966014862061e-01,-2.413698285818099976e-01
2.568207681179046631e-01,2.166880071163177490e-01
1.178848147392272949e-01,2.502645254135131836e-01
-1.414222121238708496e-01,-2.805144488811492920e-01
2.750590741634368896e-01,2.238976508378982544e-01
2.838234007358551025e-01,1.905039697885513306e-01
-1.717396527528762817e-01,-2.811886966228485107e-01
-2.553550601005554199e-01,-2.691405117511749268e-01
-2.545686960220336914e-01,-2.462763488292694092e-01
1.199475675821304321e-01,2.633473575115203857e-01
-2.568757236003875732e-01,-2.067178785800933838e-01
-2.859236299991607666e-01,-2.025457918643951416e-01
-1.507141441106796265e-01,-2.762818336486816406e-01
1.788739711046218872e-01,2.752131521701812744e-01
7.948800921440124512e-02,1.976930201053619385e-01
2.767145037651062012e-01,2.040473073720932007e-01
-2.321043759584426880e-01,-7.689669728279113770e-02
3.095833659172058105e-01,1.874588429927825928e-01
-2.514764666557312012e-01,-2.415588498115539551e-01
-2.831447422504425049e-01,-1.549644470214843750e-01
-1.949120908975601196e-01,-2.981797754764556885e-01
1.156655773520469666e-01,2.376316487789154053e-01
2.294730842113494873e-01,2.429591864347457886e-01
-2.459622323513031006e-01,-2.707911133766174316e-01
-2.039806842803955078e-01,-2.503185868263244629e-01
-1.681475341320037842e-01,-2.834497988224029541e-01
-1.399926841259002686e-01,-2.749638855457305908e-01
2.493517249822616577e-01,1.157797425985336304e-01
1.438274234533309937e-01,2.868565618991851807e-01
2.498726695775985718e-01,2.308792024850845337e-01
4.530707839876413345e-03,-2.813560664653778076e-01
2.748364806175231934e-01,2.121072560548782349e-01
-1.965070515871047974e-01,-2.695208489894866943e-01
2.884309887886047363e-01,1.661942750215530396e-01
2.485460937023162842e-01,2.207132726907730103e-01
-2.559473514556884766e-01,-1.205394566059112549e-01
1.604168266057968140e-01,2.622442841529846191e-01
2.162656635046005249e-01,2.834802269935607910e-01
1.601730287075042725e-01,2.936695516109466553e-01
-2.109134197235107422e-01,-2.706224620342254639e-01
2.129566967487335205e-01,2.770426273345947266e-01
-2.420375049114227295e-01,-2.905901670455932617e-01
-1.772355586290359497e-01,-2.862496078014373779e-01
-2.750906646251678467e-01,-1.533086001873016357e-01
1.116662546992301941e-01,2.600357532501220703e-01
2.287139445543289185e-01,2.520707845687866211e-01
8.985749632120132446e-02,2.234374582767486572e-01
-2.594496905803680420e-01,-2.089287936687469482e-01
2.730152010917663574e-01,1.030892133712768555e-01
-1.983938515186309814e-01,-2.877319455146789551e-01
2.767168879508972168e-01,1.784891486167907715e-01
-2.807359099388122559e-01,-1.801765412092208862e-01
-2.374184876680374146e-01,-2.691818177700042725e-01
-1.416000872850418091e-01,-2.586998939514160156e-01
-9.977755695581436157e-02,-2.512697279453277588e-01
-2.685398459434509277e-01,-1.109393164515495300e-01
7.425657659769058228e-02,1.715887486934661865e-01
-1.240247488021850586e-01,-2.678772211074829102e-01
2.623870968818664551e-01,1.296873539686203003e-01
1.145404130220413208e-01,2.604188024997711182e-01
1.616019606590270996e-01,2.742949724197387695e-01
1.137960925698280334e-01,2.358587831258773804e-01
2.457743287086486816e-01,2.101093828678131104e-01
-2.668156921863555908e-01,-1.464765816926956177e-01
2.544561326503753662e-01,9.693249315023422241e-02
-2.656673491001129150e-01,-2.188885658979415894e-01
2.721510529518127441e-01,1.662523746490478516e-01
-1.597303152084350586e-01,-2.770315706729888916e-01
1.720964461565017700e-01,2.751102149486541748e-01
2.582072615623474121e-01,1.396188288927078247e-01
-2.689463496208190918e-01,-1.782098859548568726e-01
1.389125287532806396e-01,2.880108058452606201e-01
-2.311537414789199829e-01,-2.426731735467910767e-01
-1.111343130469322205e-01,-2.736280262470245361e-01
-2.549726963043212891e-01,-2.742652297019958496e-01
1.441125478595495224e-02,-2.796314358711242676e-01
-2.669745981693267822e-01,-1.449580341577529907e-01
2.462189644575119019e-01,2.345442324876785278e-01
1.194794401526451111e-01,2.876366376876831055e-01
6.624284386634826660e-01,2.391004934906959534e-02
-2.694263756275177002e-01,-2.372879236936569214e-01
-1.930907219648361206e-01,-2.830282747745513916e-01
2.759537994861602783e-01,1.620462685823440552e-01
2.447671145200729370e-01,7.077503204345703125e-02
2.674980163574218750e-01,2.419229596853256226e-01
-1.397680640220642090e-01,-2.691071331501007080e-01
3.164643645286560059e-01,1.819803416728973389e-01
-1.690935343503952026e-01,-2.854011654853820801e-01
-2.308034896850585938e-01,-2.605777680873870850e-01
2.214341610670089722e-01,2.494791597127914429e-01
2.216282039880752563e-01,3.397874161601066589e-02
2.298975586891174316e-01,2.497874647378921509e-01
1.151616498827934265e-01,2.321384251117706299e-01
2.058485001325607300e-01,2.742081284523010254e-01
2.564568817615509033e-01,2.115492969751358032e-01
2.737624943256378174e-01,1.254200786352157593e-01
-2.631907463073730469e-01,-2.335998713970184326e-01
-2.292280048131942749e-01,-2.647425234317779541e-01
-2.639648914337158203e-01,-1.362460851669311523e-01
-1.986392885446548462e-01,-2.491522133350372314e-01
-2.871210873126983643e-01,-1.367163807153701782e-01
-8.465082198381423950e-02,-1.799271851778030396e-01
-1.419109553098678589e-01,-2.871666550636291504e-01
1.132718026638031006e-01,2.509784698486328125e-01
-2.419889122247695923e-01,-2.394335120916366577e-01
1.758081763982772827e-01,2.895250320434570312e-01
1.974804550409317017e-01,2.558313012123107910e-01
2.814965248107910156e-01,1.934408098459243774e-01
1.209748983383178711e-01,2.631362378597259521e-01
-1.365484148263931274e-01,-2.805229127407073975e-01
2.632340788841247559e-01,1.964010149240493774e-01
-1.561975628137588501e-01,-2.632324993610382080e-01
2.704131603240966797e-01,1.716284453868865967e-01
2.360228747129440308e-01,2.525115907192230225e-01
-2.501939535140991211e-01,-2.121713012456893921e-01
2.669320702552795410e-01,2.299140691757202148e-01
-1.582842171192169189e-01,-2.870174348354339600e-01
1.519667506217956543e-01,2.799990177154541016e-01
-3.034645020961761475e-01,-1.514233797788619995e-01
-2.705779373645782471e-01,-1.841996610164642334e-01
2.217935919761657715e-01,2.775315642356872559e-01
-2.691573798656463623e-01,-2.245193570852279663e-01
-1.555766016244888306e-01,-2.800464630126953125e-01
-2.015120983123779297e-01,-2.607462406158447266e-01
-2.421654015779495239e-01,-2.595997750759124756e-01
-2.708469927310943604e-01,-1.645900160074234009e-01
-2.843050956726074219e-01,-1.721496582031250000e-01
1.564816981554031372e-01,2.895428240299224854e-01
3.722681105136871338e-01,9.537253528833389282e-02
4.409329965710639954e-02,1.416142880916595459e-01
-1.630943119525909424e-01,-2.831580638885498047e-01
-1.109365671873092651e-01,-2.855325341224670410e-01
1.396431922912597656e-01,2.896088063716888428e-01
2.402022629976272583e-01,2.414733171463012695e-01
1.377243399620056152e-01,2.265431880950927734e-01
2.451928555965423584e-01,1.314566135406494141e-01
-1.021401360630989075e-01,-2.755598425865173340e-01
-2.852669358253479004e-01,-1.518078148365020752e-01
-2.630645632743835449e-01,-2.192038446664810181e-01
2.606683671474456787e-01,2.107812464237213135e-01
1.411961615085601807e-01,2.493001073598861694e-01
-1.148063391447067261e-01,-2.431894540786743164e-01
-1.222917810082435608e-01,-2.755339443683624268e-01
-2.657246291637420654e-01,-1.464770287275314331e-01
-2.770504355430603027e-01,-1.621500700712203979e-01
3.308849409222602844e-04,-1.804413832724094391e-02
2.534190416336059570e-01,8.657189458608627319e-02
2.746202349662780762e-01,1.867737472057342529e-01
-2.402820140123367310e-01,-8.245793730020523071e-02
-2.740834057331085205e-01,-2.225841730833053589e-01
1.762248426675796509e-01,2.853024601936340332e-01
1.302924007177352905e-01,2.829927802085876465e-01
2.089235186576843262e-01,2.517374753952026367e-01
2.505917549133300781e-01,9.633798152208328247e-02
1.026316955685615540e-01,2.347607612609863281e-01
2.742466628551483154e-01,8.276414126157760620e-02
-1.565694659948348999e-01,-2.714666426181793213e-01
-2.689321339130401611e-01,-2.030429691076278687e-01
-4.718455374240875244e-01,1.828928943723440170e-04
-2.334318906068801880e-01,-2.485152035951614380e-01
-1.228422895073890686e-01,-2.762369811534881592e-01
2.297609299421310425e-01,2.679929137229919434e-01
2.461306005716323853e-01,2.548171281814575195e-01
-4.710932970046997070e-01,-1.672593131661415100e-02
-1.602594554424285889e-01,-2.696865499019622803e-01
1.279743760824203491e-01,2.235572189092636108e-01
1.225688159465789795e-01,2.505388855934143066e-01
-2.178650200366973877e-01,-2.653321027755737305e-01
1.527813971042633057e-01,2.671120762825012207e-01
2.863833308219909668e-01,1.527881622314453125e-01
3.445801138877868652e-01,1.142480373382568359e-01
1.706361472606658936e-01,2.854527235031127930e-01
-1.325532048940658569e-01,-2.762105762958526611e-01
-2.652000188827514648e-01,-2.029311209917068481e-01
-8.537523150444030762e-01,1.831050217151641846e-01
-2.638182044029235840e-01,-1.758197844028472900e-01
-2.453389018774032593e-01,-2.545295357704162598e-01
2.661233544349670410e-01,1.075295433402061462e-01
2.740811109542846680e-01,1.812112331390380859e-01
-2.253903746604919434e-01,-2.617189884185791016e-01
1.067070066928863525e-01,2.459058463573455811e-01
-2.074638009071350098e-01,-2.733191549777984619e-01
-2.663016021251678467e-01,-2.227253764867782593e-01
7.836547493934631348e-02,1.745749711990356445e-01
-2.654835283756256104e-01,-1.764513403177261353e-01
2.729566395282745361e-01,2.221698164939880371e-01
-2.610476016998291016e-01,-1.423527598381042480e-01
-2.683318220078945160e-02,-7.788737118244171143e-02
-2.296275794506072998e-01,-2.692754268646240234e-01
1.674584299325942993e-01,2.792000174522399902e-01
-1.326139271259307861e-01,-2.923298776149749756e-01
1.343156248331069946e-01,2.715361416339874268e-01
2.636927366256713867e-01,2.131290584802627563e-01
-9.857424348592758179e-02,-2.015085965394973755e-01
-2.088574469089508057e-01,-2.669102251529693604e-01
-2.837255895137786865e-01,-2.012216299772262573e-01
-2.375678718090057373e-01,-2.562921941280364990e-01
-2.681255042552947998e-01,-2.419209182262420654e-01
1.182030141353607178e-01,2.666664123535156250e-01
-2.563198208808898926e-01,-1.199171021580696106e-01
2.727756500244140625e-01,2.350131124258041382e-01
1.235640719532966614e-01,2.665101885795593262e-01
1.104292869567871094e-01,2.536256313323974609e-01
2.355954647064208984e-01,2.397256195545196533e-01
2.624199092388153076e-01,2.383518964052200317e-01
-2.583440542221069336e-01,-2.037376314401626587e-01
-1.521587073802947998e-01,-2.725728154182434082e-01
1.223114877939224243e-01,2.662923932075500488e-01
2.642630338668823242e-01,1.018533110618591309e-01
1.004710793495178223e-01,2.082782983779907227e-01
1.470536738634109497e-01,2.759805619716644287e-01
-2.672355175018310547e-01,-1.593750864267349243e-01
1.405829340219497681e-01,2.746527493000030518e-01
1.974155455827713013e-01,3.795298337936401367e-01
1.190490499138832092e-01,2.748089432716369629e-01
-1.771992295980453491e-01,-2.878591120243072510e-01
-2.304114699363708496e-01,-2.821731269359588623e-01
-1.438328623771667480e-01,-2.719222903251647949e-01
-2.625270187854766846e-01,-1.160696446895599365e-01
-3.070366084575653076e-01,-1.500628739595413208e-01
-2.502299249172210693e-01,-2.350441962480545044e-01
-2.567025125026702881e-01,-2.300106436014175415e-01
1.709011048078536987e-01,2.854083180427551270e-01
-1.180569157004356384e-01,-2.716934978961944580e-01
2.193667888641357422e-01,2.279267013072967529e-01
-2.633052766323089600e-01,-2.651664614677429199e-01
-1.517493724822998047e-01,-2.665337026119232178e-01
2.677828967571258545e-01,1.892002969980239868e-01
6.253381818532943726e-02,1.484016925096511841e-01
2.910885810852050781e-01,2.032161206007003784e-01
1.365656703710556030e-01,2.839200198650360107e-01
-1.938999891281127930e-01,-2.870848178863525391e-01
2.572745680809020996e-01,2.145939320325851440e-01
2.825017273426055908e-01,1.143310219049453735e-01
-4.348006471991539001e-02,-1.293390840291976929e-01
1.273527294397354126e-01,2.595401704311370850e-01
2.450872212648391724e-01,2.350063920021057129e-01
2.775906920433044434e-01,1.775202304124832153e-01
-2.235150635242462158e-01,-2.802695035934448242e-01
-2.266280204057693481e-01,-2.281986773014068604e-01
2.724423408508300781e-01,2.257622629404067993e-01
2.779248654842376709e-01,2.392706722021102905e-01
-2.744583487510681152e-01,-1.911613792181015015e-01
-2.745994925498962402e-01,-2.139534205198287964e-01
-2.648093104362487793e-01,-1.904986053705215454e-01
-2.789040505886077881e-01,-1.734905838966369629e-01
-2.938824295997619629e-01,-2.338460534811019897e-01
2.119333148002624512e-01,2.620435655117034912e-01
2.758693993091583252e-01,2.083088457584381104e-01
-2.668555676937103271e-01,-1.260675340890884399e-01
-2.312080860137939453e-01,-2.859372198581695557e-01
-2.508658468723297119e-01,-2.306903898715972900e-01
2.448357492685317993e-01,2.424881011247634888e-01
-2.657170295715332031e-01,-2.295664995908737183e-01
-2.087778002023696899e-01,-2.413412481546401978e-01
2.078873068094253540e-01,2.575922608375549316e-01
1.919452548027038574e-01,2.560319602489471436e-01
2.448313236236572266e-01,2.507623732089996338e-01
1.886340677738189697e-01,2.594963610172271729e-01
-2.357944399118423462e-01,-2.431650608777999878e-01
-1.950041353702545166e-01,-2.718796133995056152e-01
2.703447937965393066e-01,1.097732037305831909e-01
-2.583402097225189209e-01,-2.122946828603744507e-01
-2.705632746219635010e-01,-1.909202337265014648e-01
2.192932665348052979e-01,2.672237455844879150e-01
-2.975436747074127197e-01,-1.824194490909576416e-01
-2.007785141468048096e-01,-2.739405035972595215e-01
1.399980038404464722e-01,2.650719583034515381e-01
-2.908706963062286377e-01,-1.578551828861236572e-01
-2.626662254333496094e-01,-2.168935090303421021e-01
-1.994414627552032471e-01,-2.832276821136474609e-01
2.483461648225784302e-01,2.267948687076568604e-01
9.521688520908355713e-02,1.869440823793411255e-01
-1.520172655582427979e-01,-2.669770121574401855e-01
-2.082736045122146606e-01,-2.758007049560546875e-01
-2.468738257884979248e-01,-1.884942203760147095e-01
2.030831426382064819e-01,2.774911820888519287e-01
2.768698036670684814e-01,1.337676495313644409e-01
2.421826273202896118e-01,2.177676111459732056e-01
-1.478989124298095703e-01,-2.696720361709594727e-01
1.846387833356857300e-01,2.782186269760131836e-01
1.238785535097122192e-01,2.707277238368988037e-01
-1.461381763219833374e-01,-2.730585038661956787e-01
-2.803357541561126709e-01,-2.098062485456466675e-01
-1.719026453793048859e-02,-2.834448814392089844e-01
2.765696942806243896e-01,2.047738134860992432e-01
-1.428949236869812012e-01,-2.697059512138366699e-01
5.962875485420227051e-02,1.901948451995849609e-01
-1.839162260293960571e-01,-2.711540460586547852e-01
-2.117135077714920044e-01,-2.708805501461029053e-01
2.545638382434844971e-01,1.023380830883979797e-01
-1.736762076616287231e-01,-2.831884324550628662e-01
-2.695557475090026855e-01,-1.641518920660018921e-01
-2.377263158559799194e-01,-1.051209047436714172e-01
1.361891329288482666e-01,3.507407903671264648e-01
-1.868829876184463501e-01,-2.714600861072540283e-01
2.720312178134918213e-01,1.528941690921783447e-01
1.391404420137405396e-01,2.384611666202545166e-01
1.970469802618026733e-01,2.570786476135253906e-01
2.313810139894485474e-01,2.454825639724731445e-01
2.811110615730285645e-01,2.008390128612518311e-01
1.235152259469032288e-01,2.716269791126251221e-01
-1.477858722209930420e-01,-2.786370813846588135e-01
1.962838023900985718e-01,3.095798790454864502e-01
2.519312798976898193e-01,2.531479299068450928e-01
2.567442059516906738e-01,2.418266236782073975e-01
-1.902802139520645142e-01,-2.789731025695800781e-01
-2.780874669551849365e-01,-1.814619600772857666e-01
2.655977010726928711e-01,2.255287170410156250e-01
2.550810277462005615e-01,2.241366505622863770e-01
-2.681818306446075439e-01,-1.131504923105239868e-01
1.334281861782073975e-01,2.803510725498199463e-01
-1.628322750329971313e-01,-2.740189731121063232e-01
-2.669574320316314697e-01,-1.894378215074539185e-01
-2.502096295356750488e-01,-2.212978750467300415e-01
3.097957670688629150e-01,1.652480512857437134e-01
2.869620025157928467e-01,1.748466193675994873e-01
-1.407385468482971191e-01,-2.849389910697937012e-01
4.463264718651771545e-02,1.675521880388259888e-01
2.774583101272583008e-01,1.347169876098632812e-01
-2.209985256195068359e-01,-2.658274173736572266e-01
1.332290768623352051e-01,2.829124331474304199e-01
1.300420165061950684e-01,2.795009016990661621e-01
-1.260954886674880981e-01,-2.852124571800231934e-01
2.846967577934265137e-01,1.775677055120468140e-01
-2.246039956808090210e-01,-2.577003836631774902e-01
-2.720034718513488770e-01,-1.356306821107864380e-01
2.689985334873199463e-01,1.228344962000846863e-01
-2.475774139165878296e-01,-2.445099055767059326e-01
-1.231146901845932007e-01,3.095089197158813477e-01
-2.742219269275665283e-01,-2.025214135646820068e-01
2.674928903579711914e-01,2.241752743721008301e-01
-2.725346982479095459e-01,-1.675595343112945557e-01
-8.714562058448791504e-01,1.379498690366744995e-01
1.680725961923599243e-01,3.917865157127380371e-01
2.728945612907409668e-01,1.127824336290359497e-01
-1.543117016553878784e-01,-2.839958071708679199e-01
-2.733018994331359863e-01,-1.893413662910461426e-01
1.416114717721939087e-01,2.706237435340881348e-01
1.519200056791305542e-01,2.551105022430419922e-01
1.327948719263076782e-01,2.758808434009552002e-01
2.522318363189697266e-01,2.108644396066665649e-01
-1.071953997015953064e-01,-2.338240593671798706e-01
-2.600709795951843262e-01,-1.160407885909080505e-01
1.296774595975875854e-01,2.756882309913635254e-01
-1.026071384549140930e-01,-2.627872228622436523e-01
2.683590948581695557e-01,1.285390406847000122e-01
-2.728827297687530518e-01,-2.066385746002197266e-01
2.754212021827697754e-01,2.117035984992980957e-01
2.728767991065979004e-01,1.239656135439872742e-01
2.572445571422576904e-01,1.199218928813934326e-01
2.094387263059616089e-01,2.683291435241699219e-01
-2.739786207675933838e-01,-2.475634515285491943e-01
2.729549705982208252e-01,1.717829555273056030e-01
-2.513387501239776611e-01,-1.217537596821784973e-01
-2.384597957134246826e-01,-2.862365841865539551e-01
-2.667566239833831787e-01,-2.002090513706207275e-01
