2.658137083053588867e-01,2.237361818552017212e-01
1.059749126434326172e-01,2.539438009262084961e-01
-2.676832973957061768e-01,-2.109602540731430054e-01
2.490781098604202271e-01,2.741356492042541504e-01
-2.280912399291992188e-01,-8.994619548320770264e-02
-1.909941881895065308e-01,-2.515470981597900391e-01
2.739287316799163818e-01,1.955235004425048828e-01
-2.616086304187774658e-01,-1.323107630014419556e-01
-2.023389935493469238e-01,-2.723149359226226807e-01
2.653340697288513184e-01,2.388026565313339233e-01
-1.431805938482284546e-01,-2.736130654811859131e-01
-2.486451864242553711e-01,-7.935091108083724976e-02
2.708371877670288086e-01,1.731140911579132080e-01
-2.099030762910842896e-01,-2.551360130310058594e-01
9.836926311254501343e-02,2.535466551780700684e-01
2.684113383293151855e-01,1.972178816795349121e-01
-1.462965160608291626e-01,-2.667231261730194092e-01
2.549345195293426514e-01,2.107102125883102417e-01
1.946923881769180298e-01,8.014444261789321899e-02
2.501739561557769775e-01,2.725122869014739990e-01
-1.683686822652816772e-01,-2.785173654556274414e-01
2.671051919460296631e-01,1.640221625566482544e-01
-2.347396016120910645e-01,-2.713186740875244141e-01
-1.652192324399948120e-01,-2.857656180858612061e-01
-2.138288319110870361e-01,-2.651711702346801758e-01
-1.215992942452430725e-01,-2.599556148052215576e-01
-1.817406862974166870e-01,-2.783590257167816162e-01
1.983130574226379395e-01,2.923229634761810303e-01
1.260655969381332397e-01,2.612450122833251953e-01
-1.609664857387542725e-01,-2.656753063201904297e-01
1.883746534585952759e-01,2.943946123123168945e-01
1.187655180692672729e-01,2.504771649837493896e-01
-1.149630621075630188e-01,-2.721443474292755127e-01
2.190861552953720093e-01,2.809017002582550049e-01
-2.130500227212905884e-01,-2.648642957210540771e-01
-2.253607362508773804e-01,3.817966952919960022e-02
-4.848273843526840210e-02,-3.645475208759307861e-01
-1.752591878175735474e-01,-2.254183590412139893e-01
1.930267810821533203e-01,2.787061631679534912e-01
2.168217152357101440e-01,2.805937230587005615e-01
2.123677432537078857e-01,2.666782140731811523e-01
-2.750560939311981201e-01,-1.614729464054107666e-01
-2.471770495176315308e-01,-1.081868112087249756e-01
1.761420816183090210e-01,2.822188138961791992e-01
-2.398367524147033691e-01,-1.047526821494102478e-01
-2.160653173923492432e-01,-2.629708349704742432e-01
-2.615837156772613525e-01,-2.122696042060852051e-01
-1.935966610908508301e-01,-2.836317121982574463e-01
-2.650300860404968262e-01,-1.239944696426391602e-01
-1.987814009189605713e-01,-2.620617151260375977e-01
-2.720954120159149170e-01,-1.083853095769882202e-01
-1.841728240251541138e-01,-2.791846692562103271e-01
-1.628479957580566406e-01,-2.829494178295135498e-01
-2.049098908901214600e-01,-2.766484618186950684e-01
-2.688370347023010254e-01,-1.501665562391281128e-01
2.560553252696990967e-01,1.716952025890350342e-01
2.725130021572113037e-01,1.528643965721130371e-01
-1.819189935922622681e-01,-2.662245333194732666e-01
2.074320763349533081e-01,2.725572884082794189e-01
2.160587906837463379e-01,2.593103051185607910e-01
2.697794139385223389e-01,2.081156075000762939e-01
-1.437079459428787231e-01,-2.610043883323669434e-01
1.892246007919311523e-01,2.703208327293395996e-01
-2.735480666160583496e-01,-2.442856878042221069e-01
-2.364033907651901245e-01,-2.553957104682922363e-01
2.426380366086959839e-01,2.668623924255371094e-01
2.368582636117935181e-01,2.566010653972625732e-01
-2.404143363237380981e-01,3.724167346954345703e-01
-2.690893709659576416e-01,-2.335464507341384888e-01
2.170987576246261597e-01,2.940113246440887451e-01
-1.775164306163787842e-01,-2.750934064388275146e-01
-2.760453522205352783e-01,-1.672245562076568604e-01
2.315452396869659424e-01,2.862218022346496582e-01
1.987163871526718140e-01,2.692226767539978027e-01
1.898801922798156738e-01,2.770880162715911865e-01
2.644586861133575439e-01,9.233818203210830688e-02
9.669748693704605103e-02,2.627056837081909180e-01
2.449233680963516235e-01,2.522680163383483887e-01
2.953311800956726074e-01,2.376661598682403564e-01
-2.583173215389251709e-01,-1.606009453535079956e-01
-2.794409990310668945e-01,-1.936598569154739380e-01
1.682177037000656128e-01,2.832632064819335938e-01
2.394506186246871948e-01,2.562960684299468994e-01
-2.152469307184219360e-01,-2.566486299037933350e-01
-2.677574455738067627e-01,-1.746805459260940552e-01
3.735794126987457275e-02,1.421788781881332397e-01
-2.201605886220932007e-01,-2.782336473464965820e-01
-2.372105568647384644e-01,-2.639272511005401611e-01
-2.605429291725158691e-01,-1.216207593679428101e-01
-2.613596320152282715e-01,-2.207602560520172119e-01
1.901540011167526245e-01,2.835699319839477539e-01
2.421032190322875977e-01,2.450562864542007446e-01
2.303729653358459473e-01,2.541263103485107422e-01
-1.079283580183982849e-01,-2.617850303649902344e-01
-2.107752561569213867e-01,-2.653405070304870605e-01
-9.442254155874252319e-02,-2.457093745470046997e-01
2.391731142997741699e-01,2.557143568992614746e-01
2.711257338523864746e-01,1.852153837680816650e-01
2.210082858800888062e-01,2.747829258441925049e-01
-2.992096915841102600e-02,-3.740803301334381104e-01
2.661381363868713379e-01,1.605792641639709473e-01
2.688575387001037598e-01,1.840563416481018066e-01
-2.826622426509857178e-01,-1.969948112964630127e-01
1.454968750476837158e-01,2.758243083953857422e-01
1.795304715633392334e-01,2.862471938133239746e-01
2.479629814624786377e-01,2.673908472061157227e-01
2.325355708599090576e-01,2.703698575496673584e-01
2.647677361965179443e-01,2.090099006891250610e-01
1.404229551553726196e-01,2.656105458736419678e-01
-2.325420230627059937e-01,-2.506965994834899902e-01
-2.703699171543121338e-01,-2.484274506568908691e-01
-1.429139077663421631e-01,-2.387605309486389160e-01
2.468411922454833984e-01,2.610196769237518311e-01
-2.610846757888793945e-01,-1.008426174521446228e-01
-2.659794986248016357e-01,-1.198008880019187927e-01
-2.736406326293945312e-01,-2.186091691255569458e-01
2.292560786008834839e-01,2.696608304977416992e-01
1.990173310041427612e-01,2.810426354408264160e-01
1.589015871286392212e-01,2.688395977020263672e-01
1.929462254047393799e-01,2.881773412227630615e-01
-9.731327742338180542e-02,-2.394599020481109619e-01
-8.610003441572189331e-02,-2.831384241580963135e-01
-1.372514814138412476e-01,-2.631595730781555176e-01
2.591085731983184814e-01,1.090374290943145752e-01
1.560295820236206055e-01,2.786436676979064941e-01
1.129893809556961060e-01,2.162719368934631348e-01
2.694948613643646240e-01,1.713630855083465576e-01
-2.596153020858764648e-01,-1.426721066236495972e-01
-2.253300324082374573e-02,-3.472871482372283936e-01
-2.845129072666168213e-01,-1.705919355154037476e-01
-2.649193108081817627e-01,-1.732132732868194580e-01
1.773369163274765015e-01,2.884261608123779297e-01
2.638111412525177002e-01,2.198328524827957153e-01
2.040043026208877563e-01,2.762997746467590332e-01
2.506812214851379395e-01,1.131214275956153870e-01
2.012420594692230225e-01,2.751306891441345215e-01
-2.666531801223754883e-01,-1.718543022871017456e-01
1.638241261243820190e-01,2.647806107997894287e-01
2.679806053638458252e-01,1.571081727743148804e-01
2.516737878322601318e-01,2.498227804899215698e-01
-2.648894786834716797e-01,-2.125686407089233398e-01
-2.264759540557861328e-01,-2.450120747089385986e-01
2.405832260847091675e-01,4.626065120100975037e-02
1.263633072376251221e-01,2.647793889045715332e-01
-1.269581466913223267e-01,-2.542847394943237305e-01
2.736019790172576904e-01,1.372552067041397095e-01
-2.672268450260162354e-01,-2.217682749032974243e-01
2.202030569314956665e-01,2.534053921699523926e-01
2.733566462993621826e-01,2.023658305406570435e-01
1.501471847295761108e-01,2.692189216613769531e-01
-2.711095809936523438e-01,-2.018267959356307983e-01
2.665494680404663086e-01,2.156175523996353149e-01
1.613259315490722656e-01,2.861836850643157959e-01
2.755562663078308105e-01,1.880721598863601685e-01
-1.461976617574691772e-01,-2.655772268772125244e-01
2.577319741249084473e-01,1.312433034181594849e-01
-2.307323962450027466e-01,-2.708340585231781006e-01
-2.723980844020843506e-01,-1.256847083568572998e-01
-2.629353106021881104e-01,-2.088447511196136475e-01
-2.587354183197021484e-01,-1.928194910287857056e-01
-2.679991424083709717e-01,-1.533240526914596558e-01
-1.972268074750900269e-01,-2.661720216274261475e-01
2.699688374996185303e-01,2.158505916595458984e-01
-2.470690906047821045e-01,-2.609590291976928711e-01
-2.567304372787475586e-01,-7.771119475364685059e-02
1.234155222773551941e-01,2.632845938205718994e-01
2.236282378435134888e-01,2.658560574054718018e-01
2.751209139823913574e-01,1.250182539224624634e-01
2.572351992130279541e-01,1.449491083621978760e-01
-2.336877882480621338e-01,-2.392888963222503662e-01
-1.441098302602767944e-01,-2.621506750583648682e-01
2.406034916639328003e-01,2.586660981178283691e-01
1.835514158010482788e-01,2.955809533596038818e-01
2.645001113414764404e-01,2.282252758741378784e-01
-2.480302602052688599e-01,-4.617507383227348328e-02
2.280359864234924316e-01,2.726915478706359863e-01
-2.050225138664245605e-01,-2.845371663570404053e-01
1.509729623794555664e-01,2.699227035045623779e-01
-1.954787820577621460e-01,-2.785327434539794922e-01
2.922005057334899902e-01,1.861282438039779663e-01
2.623426020145416260e-01,2.173175662755966187e-01
-1.690689027309417725e-01,-2.935511171817779541e-01
-2.702251374721527100e-01,-1.743523031473159790e-01
-2.966169416904449463e-01,-1.725532263517379761e-01
-1.668495833873748779e-01,-2.693599760532379150e-01
-2.055905163288116455e-01,-2.677396237850189209e-01
1.389928311109542847e-01,2.810131609439849854e-01
2.803828120231628418e-01,1.887030899524688721e-01
-1.342386454343795776e-01,-2.700615227222442627e-01
-2.562432289123535156e-01,-1.402780413627624512e-01
1.488591283559799194e-01,2.596498131752014160e-01
-1.254910826683044434e-01,-2.453380823135375977e-01
2.273897379636764526e-01,2.575878202915191650e-01
2.686941027641296387e-01,2.323396801948547363e-01
2.586954832077026367e-01,2.339851558208465576e-01
-1.741269975900650024e-01,-2.614976465702056885e-01
1.207730546593666077e-01,2.428410798311233521e-01
6.545557081699371338e-02,2.288124412298202515e-01
-2.704491615295410156e-01,-1.497799158096313477e-01
1.451572477817535400e-01,2.663727402687072754e-01
1.268579810857772827e-01,2.707378268241882324e-01
-2.752451300621032715e-01,-2.091993540525436401e-01
2.752525806427001953e-01,1.504100412130355835e-01
2.648069858551025391e-01,2.389297485351562500e-01
-1.117797717452049255e-01,-2.596646845340728760e-01
-2.764170169830322266e-01,-1.533607989549636841e-01
-1.540739536285400391e-01,-2.769790887832641602e-01
-2.642762064933776855e-01,-2.215926647186279297e-01
1.804649978876113892e-01,2.706010341644287109e-01
-2.057441323995590210e-01,-2.681121826171875000e-01
2.285936623811721802e-01,2.829740047454833984e-01
-6.681002676486968994e-02,-2.263686805963516235e-01
-1.916623711585998535e-01,-2.726318538188934326e-01
-2.324988245964050293e-01,-2.564000785350799561e-01
-2.743563354015350342e-01,-1.467178612947463989e-01
-8.621831983327865601e-02,-2.715707719326019287e-01
2.610451579093933105e-01,2.038149088621139526e-01
-2.487820833921432495e-01,-2.520554959774017334e-01
-2.791543304920196533e-01,-1.822225749492645264e-01
-1.664670854806900024e-01,-2.745358943939208984e-01
2.664979100227355957e-01,1.452161967754364014e-01
-2.720461189746856689e-01,-1.756455302238464355e-01
-1.039756983518600464e-01,-2.511884272098541260e-01
2.180920541286468506e-01,2.812140882015228271e-01
2.745069861412048340e-01,1.890017390251159668e-01
2.692845463752746582e-01,1.294809877872467041e-01
-8.194980770349502563e-02,-2.637557387351989746e-01
-1.201125904917716980e-01,-2.675724327564239502e-01
2.061154097318649292e-01,2.909289896488189697e-01
-1.547715365886688232e-01,-2.802360653877258301e-01
2.488092780113220215e-01,5.705218762159347534e-02
2.329111248254776001e-01,2.605778276920318604e-01
2.608303725719451904e-01,1.797763705253601074e-01
1.899102181196212769e-01,2.954496145248413086e-01
2.772049307823181152e-01,1.775088310241699219e-01
1.903850734233856201e-01,2.741048336029052734e-01
-2.535006701946258545e-01,-1.155897676944732666e-01
-2.053335607051849365e-01,-2.789608836174011230e-01
2.646658718585968018e-01,1.833407133817672729e-01
-2.638974487781524658e-01,-1.767361313104629517e-01
2.579192221164703369e-01,1.995139420032501221e-01
-2.631286680698394775e-01,-2.320675402879714966e-01
2.082445472478866577e-01,2.711212038993835449e-01
-2.042190581560134888e-01,-2.750104069709777832e-01
-2.132524102926254272e-01,-2.766278982162475586e-01
2.341041713953018188e-01,2.673495709896087646e-01
2.654443979263305664e-01,1.354197263717651367e-01
2.504504323005676270e-01,1.178812235593795776e-01
2.370240539312362671e-01,2.556880712509155273e-01
1.066814884543418884e-01,2.530162036418914795e-01
-1.249153614044189453e-01,-2.435320913791656494e-01
1.988392621278762817e-01,2.764750421047210693e-01
2.541210949420928955e-01,1.234436705708503723e-01
-2.637166380882263184e-01,-9.476258605718612671e-02
2.804208099842071533e-01,2.143137305974960327e-01
2.289454042911529541e-01,2.758574783802032471e-01
-2.100629359483718872e-01,-2.640130817890167236e-01
2.659526765346527100e-01,2.020330876111984253e-01
-1.264947950839996338e-01,-2.709505558013916016e-01
-1.854150146245956421e-01,-2.687453329563140869e-01
2.021781951189041138e-01,2.948569357395172119e-01
1.981169879436492920e-01,2.726787328720092773e-01
2.750704884529113770e-01,2.257443070411682129e-01
-1.252190619707107544e-01,-2.770763933658599854e-01
-1.602926999330520630e-01,-2.777498364448547363e-01
2.664387226104736328e-01,1.789122223854064941e-01
1.174931675195693970e-01,2.782315611839294434e-01
-2.615807950496673584e-01,-2.504085302352905273e-01
-2.881265878677368164e-01,-2.130213677883148193e-01
-1.080199554562568665e-01,-2.522837221622467041e-01
-2.813643217086791992e-01,-1.471216380596160889e-01
2.347450852394104004e-01,2.577780783176422119e-01
-1.901716589927673340e-01,-2.905125021934509277e-01
2.479824572801589966e-01,2.651038467884063721e-01
2.082608491182327271e-01,2.774232029914855957e-01
2.604654729366302490e-01,2.257305830717086792e-01
-2.777342796325683594e-01,-2.338001877069473267e-01
-1.866520643234252930e-01,-2.732492983341217041e-01
1.931462287902832031e-01,2.746413052082061768e-01
1.983270496129989624e-01,2.781610786914825439e-01
2.732144892215728760e-01,2.452481091022491455e-01
-1.194300502538681030e-01,-2.606167197227478027e-01
-1.426439583301544189e-01,-2.751125097274780273e-01
1.658040136098861694e-01,2.817551493644714355e-01
2.483218610286712646e-01,2.506299614906311035e-01
2.729726135730743408e-01,1.886991411447525024e-01
1.061243265867233276e-01,2.655229866504669189e-01
2.000041306018829346e-01,2.743086814880371094e-01
2.654719352722167969e-01,2.411115318536758423e-01
2.552218437194824219e-01,2.561271786689758301e-01
-2.056307196617126465e-01,-3.167364001274108887e-02
2.111207544803619385e-01,2.751924991607666016e-01
2.426325082778930664e-01,2.447278946638107300e-01
2.115661054849624634e-01,2.668449282646179199e-01
2.746836543083190918e-01,1.830015927553176880e-01
-2.571343481540679932e-01,-1.383032351732254028e-01
2.628237903118133545e-01,1.346124708652496338e-01
-1.132309287786483765e-01,-2.501869201660156250e-01
1.869278699159622192e-01,2.797195911407470703e-01
-2.209158241748809814e-01,-2.647543549537658691e-01
1.899138838052749634e-01,2.829110324382781982e-01
2.474282979965209961e-01,2.517690062522888184e-01
1.222030743956565857e-01,2.509446442127227783e-01
2.858099341392517090e-01,1.900889873504638672e-01
2.989949882030487061e-01,1.332653015851974487e-01
-1.465922892093658447e-01,-2.613629996776580811e-01
-2.584501802921295166e-01,-1.817261576652526855e-01
-2.612088620662689209e-01,-2.217852324247360229e-01
1.798270642757415771e-01,2.813695371150970459e-01
2.840175330638885498e-01,2.175858616828918457e-01
2.702207565307617188e-01,2.012802213430404663e-01
1.536125242710113525e-01,2.807850241661071777e-01
-2.457794249057769775e-01,-2.563368082046508789e-01
2.293844670057296753e-01,7.686448842287063599e-02
-9.374186396598815918e-02,-2.485505491495132446e-01
-1.854634135961532593e-01,-2.754568159580230713e-01
2.893049418926239014e-01,1.953592002391815186e-01
2.809811234474182129e-01,1.773197352886199951e-01
-1.924471855163574219e-01,-2.609616816043853760e-01
1.817352622747421265e-01,2.808567285537719727e-01
-2.707543373107910156e-01,-1.844542473554611206e-01
1.692956089973449707e-01,2.884611785411834717e-01
-2.224255651235580444e-01,-2.455531358718872070e-01
2.058930397033691406e-01,2.773133516311645508e-01
-2.315681874752044678e-01,-2.600019872188568115e-01
-2.547266483306884766e-01,-1.167549118399620056e-01
-2.530915737152099609e-01,-2.378817647695541382e-01
-1.180233880877494812e-01,-2.800966501235961914e-01
2.685051262378692627e-01,2.782881557941436768e-01
-2.877213358879089355e-01,-1.877018213272094727e-01
2.647677659988403320e-01,1.440807729959487915e-01
-1.393508911132812500e-01,-2.607109844684600830e-01
2.539813220500946045e-01,1.325680017471313477e-01
-2.602147758007049561e-01,-1.564467400312423706e-01
-2.592740952968597412e-01,-1.646943092346191406e-01
1.530398577451705933e-01,2.834261357784271240e-01
-5.125427246093750000e-02,-2.735212743282318115e-01
-2.564595043659210205e-01,-2.480622231960296631e-01
2.030235081911087036e-01,2.720665335655212402e-01
-2.479618340730667114e-01,-1.663103699684143066e-01
2.155616134405136108e-01,2.626527547836303711e-01
-2.666757106781005859e-01,-1.603215634822845459e-01
2.693095505237579346e-01,2.108672857284545898e-01
2.552685439586639404e-01,1.367521286010742188e-01
-2.580378651618957520e-01,-1.791770458221435547e-01
-1.570236384868621826e-01,-2.743706405162811279e-01
-2.718780040740966797e-01,-1.284942924976348877e-01
2.789876163005828857e-01,1.904489547014236450e-01
1.803535968065261841e-01,2.795782685279846191e-01
2.743810117244720459e-01,2.119770944118499756e-01
-2.654106616973876953e-01,-1.274142414331436157e-01
2.546620070934295654e-01,2.400638908147811890e-01
-2.468283176422119141e-01,-2.451512068510055542e-01
1.777669787406921387e-01,2.859832048416137695e-01
1.966693550348281860e-01,2.692139446735382080e-01
-2.745771706104278564e-01,-1.532323509454727173e-01
2.388688921928405762e-01,2.720876634120941162e-01
-1.340481191873550415e-01,-2.620756626129150391e-01
2.247085124254226685e-01,3.058323264122009277e-01
-1.951871365308761597e-01,-2.851291000843048096e-01
-2.568764984607696533e-01,-1.819997876882553101e-01
-5.372097343206405640e-02,-2.666947841644287109e-01
-2.523307800292968750e-01,-2.101515829563140869e-01
1.687740981578826904e-01,2.868377864360809326e-01
1.953291893005371094e-01,2.727150321006774902e-01
-2.661464214324951172e-01,-1.455177962779998779e-01
-1.738598495721817017e-01,-2.727072238922119141e-01
-1.067257449030876160e-01,-2.596607506275177002e-01
2.752141654491424561e-01,1.675542891025543213e-01
2.689309716224670410e-01,2.524156570434570312e-01
2.402508407831192017e-01,2.601372897624969482e-01
2.416815757751464844e-01,8.434665203094482422e-02
1.565425097942352295e-01,2.754158079624176025e-01
-2.564360797405242920e-01,-1.244110614061355591e-01
-2.371660619974136353e-01,-3.738882765173912048e-02
-1.006125286221504211e-01,-2.692745029926300049e-01
-2.574793100357055664e-01,-1.143087670207023621e-01
2.438364773988723755e-01,2.421292811632156372e-01
-2.217648550868034363e-02,-1.711024194955825806e-01
2.756553590297698975e-01,1.485343873500823975e-01
2.658572494983673096e-01,1.590540856122970581e-01
2.277294248342514038e-01,2.725356221199035645e-01
2.009321749210357666e-01,2.967652082443237305e-01
-2.621978819370269775e-01,-1.921205967664718628e-01
-2.815839052200317383e-01,-1.675647348165512085e-01
-2.554530501365661621e-01,-1.339821070432662964e-01
-2.483270466327667236e-01,-2.006607204675674438e-01
-2.760481536388397217e-01,-1.363674998283386230e-01
2.419170737266540527e-01,2.613671422004699707e-01
2.143587321043014526e-01,2.823014855384826660e-01
2.495421469211578369e-01,2.543131709098815918e-01
-7.663255184888839722e-02,-2.468049824237823486e-01
2.635864615440368652e-01,2.190900892019271851e-01
-2.734904885292053223e-01,-1.747810542583465576e-01
-2.529547512531280518e-01,-1.350598484277725220e-01
1.343321204185485840e-01,2.735788226127624512e-01
-1.747177392244338989e-01,-2.582738101482391357e-01
2.006324082612991333e-01,2.882051765918731689e-01
2.892006337642669678e-01,1.722349375486373901e-01
9.884513169527053833e-02,2.437379509210586548e-01
2.879164814949035645e-01,2.051116228103637695e-01
1.833148747682571411e-01,2.811716496944427490e-01
-2.635205388069152832e-01,-2.052780389785766602e-01
-2.704955637454986572e-01,-1.678908765316009521e-01
2.519375085830688477e-01,2.527571022510528564e-01
-2.650682926177978516e-01,-1.458885967731475830e-01
-1.892687976360321045e-01,-2.672232687473297119e-01
2.800477743148803711e-01,1.722732633352279663e-01
2.719531655311584473e-01,1.817225664854049683e-01
-2.595120072364807129e-01,-1.795773655176162720e-01
2.252605259418487549e-01,2.520003020763397217e-01
2.778459191322326660e-01,1.983438432216644287e-01
2.058662176132202148e-01,2.784314155578613281e-01
-2.699394822120666504e-01,-1.798090785741806030e-01
1.896691471338272095e-01,2.781172096729278564e-01
2.701615393161773682e-01,1.633042246103286743e-01
2.721408605575561523e-01,1.715115606784820557e-01
-2.757460176944732666e-01,-2.044413983821868896e-01
2.597906887531280518e-01,2.365765124559402466e-01
1.992857009172439575e-01,2.708571851253509521e-01
-1.573065668344497681e-01,-2.664692401885986328e-01
2.713964581489562988e-01,1.787889450788497925e-01
-2.659110724925994873e-01,-2.333394140005111694e-01
-2.664462327957153320e-01,-2.350861132144927979e-01
-2.306704074144363403e-01,-2.758688032627105713e-01
2.648008167743682861e-01,2.208528667688369751e-01
-2.617611587047576904e-01,-2.221628725528717041e-01
2.879454195499420166e-01,1.481218636035919189e-01
2.095346897840499878e-01,2.737806439399719238e-01
-1.630434840917587280e-01,-2.849951684474945068e-01
2.717351615428924561e-01,2.082724720239639282e-01
-2.104151546955108643e-01,-2.557686567306518555e-01
-2.630103230476379395e-01,-2.293451428413391113e-01
2.691531181335449219e-01,1.375453770160675049e-01
-6.772074848413467407e-02,-3.424577713012695312e-01
-8.620522171258926392e-02,-2.418709993362426758e-01
1.851647049188613892e-01,2.826058864593505859e-01
-2.640891671180725098e-01,-2.534969449043273926e-01
-1.996487230062484741e-01,-2.726472020149230957e-01
1.093158572912216187e-01,2.724825143814086914e-01
-2.778904139995574951e-01,-1.714099347591400146e-01
-1.989042609930038452e-01,-2.589205801486968994e-01
-2.494138181209564209e-01,-2.496619075536727905e-01
2.599152028560638428e-01,1.596924364566802979e-01
-1.759498119354248047e-01,-2.801491916179656982e-01
-2.372405827045440674e-01,-2.520851790904998779e-01
2.870275974273681641e-01,1.340746730566024780e-01
-2.510209381580352783e-01,-2.474812716245651245e-01
-2.482998371124267578e-01,-2.345612794160842896e-01
-1.419313848018646240e-01,-2.573837041854858398e-01
2.708727121353149414e-01,2.018351554870605469e-01
-1.064180955290794373e-01,-2.465351670980453491e-01
2.434494495391845703e-01,2.339362204074859619e-01
2.290430814027786255e-01,2.752611935138702393e-01
2.831717133522033691e-01,1.774800717830657959e-01
-7.282575219869613647e-02,-2.582833766937255859e-01
-2.412651926279067993e-01,-5.666903406381607056e-02
1.885512769222259521e-01,2.729037404060363770e-01
-2.433311641216278076e-01,-1.947362571954727173e-01
2.725366055965423584e-01,1.867704391479492188e-01
1.849748194217681885e-01,3.012459278106689453e-01
-2.679730057716369629e-01,-1.346610039472579956e-01
2.203544676303863525e-01,2.782748043537139893e-01
-2.683729529380798340e-01,-1.854752600193023682e-01
2.645156681537628174e-01,2.549512982368469238e-01
-2.752103805541992188e-01,-2.113653421401977539e-01
-1.640048623085021973e-01,-2.684652507305145264e-01
-2.223816514015197754e-01,-2.485173046588897705e-01
-2.405215501785278320e-01,-2.523818910121917725e-01
-2.484135776758193970e-01,-2.236068546772003174e-01
-1.777620613574981689e-01,-2.865806221961975098e-01
2.464290112257003784e-01,2.460363656282424927e-01
-2.307261079549789429e-01,-1.640776991844177246e-01
2.946714460849761963e-01,1.591148823499679565e-01
2.637472748756408691e-01,2.176764458417892456e-01
-2.096734642982482910e-01,-2.701403200626373291e-01
2.658320069313049316e-01,9.917593002319335938e-02
-1.210397258400917053e-01,-2.561772167682647705e-01
2.170077413320541382e-01,2.678952515125274658e-01
2.571524381637573242e-01,2.123555243015289307e-01
1.299583613872528076e-01,2.421585917472839355e-01
1.338967680931091309e-01,2.515775263309478760e-01
2.461535185575485229e-01,2.595427632331848145e-01
-1.955730766057968140e-01,-2.607569694519042969e-01
3.016758263111114502e-01,2.177220135927200317e-01
-1.088049486279487610e-01,-2.671184539794921875e-01
-2.543725669384002686e-01,-1.102737262845039368e-01
2.812238633632659912e-01,1.761057823896408081e-01
-2.656613886356353760e-01,-2.106356024742126465e-01
-2.735003829002380371e-01,-1.619358509778976440e-01
2.800185978412628174e-01,2.152162194252014160e-01
2.036371529102325439e-01,2.835464775562286377e-01
-2.104018926620483398e-01,-2.682072222232818604e-01
2.076934725046157837e-01,2.890168428421020508e-01
2.253654599189758301e-01,2.693471312522888184e-01
1.573558002710342407e-01,2.677801847457885742e-01
2.263864427804946899e-01,2.911759614944458008e-01
-2.667438387870788574e-01,-1.637630909681320190e-01
2.724611461162567139e-01,1.980839371681213379e-01
-1.292629539966583252e-01,-2.575147449970245361e-01
-2.870258986949920654e-01,-1.546312719583511353e-01
-2.362303286790847778e-01,-2.786769866943359375e-01
2.645385563373565674e-01,1.354166269302368164e-01
-1.662756055593490601e-01,-2.869980931282043457e-01
-2.488472759723663330e-01,-2.299743592739105225e-01
1.155541390180587769e-01,2.813354432582855225e-01
2.405967712402343750e-01,1.059709861874580383e-01
-2.364287376403808594e-01,-2.008339390158653259e-02
-2.933234348893165588e-02,4.189742207527160645e-01
-1.038740724325180054e-01,-3.047526776790618896e-01
-2.385459840297698975e-01,-2.727805972099304199e-01
-2.724398970603942871e-01,-1.356012821197509766e-01
-2.462540715932846069e-01,-1.122280210256576538e-01
2.830675840377807617e-01,1.874643117189407349e-01
-1.238966137170791626e-01,-2.088501155376434326e-01
-2.028385549783706665e-01,-2.481402456760406494e-01
2.422190904617309570e-01,2.747690677642822266e-01
-1.054551675915718079e-01,-2.765301465988159180e-01
-2.738015353679656982e-01,-1.235569939017295837e-01
-2.556531727313995361e-01,-2.651775479316711426e-01
-2.477940618991851807e-01,-2.083860039710998535e-01
1.248074844479560852e-01,2.771329581737518311e-01
-1.066327840089797974e-01,-2.497678399085998535e-01
2.010045498609542847e-01,2.850135266780853271e-01
2.756856679916381836e-01,2.026459425687789917e-01
-1.319443881511688232e-01,-2.701581418514251709e-01
1.082266047596931458e-01,2.824510931968688965e-01
-6.064150482416152954e-02,-2.688549757003784180e-01
-5.435540527105331421e-02,-2.887191176414489746e-01
-1.563987582921981812e-01,-2.678762972354888916e-01
-7.026716321706771851e-02,-2.565608620643615723e-01
2.663820981979370117e-01,1.401078999042510986e-01
2.627445161342620850e-01,1.405434757471084595e-01
1.966876834630966187e-01,2.860937714576721191e-01
2.566562891006469727e-01,2.302309721708297729e-01
-2.465720772743225098e-01,-2.428242862224578857e-01
-1.322137415409088135e-01,-2.683990001678466797e-01
2.081908285617828369e-01,2.882858216762542725e-01
2.701385617256164551e-01,2.087082713842391968e-01
2.760856151580810547e-01,1.711363643407821655e-01
2.679436504840850830e-01,1.579889953136444092e-01
-2.821553349494934082e-01,-1.452118307352066040e-01
2.618997991085052490e-01,1.580242663621902466e-01
-1.430655419826507568e-01,-2.711097598075866699e-01
-2.255495935678482056e-01,-2.857720255851745605e-01
-1.635700464248657227e-01,-2.845166921615600586e-01
2.459228783845901489e-01,8.898262679576873779e-02
2.375977486371994019e-01,2.566232085227966309e-01
2.611483931541442871e-01,1.576759815216064453e-01
-2.535544633865356445e-01,-2.039760351181030273e-01
2.410472780466079712e-01,2.460886985063552856e-01
1.391630023717880249e-01,2.671139538288116455e-01
2.605631947517395020e-01,1.523122787475585938e-01
-1.966776400804519653e-01,-2.597678303718566895e-01
2.848244309425354004e-01,1.859359890222549438e-01
-1.736256480216979980e-01,-2.615626156330108643e-01
2.608879506587982178e-01,2.108585834503173828e-01
-9.000538289546966553e-02,-2.563644349575042725e-01
1.919553279876708984e-01,2.819768488407135010e-01
-2.503532171249389648e-01,-1.843847334384918213e-01
-7.414343208074569702e-02,-2.485221624374389648e-01
2.674139142036437988e-01,1.393695473670959473e-01
-2.651302218437194824e-01,-1.297962218523025513e-01
2.645668089389801025e-01,1.725922375917434692e-01
-2.228142172098159790e-01,-2.591350674629211426e-01
3.080260753631591797e-02,-8.033351302146911621e-01
2.116605639457702637e-01,2.920325398445129395e-01
2.749128341674804688e-01,1.396503746509552002e-01
-2.872834503650665283e-01,-2.066762298345565796e-01
-2.822329401969909668e-01,-1.705920249223709106e-01
2.640246748924255371e-01,2.024555206298828125e-01
2.762178182601928711e-01,2.182547897100448608e-01
2.471593320369720459e-01,2.553353905677795410e-01
1.469271034002304077e-01,3.026030957698822021e-01
-1.764115989208221436e-01,-2.821542918682098389e-01
-2.426792383193969727e-01,-1.015856415033340454e-01
-1.651541143655776978e-01,-2.720712721347808838e-01
-2.241471856832504272e-01,-2.504146397113800049e-01
2.263580709695816040e-01,2.719719707965850830e-01
2.767990827560424805e-01,2.078145146369934082e-01
-1.437273919582366943e-01,-2.792015671730041504e-01
-1.256957203149795532e-01,-2.617124617099761963e-01
-2.613683342933654785e-01,-1.153322309255599976e-01
2.701125741004943848e-01,1.568388789892196655e-01
2.635614573955535889e-01,2.177240848541259766e-01
-2.894855439662933350e-01,-1.517262160778045654e-01
2.816291153430938721e-01,2.050742805004119873e-01
-9.635913372039794922e-02,-2.545554637908935547e-01
2.486683726310729980e-01,9.679722785949707031e-02
9.947191178798675537e-02,2.150848358869552612e-01
2.635616958141326904e-01,2.175126224756240845e-01
6.706089526414871216e-02,2.368588149547576904e-01
-2.067713737487792969e-01,-2.490484863519668579e-01
2.478469014167785645e-01,2.431947588920593262e-01
1.865361034870147705e-01,2.730432152748107910e-01
1.630576848983764648e-01,2.779385149478912354e-01
-2.462294697761535645e-01,-2.306904643774032593e-01
1.447228193283081055e-01,2.895483076572418213e-01
-1.465044319629669189e-01,-2.719940841197967529e-01
1.824561357498168945e-01,2.721412181854248047e-01
2.799385190010070801e-01,1.697279512882232666e-01
2.718945741653442383e-01,1.102878972887992859e-01
2.020709067583084106e-01,2.869755625724792480e-01
2.259117662906646729e-01,2.917381525039672852e-01
2.658828198909759521e-01,2.603477537631988525e-01
-2.882090806961059570e-01,-1.975254416465759277e-01
-2.597767710685729980e-01,-2.301939725875854492e-01
2.841394543647766113e-01,1.955649703741073608e-01
1.891420036554336548e-01,2.854702770709991455e-01
-2.583445608615875244e-01,-1.094803959131240845e-01
1.926133632659912109e-01,2.684960663318634033e-01
-2.770769894123077393e-01,-1.788365989923477173e-01
-2.682892978191375732e-01,-1.533389091491699219e-01
-2.857533693313598633e-01,-2.211959213018417358e-01
-1.805355250835418701e-01,-2.797808349132537842e-01
-2.114565968513488770e-01,-2.527050077915191650e-01
2.639365494251251221e-01,2.468208074569702148e-01
-2.606797516345977783e-01,-2.594921886920928955e-01
-2.345615923404693604e-01,-2.488678544759750366e-01
1.517801135778427124e-01,2.681581377983093262e-01
2.667137086391448975e-01,2.121271491050720215e-01
-2.602517604827880859e-01,-2.141017615795135498e-01
2.300377786159515381e-01,2.589743733406066895e-01
2.090532928705215454e-01,2.776598930358886719e-01
-1.670488715171813965e-01,-2.735974490642547607e-01
-2.703093588352203369e-01,-2.283508032560348511e-01
-2.436314076185226440e-01,-9.337482601404190063e-02
-2.639593183994293213e-01,-2.392063885927200317e-01
-2.550107538700103760e-01,-1.461427211761474609e-01
2.711496651172637939e-01,2.142774462699890137e-01
2.644113302230834961e-01,1.858514696359634399e-01
2.437847703695297241e-01,2.450409084558486938e-01
2.636029124259948730e-01,2.113282829523086548e-01
2.623688876628875732e-01,1.762794852256774902e-01
2.158452719449996948e-01,2.727908492088317871e-01
-2.632690966129302979e-01,-8.545955270528793335e-02
2.422900646924972534e-01,2.546637952327728271e-01
-9.483920037746429443e-02,-2.496846169233322144e-01
-2.381416112184524536e-01,-2.733223736286163330e-01
-1.754521280527114868e-01,-2.766759991645812988e-01
1.876148581504821777e-01,2.890291810035705566e-01
-2.690438628196716309e-01,-2.166495174169540405e-01
-2.704010307788848877e-01,-2.037685215473175049e-01
-1.931944191455841064e-01,-2.615721225738525391e-01
-3.011251986026763916e-01,-2.082564532756805420e-01
2.550094127655029297e-01,1.509267985820770264e-01
-1.650023460388183594e-01,-2.736325263977050781e-01
2.652791440486907959e-01,2.853966951370239258e-01
-2.670120596885681152e-01,-1.063992977142333984e-01
-2.829761505126953125e-01,-1.587305963039398193e-01
2.786923944950103760e-01,1.848562955856323242e-01
2.605277597904205322e-01,1.379964798688888550e-01
2.660233378410339355e-01,2.091100662946701050e-01
2.491926252841949463e-01,1.109330430626869202e-01
-1.720325201749801636e-01,-2.596348524093627930e-01
2.748248875141143799e-01,2.226732075214385986e-01
2.668593227863311768e-01,1.501087546348571777e-01
-2.567779719829559326e-01,-2.394412457942962646e-01
1.828026622533798218e-01,2.732451558113098145e-01
2.491792887449264526e-01,2.617845833301544189e-01
2.629700601100921631e-01,1.414105296134948730e-01
-2.548521161079406738e-01,-1.246700212359428406e-01
-4.923147708177566528e-02,-3.653234541416168213e-01
-1.287481784820556641e-01,-2.495686560869216919e-01
-1.569068133831024170e-01,-2.624819874763488770e-01
-1.176727190613746643e-01,-2.691044807434082031e-01
-2.584055364131927490e-01,-1.073997020721435547e-01
-2.676356732845306396e-01,-2.416880279779434204e-01
2.777384221553802490e-01,2.282629609107971191e-01
2.719910740852355957e-01,1.712855994701385498e-01
-1.473063081502914429e-01,-2.699140310287475586e-01
1.272815018892288208e-01,2.488514333963394165e-01
1.785147637128829956e-01,2.941457629203796387e-01
-1.565198004245758057e-01,-2.571941316127777100e-01
2.150185704231262207e-01,2.772429287433624268e-01
-2.072302848100662231e-01,-2.693227231502532959e-01
-2.219246625900268555e-01,-2.532792985439300537e-01
2.730752527713775635e-01,1.769141405820846558e-01
2.389325797557830811e-01,2.757545411586761475e-01
2.823833823204040527e-01,1.612047851085662842e-01
1.325013190507888794e-01,2.935385704040527344e-01
1.439330875873565674e-01,2.612050771713256836e-01
-1.190485209226608276e-01,-2.787458896636962891e-01
2.393655925989151001e-01,2.552636265754699707e-01
2.752056419849395752e-01,2.072963863611221313e-01
-2.596876323223114014e-01,-1.933428049087524414e-01
1.381246745586395264e-01,2.540739774703979492e-01
2.531930208206176758e-01,2.471821308135986328e-01
-2.495988756418228149e-01,-1.363089829683303833e-01
-9.052529931068420410e-02,-2.473918199539184570e-01
2.118751108646392822e-01,2.690564095973968506e-01
-2.770856320858001709e-01,-1.727927476167678833e-01
2.919591963291168213e-01,1.906869113445281982e-01
-1.713760495185852051e-01,-2.290726155042648315e-01
1.549502611160278320e-01,5.332173779606819153e-02
-2.793149948120117188e-01,-2.048264592885971069e-01
-2.307259738445281982e-01,-6.241590902209281921e-02
2.349808514118194580e-01,2.716143727302551270e-01
1.865426748991012573e-01,2.668705582618713379e-01
-2.727984488010406494e-01,-1.792315840721130371e-01
-2.391719073057174683e-01,-2.561686336994171143e-01
1.628963947296142578e-01,2.829544246196746826e-01
-1.983997225761413574e-01,-2.686169147491455078e-01
2.547887265682220459e-01,2.293598055839538574e-01
-2.640695273876190186e-01,-1.610199213027954102e-01
2.489399760961532593e-01,2.554277777671813965e-01
-1.446673721075057983e-01,-2.630950212478637695e-01
-1.555559039115905762e-01,-2.839225232601165771e-01
2.601625025272369385e-01,2.451949417591094971e-01
1.720228046178817749e-01,2.866369783878326416e-01
1.946001797914505005e-01,2.666914463043212891e-01
2.321328073740005493e-01,2.661498785018920898e-01
-1.091712787747383118e-01,-2.453235387802124023e-01
-1.739860028028488159e-01,-2.766458690166473389e-01
2.733836174011230469e-01,1.960505545139312744e-01
1.790894865989685059e-01,2.841872572898864746e-01
-2.142186164855957031e-01,-2.747221887111663818e-01
-2.616189718246459961e-01,-1.408237069845199585e-01
-2.458933442831039429e-01,-9.316579997539520264e-02
1.589963883161544800e-01,2.717088758945465088e-01
2.403382360935211182e-01,9.355337917804718018e-02
-1.866921633481979370e-01,-2.959719002246856689e-01
2.505338191986083984e-01,2.718946635723114014e-01
2.590420246124267578e-01,2.289493829011917114e-01
2.723573744297027588e-01,1.567079424858093262e-01
1.340288519859313965e-01,2.670325040817260742e-01
2.733595967292785645e-01,2.256711423397064209e-01
-2.603464126586914062e-01,-2.213216871023178101e-01
-2.699309885501861572e-01,-1.890984475612640381e-01
-1.097458079457283020e-01,-2.490718066692352295e-01
-1.260494738817214966e-01,-2.689539790153503418e-01
1.785887479782104492e-01,2.983950674533843994e-01
1.977681517601013184e-01,2.829395532608032227e-01
-5.592083092778921127e-03,-1.359586417675018311e-01
-2.370400279760360718e-01,-6.968678534030914307e-02
2.801432013511657715e-01,1.630246639251708984e-01
-2.515349686145782471e-01,-1.971702277660369873e-01
1.498007178306579590e-01,2.790483534336090088e-01
-1.075491085648536682e-01,-2.661361396312713623e-01
1.576869748532772064e-02,1.601808965206146240e-01
-2.472369968891143799e-01,-2.623597979545593262e-01
-2.755956053733825684e-01,-2.224686294794082642e-01
-2.192454785108566284e-01,-2.517252862453460693e-01
-2.271325588226318359e-01,1.002340205013751984e-02
2.463649511337280273e-01,2.422117888927459717e-01
2.549330294132232666e-01,2.478370070457458496e-01
2.000252753496170044e-01,2.928234338760375977e-01
-8.215688169002532959e-02,-2.480566650629043579e-01
-2.651410400867462158e-01,-1.514522433280944824e-01
2.429437637329101562e-01,2.280285507440567017e-01
2.695259153842926025e-01,1.666624546051025391e-01
-2.693468332290649414e-01,-2.387924790382385254e-01
-2.789076268672943115e-01,-1.905644088983535767e-01
-2.867541909217834473e-01,-1.664411574602127075e-01
1.996820271015167236e-01,2.868660688400268555e-01
1.088325008749961853e-01,2.719121873378753662e-01
-2.033723741769790649e-01,-2.688053250312805176e-01
-2.528125345706939697e-01,-2.587912678718566895e-01
-2.589127123355865479e-01,-1.153669282793998718e-01
1.390693634748458862e-01,1.311301738023757935e-01
2.249951511621475220e-01,2.494407743215560913e-01
-2.764987647533416748e-01,-2.057572156190872192e-01
-2.836080789566040039e-01,-1.766873002052307129e-01
-2.562160193920135498e-01,-2.203713059425354004e-01
-2.089697420597076416e-01,-2.615577578544616699e-01
-2.481149882078170776e-01,-1.290156841278076172e-01
-2.679269611835479736e-01,-1.506700217723846436e-01
2.509796321392059326e-01,7.208450883626937866e-02
-1.976786851882934570e-01,-2.597755491733551025e-01
2.688425779342651367e-01,1.463063508272171021e-01
-1.884213387966156006e-01,-2.589392960071563721e-01
-2.674398720264434814e-01,-2.451269477605819702e-01
2.408659905195236206e-01,2.360654920339584351e-01
2.248243540525436401e-01,2.525416016578674316e-01
1.475740969181060791e-01,2.701657712459564209e-01
2.477960437536239624e-01,2.359673976898193359e-01
-2.772671282291412354e-01,-1.386971026659011841e-01
-1.841878592967987061e-01,-2.575289607048034668e-01
2.478707283735275269e-01,2.642688453197479248e-01
-9.653548896312713623e-02,-2.535127699375152588e-01
2.552076578140258789e-01,2.605058252811431885e-01
1.483978629112243652e-01,2.597693204879760742e-01
1.071310043334960938e-01,2.727501094341278076e-01
-2.823456823825836182e-01,-2.180610895156860352e-01
1.530691534280776978e-01,2.818766534328460693e-01
2.037566453218460083e-01,2.677106559276580811e-01
2.612959444522857666e-01,2.595003247261047363e-01
1.492272764444351196e-01,2.702857851982116699e-01
-2.139982134103775024e-01,-2.580137848854064941e-01
2.596491575241088867e-01,1.148620322346687317e-01
-2.856853008270263672e-01,-1.857767850160598755e-01
-1.224866285920143127e-01,-2.538867890834808350e-01
-1.408382356166839600e-01,-2.552140951156616211e-01
2.667785286903381348e-01,1.599937826395034790e-01
-1.960248202085494995e-01,-2.662186920642852783e-01
-2.060818523168563843e-01,-2.666108906269073486e-01
-2.600281238555908203e-01,-2.432289272546768188e-01
-1.948473304510116577e-01,-2.715544998645782471e-01
-1.806749403476715088e-01,-2.675008773803710938e-01
2.795233726501464844e-01,1.691540032625198364e-01
-2.626253962516784668e-01,-2.140223830938339233e-01
2.343751341104507446e-01,2.617285251617431641e-01
2.251016199588775635e-01,2.744803130626678467e-01
-2.006829977035522461e-01,-2.880221903324127197e-01
-5.016908049583435059e-02,-2.354497313499450684e-01
-2.460588067770004272e-01,-8.107487857341766357e-02
1.823467612266540527e-01,2.685110867023468018e-01
-1.257440894842147827e-01,-2.770792841911315918e-01
2.450592070817947388e-01,2.520551681518554688e-01
2.709053754806518555e-01,1.351361423730850220e-01
2.209267616271972656e-01,2.769026756286621094e-01
2.344278246164321899e-01,2.664500772953033447e-01
1.774274408817291260e-01,2.712431848049163818e-01
3.041426539421081543e-01,2.361338883638381958e-01
-1.277842968702316284e-01,-2.722154259681701660e-01
-1.506862491369247437e-01,-2.655129134654998779e-01
-2.251091152429580688e-01,-2.611453235149383545e-01
2.720833420753479004e-01,1.490502357482910156e-01
-2.683530151844024658e-01,-2.113407999277114868e-01
-2.309970408678054810e-01,-2.503259181976318359e-01
2.296784520149230957e-01,2.800668478012084961e-01
1.408751010894775391e-01,2.671159505844116211e-01
-1.102531850337982178e-01,-2.685458958148956299e-01
-2.690644264221191406e-01,-1.405366063117980957e-01
2.119588255882263184e-01,2.855090796947479248e-01
2.642247080802917480e-01,2.572565376758575439e-01
2.642883360385894775e-01,1.465792059898376465e-01
1.878361701965332031e-01,2.867161631584167480e-01
-1.045575961470603943e-01,-2.578761577606201172e-01
-1.884548813104629517e-01,-2.834146320819854736e-01
2.582587301731109619e-01,2.382907718420028687e-01
2.204269915819168091e-01,2.734428942203521729e-01
-1.460691094398498535e-01,-2.811856269836425781e-01
2.755728363990783691e-01,1.760080903768539429e-01
-1.615658402442932129e-01,-2.658380866050720215e-01
-2.631027102470397949e-01,-2.084659785032272339e-01
-2.219593375921249390e-01,-2.591738402843475342e-01
2.743913531303405762e-01,1.975036561489105225e-01
-2.491610199213027954e-01,-1.099689155817031860e-01
-7.565601170063018799e-02,-2.400463372468948364e-01
-2.619599103927612305e-01,-2.402678728103637695e-01
-2.505769431591033936e-01,-2.391637414693832397e-01
2.643636465072631836e-01,1.458976864814758301e-01
1.312619596719741821e-01,2.513299882411956787e-01
9.578004479408264160e-02,2.498997598886489868e-01
-2.001355588436126709e-01,-2.605206072330474854e-01
-2.597971558570861816e-01,-2.153865396976470947e-01
1.767904162406921387e-01,2.778718173503875732e-01
-2.765736281871795654e-01,-1.824971735477447510e-01
-2.438023537397384644e-01,-2.429732084274291992e-01
-2.813862860202789307e-01,-1.594666540622711182e-01
-1.908070892095565796e-01,-2.635906338691711426e-01
-1.707257777452468872e-01,-2.644019722938537598e-01
-2.200299054384231567e-01,-2.631296515464782715e-01
2.588061094284057617e-01,2.271093726158142090e-01
1.830994337797164917e-01,2.796080112457275391e-01
-2.314076274633407593e-01,-2.590624392032623291e-01
-2.510431408882141113e-01,-1.144302338361740112e-01
-7.112256437540054321e-02,-2.653391659259796143e-01
-2.453504353761672974e-01,-2.240805625915527344e-01
-1.854277253150939941e-01,-2.617538869380950928e-01
2.662277817726135254e-01,2.595570981502532959e-01
-1.871372908353805542e-01,-2.627798914909362793e-01
-2.708181440830230713e-01,-1.630522608757019043e-01
-2.553841471672058105e-01,-2.399482131004333496e-01
-2.719467878341674805e-01,-2.440911084413528442e-01
1.771568208932876587e-01,2.791944146156311035e-01
2.841556072235107422e-01,2.141015678644180298e-01
-2.454932928085327148e-01,-2.397810220718383789e-01
-2.463720440864562988e-01,-3.059972263872623444e-02
2.655580639839172363e-01,1.077484488487243652e-01
2.139938175678253174e-01,2.830705344676971436e-01
-1.894973665475845337e-01,-2.565698921680450439e-01
2.470130622386932373e-01,2.408575564622879028e-01
-2.694602906703948975e-01,-1.547107696533203125e-01
-9.553463011980056763e-02,-2.455268353223800659e-01
2.677072584629058838e-01,1.523377895355224609e-01
2.434322834014892578e-01,2.637828588485717773e-01
-2.669662535190582275e-01,-2.017321884632110596e-01
-1.761142015457153320e-01,-2.803553938865661621e-01
-8.677607029676437378e-02,-2.432981729507446289e-01
-2.078289538621902466e-01,-2.519387304782867432e-01
2.408137023448944092e-01,2.589629888534545898e-01
-1.645827442407608032e-01,-2.710973620414733887e-01
-2.732880711555480957e-01,-1.783772408962249756e-01
1.899485588073730469e-01,2.775926291942596436e-01
2.680984139442443848e-01,1.743243783712387085e-01
-1.395677626132965088e-01,-2.733436524868011475e-01
-2.653517127037048340e-01,-2.195757180452346802e-01
-2.760691046714782715e-01,-1.927895396947860718e-01
-2.602021098136901855e-01,-2.224729359149932861e-01
-2.749086618423461914e-01,-1.566217839717864990e-01
-1.509619355201721191e-01,-2.671836018562316895e-01
-2.473543435335159302e-01,-2.551669180393218994e-01
-2.685748338699340820e-01,-1.554685831069946289e-01
1.572194993495941162e-01,2.749924063682556152e-01
2.223497927188873291e-01,2.647051513195037842e-01
-1.607989966869354248e-01,-2.659256160259246826e-01
2.386744469404220581e-01,2.790395021438598633e-01
-2.345230430364608765e-01,-2.511399388313293457e-01
9.116045199334621429e-03,3.047133684158325195e-01
2.711571455001831055e-01,1.922825574874877930e-01
-2.755533754825592041e-01,-1.716096252202987671e-01
2.458801120519638062e-01,3.011002838611602783e-01
-2.324633151292800903e-01,-2.474207729101181030e-01
-2.194166630506515503e-01,-2.541612684726715088e-01
1.299809366464614868e-01,2.608173489570617676e-01
-1.762765645980834961e-01,-2.598738670349121094e-01
-2.541607022285461426e-01,-2.350615859031677246e-01
2.659387886524200439e-01,1.538465917110443115e-01
1.214322671294212341e-01,2.273299545049667358e-01
-2.212157845497131348e-01,-1.007781922817230225e-01
-2.765882313251495361e-01,-1.630721688270568848e-01
2.815283834934234619e-01,2.212185412645339966e-01
-2.460460364818572998e-01,-1.053639426827430725e-01
2.911214232444763184e-01,1.729745417833328247e-01
2.592658102512359619e-01,2.352751493453979492e-01
-2.628204226493835449e-01,-1.936847418546676636e-01
2.614110410213470459e-01,1.895998269319534302e-01
1.333994120359420776e-01,2.473030090332031250e-01
1.888196766376495361e-01,2.736698091030120850e-01
2.393500059843063354e-01,2.636069953441619873e-01
2.595305442810058594e-01,2.374240607023239136e-01
2.273030728101730347e-01,2.612890601158142090e-01
2.496599555015563965e-01,8.578682690858840942e-02
2.020248621702194214e-01,2.772924304008483887e-01
-2.783728241920471191e-01,-1.951021403074264526e-01
-2.371466159820556641e-01,-2.538086473941802979e-01
-2.350777387619018555e-01,-2.566963732242584229e-01
1.851231455802917480e-01,2.802843451499938965e-01
-2.610185742378234863e-01,-2.277484834194183350e-01
1.744929701089859009e-01,3.039969503879547119e-01
-2.665543556213378906e-01,-1.396783739328384399e-01
2.738080322742462158e-01,1.163100525736808777e-01
-1.263148933649063110e-01,-2.839210927486419678e-01
-1.910732090473175049e-01,-2.674734890460968018e-01
-1.313364505767822266e-01,-2.667793035507202148e-01
-2.144581675529479980e-01,-2.648683786392211914e-01
-1.402657777070999146e-01,-2.578133046627044678e-01
2.635208070278167725e-01,2.427084743976593018e-01
2.385392934083938599e-01,2.520180940628051758e-01
9.142081439495086670e-02,2.195148766040802002e-01
2.748171687126159668e-01,1.983873397111892700e-01
-2.098121047019958496e-01,-2.758483588695526123e-01
-1.836069673299789429e-01,-2.756742835044860840e-01
2.386980354785919189e-01,2.750481665134429932e-01
1.791540086269378662e-01,2.912100255489349365e-01
-2.641361653804779053e-01,-2.255209386348724365e-01
2.675921916961669922e-01,1.492975205183029175e-01
-2.941098213195800781e-01,-1.999617964029312134e-01
2.291605919599533081e-01,2.463877946138381958e-01
5.804243311285972595e-02,2.320413142442703247e-01
-2.158786058425903320e-01,-2.860161662101745605e-01
-1.942326873540878296e-01,-2.736333608627319336e-01
-2.552748024463653564e-01,-2.209844887256622314e-01
2.387136667966842651e-01,2.537765204906463623e-01
2.622566819190979004e-01,2.129911035299301147e-01
-8.560684323310852051e-02,-2.639721930027008057e-01
2.650334537029266357e-01,1.414950788021087646e-01
1.151692792773246765e-01,2.684830725193023682e-01
-1.674650758504867554e-01,-2.613814771175384521e-01
2.105108201503753662e-01,2.833845317363739014e-01
-2.762414216995239258e-01,-1.233293041586875916e-01
2.935271561145782471e-01,1.961894631385803223e-01
-2.476131319999694824e-01,-2.513248622417449951e-01
2.423734217882156372e-01,2.407589554786682129e-01
2.368931770324707031e-01,2.450875043869018555e-01
-2.798483967781066895e-01,-2.009766548871994019e-01
2.423187643289566040e-01,2.607601284980773926e-01
-2.673085629940032959e-01,-1.813264042139053345e-01
9.276054501533508301e-01,4.801186025142669678e-01
1.358450800180435181e-01,2.838704586029052734e-01
1.897382885217666626e-01,2.734255790710449219e-01
2.232656627893447876e-01,3.097482025623321533e-01
-2.690257430076599121e-01,-2.239792793989181519e-01
-2.819693088531494141e-01,-1.596848070621490479e-01
-2.200185060501098633e-01,-2.651225030422210693e-01
-1.284067034721374512e-01,-2.562681734561920166e-01
2.609467804431915283e-01,2.417451888322830200e-01
1.647817790508270264e-01,2.703182399272918701e-01
2.862761020660400391e-01,1.964090317487716675e-01
2.143308669328689575e-01,2.733504772186279297e-01
1.867689192295074463e-01,2.881975769996643066e-01
2.808646857738494873e-01,1.687793880701065063e-01
-2.610565721988677979e-01,-1.870061159133911133e-01
2.910496592521667480e-01,1.879031807184219360e-01
-2.104028612375259399e-01,-2.824110686779022217e-01
2.642291188240051270e-01,8.198857307434082031e-02
2.636821269989013672e-01,2.238185703754425049e-01
2.138918042182922363e-01,2.884557247161865234e-01
2.423281967639923096e-01,2.576460540294647217e-01
-2.248017340898513794e-01,-2.693652212619781494e-01
-1.478475630283355713e-01,-3.104227185249328613e-01
2.612834274768829346e-01,1.261236518621444702e-01
1.162192821502685547e-01,2.734676599502563477e-01
-1.431778967380523682e-01,-2.710870802402496338e-01
-2.410570085048675537e-01,-1.877084970474243164e-01
2.152491658926010132e-01,2.700507342815399170e-01
2.473652213811874390e-01,1.534916907548904419e-01
1.444079279899597168e-01,2.704123258590698242e-01
