-2.513850927352905273e-01,-2.316453754901885986e-01
4.471376836299896240e-01,2.668335437774658203e-01
-1.548322141170501709e-01,-2.670356035232543945e-01
2.574065625667572021e-01,1.016279309988021851e-01
-1.658417880535125732e-01,-2.838775515556335449e-01
1.770681142807006836e-01,2.322408407926559448e-01
1.405036896467208862e-01,2.512773573398590088e-01
1.199069395661354065e-01,2.613986730575561523e-01
-2.793161571025848389e-01,-1.537723094224929810e-01
-2.951795160770416260e-01,-1.566432416439056396e-01
-1.097580641508102417e-01,-2.587936520576477051e-01
-2.724155783653259277e-01,-1.240686550736427307e-01
1.500051766633987427e-01,2.703733146190643311e-01
1.359519809484481812e-01,-1.569605171680450439e-01
2.578696012496948242e-01,2.042110711336135864e-01
2.803046107292175293e-01,1.484133452177047729e-01
1.104286760091781616e-01,2.595056593418121338e-01
-2.542158365249633789e-01,-1.516252905130386353e-01
-2.725401520729064941e-01,-1.538802385330200195e-01
-1.509526371955871582e-01,-3.198060393333435059e-01
1.773023903369903564e-01,2.714931964874267578e-01
2.552130520343780518e-01,2.540492713451385498e-01
2.600859105587005615e-01,1.473878175020217896e-01
2.276745736598968506e-01,2.632725834846496582e-01
-2.728488445281982422e-01,-1.791855692863464355e-01
-1.428220123052597046e-01,2.117723673582077026e-01
2.386584877967834473e-01,2.477142363786697388e-01
1.123832315206527710e-01,2.337762564420700073e-01
2.234138399362564087e-01,2.510198056697845459e-01
-2.583940625190734863e-01,-1.215297281742095947e-01
-2.058977931737899780e-01,-2.734546065330505371e-01
-2.511709928512573242e-01,-2.343567162752151489e-01
-1.756460070610046387e-01,-2.689825296401977539e-01
2.649622559547424316e-01,2.542099654674530029e-01
-2.773812413215637207e-01,-2.080263942480087280e-01
-2.369279116392135620e-01,-2.461354434490203857e-01
-1.355631202459335327e-01,-2.646949887275695801e-01
2.607543170452117920e-01,2.543628215789794922e-01
-2.415764033794403076e-01,-2.665841579437255859e-01
-1.515672504901885986e-01,-2.828801572322845459e-01
-2.265250384807586670e-01,-2.581424415111541748e-01
1.186504215002059937e-01,2.506917417049407959e-01
3.243106603622436523e-02,1.933467686176300049e-01
2.217784523963928223e-01,2.448165565729141235e-01
2.807757854461669922e-01,1.639002412557601929e-01
1.434183269739151001e-01,2.563132643699645996e-01
-2.540523707866668701e-01,-2.252122759819030762e-01
1.955946534872055054e-01,2.689710557460784912e-01
-1.527113616466522217e-01,-2.688436210155487061e-01
-2.391490042209625244e-01,-2.431093752384185791e-01
2.136928588151931763e-01,2.514307200908660889e-01
-1.052517667412757874e-01,-2.655796408653259277e-01
2.147790044546127319e-02,1.960242539644241333e-02
2.720615863800048828e-01,2.208424806594848633e-01
2.329353988170623779e-01,2.390083372592926025e-01
1.382780820131301880e-01,2.515694499015808105e-01
-2.846866846084594727e-01,-2.265083491802215576e-01
1.589728742837905884e-01,2.616080939769744873e-01
-1.888819485902786255e-01,-2.561697959899902344e-01
2.474817931652069092e-01,9.091985225677490234e-02
-1.400327980518341064e-01,-2.836632132530212402e-01
2.765941619873046875e-01,2.056362926959991455e-01
-2.653215527534484863e-01,-2.090431302785873413e-01
-1.801848411560058594e-01,-2.645531594753265381e-01
-2.566790282726287842e-01,-2.328696399927139282e-01
1.798029541969299316e-01,2.796078324317932129e-01
2.447955012321472168e-01,8.656100928783416748e-02
-1.216704025864601135e-01,-2.494461685419082642e-01
-2.854056358337402344e-01,-1.811918169260025024e-01
9.533939510583877563e-02,2.674483060836791992e-01
-2.784327566623687744e-01,-1.486724615097045898e-01
-2.589772045612335205e-01,-2.405793517827987671e-01
1.727022975683212280e-01,2.672238647937774658e-01
2.802248299121856689e-01,2.016633301973342896e-01
-1.604172885417938232e-01,-2.615439891815185547e-01
2.409686595201492310e-01,8.344586938619613647e-02
1.097613796591758728e-01,2.408268451690673828e-01
-1.806036233901977539e-01,-2.740840911865234375e-01
2.159710079431533813e-01,2.420475184917449951e-01
2.736600041389465332e-01,2.042526751756668091e-01
2.680719196796417236e-01,1.511128097772598267e-01
-1.959836184978485107e-01,-2.732329368591308594e-01
2.173801511526107788e-01,2.393747866153717041e-01
2.435494810342788696e-01,1.020215153694152832e-01
1.741514503955841064e-01,2.721403241157531738e-01
2.667973041534423828e-01,2.099341154098510742e-01
1.187170967459678650e-01,2.420220822095870972e-01
-2.760597169399261475e-01,-1.230864971876144409e-01
-2.687388956546783447e-01,-1.656523942947387695e-01
1.703546494245529175e-01,2.815164625644683838e-01
2.825066447257995605e-01,1.549610048532485962e-01
2.653560936450958252e-01,1.777042150497436523e-01
-2.672680616378784180e-01,-1.529125571250915527e-01
2.327296286821365356e-01,2.558535337448120117e-01
2.689246833324432373e-01,1.544835716485977173e-01
-2.853093445301055908e-01,-1.499528884887695312e-01
-2.492001950740814209e-01,-2.352582812309265137e-01
-1.905102431774139404e-01,-2.749525010585784912e-01
-1.566056609153747559e-01,-2.673206627368927002e-01
2.841052711009979248e-01,1.287268549203872681e-01
2.646557092666625977e-01,1.709076762199401855e-01
2.034194916486740112e-01,2.827048599720001221e-01
-2.765183150768280029e-01,-1.613058894872665405e-01
-3.040748238563537598e-01,-1.733378171920776367e-01
1.763467639684677124e-01,2.812283933162689209e-01
1.891529709100723267e-01,2.812412679195404053e-01
2.809490561485290527e-01,1.494012176990509033e-01
-2.588931322097778320e-01,-2.419199943542480469e-01
-1.092082783579826355e-01,-2.570596337318420410e-01
4.562010765075683594e-01,2.639781534671783447e-01
-2.579682171344757080e-01,-1.234959587454795837e-01
-2.486592531204223633e-01,-2.390152812004089355e-01
1.198066398501396179e-01,2.552554905414581299e-01
-2.508584856986999512e-01,-1.032019108533859253e-01
-2.516943812370300293e-01,-2.469817996025085449e-01
1.889688074588775635e-01,2.664053142070770264e-01
-2.755547463893890381e-01,-1.969146579504013062e-01
-1.659661084413528442e-01,1.529217362403869629e-01
2.765640020370483398e-01,2.023781687021255493e-01
-2.162004113197326660e-01,-2.500607669353485107e-01
-1.440288573503494263e-01,-2.604413032531738281e-01
-2.581977248191833496e-01,-2.539810240268707275e-01
-1.179073527455329895e-01,-2.574896216392517090e-01
-1.313188672065734863e-01,-2.635419666767120361e-01
2.456294447183609009e-01,2.497434914112091064e-01
-1.782207787036895752e-01,-2.911626994609832764e-01
-1.272954791784286499e-01,-2.650434374809265137e-01
2.494222819805145264e-01,1.122187450528144836e-01
1.474922448396682739e-01,2.408570945262908936e-01
-2.546177208423614502e-01,-1.284231245517730713e-01
-1.924037188291549683e-01,-2.831034064292907715e-01
1.271463632583618164e-01,2.625056803226470947e-01
-2.738823294639587402e-01,-2.491696476936340332e-01
-2.412566840648651123e-01,-2.576792836189270020e-01
2.334603816270828247e-01,2.462056577205657959e-01
-1.322134286165237427e-01,-2.749992907047271729e-01
2.565066218376159668e-01,2.339916378259658813e-01
3.076460659503936768e-01,1.505501568317413330e-01
-2.726309001445770264e-01,-2.212993651628494263e-01
9.744563698768615723e-02,2.172701954841613770e-01
2.654954195022583008e-01,1.402255147695541382e-01
-1.616248041391372681e-01,-2.651373744010925293e-01
-2.518196105957031250e-01,-2.377745211124420166e-01
-2.466644197702407837e-01,-2.459763139486312866e-01
-2.243560403585433960e-01,-2.748453021049499512e-01
-1.648663878440856934e-01,1.657332628965377808e-01
2.552845478057861328e-01,2.116853594779968262e-01
2.607545256614685059e-01,2.274942547082901001e-01
-1.642402112483978271e-01,-2.708507776260375977e-01
2.039272338151931763e-01,2.898684144020080566e-01
2.645428180694580078e-01,1.262528002262115479e-01
2.460891306400299072e-01,8.764383196830749512e-02
-2.041557729244232178e-01,-2.603809237480163574e-01
1.755742430686950684e-01,2.675002813339233398e-01
-1.529465913772583008e-01,-2.679116725921630859e-01
-2.278228551149368286e-01,-2.702686488628387451e-01
-2.596516609191894531e-01,-1.364762037992477417e-01
2.722462117671966553e-01,1.901632398366928101e-01
-2.737977206707000732e-01,-1.910044699907302856e-01
2.562822401523590088e-01,1.278823465108871460e-01
-2.744595706462860107e-01,-1.813341975212097168e-01
2.712324857711791992e-01,1.603975594043731689e-01
-2.386770695447921753e-01,-2.690012156963348389e-01
2.744700014591217041e-01,1.562748849391937256e-01
-2.762006819248199463e-01,-8.960249274969100952e-02
-2.367204874753952026e-01,-2.588499784469604492e-01
1.840219646692276001e-01,2.611774802207946777e-01
-2.649792432785034180e-01,-1.835235804319381714e-01
2.697918713092803955e-01,2.143174260854721069e-01
2.538894414901733398e-01,2.465302199125289917e-01
-2.927350699901580811e-01,-1.936481148004531860e-01
-1.976470351219177246e-01,-2.921037375926971436e-01
-1.180549785494804382e-01,-2.639347612857818604e-01
-2.833801805973052979e-01,-1.454449892044067383e-01
-1.978634297847747803e-01,-2.789528369903564453e-01
2.451987266540527344e-01,6.881128251552581787e-02
-1.860056221485137939e-01,-2.738599181175231934e-01
-1.616671532392501831e-01,-4.803777933120727539e-01
-2.775712907314300537e-01,-2.010349929332733154e-01
-1.598966568708419800e-01,-2.558487057685852051e-01
2.033049464225769043e-01,2.568982839584350586e-01
7.987975329160690308e-02,1.801905184984207153e-01
-1.674137860536575317e-01,-2.818872928619384766e-01
-2.502741813659667969e-01,-2.443378269672393799e-01
-2.688939571380615234e-01,-1.341506689786911011e-01
-1.000460013747215271e-01,-2.721871137619018555e-01
2.842641174793243408e-01,1.964899599552154541e-01
-2.489473372697830200e-01,-2.373796105384826660e-01
2.221790403127670288e-01,1.108682379126548767e-01
-1.764112263917922974e-01,-5.112866163253784180e-01
-2.479674220085144043e-01,-1.129285320639610291e-01
-1.258577406406402588e-01,-2.571404576301574707e-01
2.680715918540954590e-01,1.351119279861450195e-01
2.672648131847381592e-01,1.519953459501266479e-01
-2.305369377136230469e-01,-2.430738955736160278e-01
-2.710771262645721436e-01,-2.422078400850296021e-01
1.608767956495285034e-01,2.542479038238525391e-01
-2.979265153408050537e-01,-1.569020599126815796e-01
2.154490351676940918e-01,2.550494372844696045e-01
-1.148807331919670105e-01,-2.660898268222808838e-01
2.329482287168502808e-01,1.042809858918190002e-01
1.931671351194381714e-01,2.720602452754974365e-01
-1.871683150529861450e-01,-2.794599235057830811e-01
-1.433427184820175171e-01,-2.741639614105224609e-01
-1.352626681327819824e-01,-2.446354329586029053e-01
2.759173810482025146e-01,1.676520109176635742e-01
-2.224471271038055420e-01,-2.711486518383026123e-01
2.957235574722290039e-01,1.881009638309478760e-01
-2.637174427509307861e-01,-1.432581245899200439e-01
-2.767619192600250244e-01,-1.763947606086730957e-01
-1.074689701199531555e-01,-2.738067805767059326e-01
-2.725258469581604004e-01,-1.149002984166145325e-01
-9.847012907266616821e-02,-2.537091076374053955e-01
2.546363472938537598e-01,1.314463168382644653e-01
-2.528670132160186768e-01,-2.494318187236785889e-01
-2.270977199077606201e-01,-2.540871202945709229e-01
-2.521133720874786377e-01,-2.162098735570907593e-01
2.412823438644409180e-01,8.080259710550308228e-02
2.805804014205932617e-01,2.149792164564132690e-01
1.312078833580017090e-01,2.488157451152801514e-01
2.280058115720748901e-01,6.544809043407440186e-02
2.045221626758575439e-01,2.626653909683227539e-01
-1.714290827512741089e-01,-2.679874897003173828e-01
2.902301549911499023e-01,1.872458606958389282e-01
1.813419759273529053e-01,2.765433490276336670e-01
1.331897377967834473e-01,2.671393454074859619e-01
-1.900242120027542114e-01,-2.752197086811065674e-01
7.459137588739395142e-02,7.183092832565307617e-02
-2.586874663829803467e-01,-1.607691645622253418e-01
-2.660597562789916992e-01,-2.473161071538925171e-01
-2.257276326417922974e-01,-2.701243758201599121e-01
2.247734367847442627e-01,2.645140290260314941e-01
-2.478178143501281738e-01,-2.473967969417572021e-01
-1.930533796548843384e-01,-2.569349706172943115e-01
2.040773779153823853e-01,2.746564745903015137e-01
1.884969770908355713e-01,2.647049725055694580e-01
1.670621186494827271e-01,2.624819278717041016e-01
2.777413427829742432e-01,2.047267109155654907e-01
1.273368149995803833e-01,2.381445616483688354e-01
8.160811662673950195e-02,2.482656687498092651e-01
2.246498316526412964e-01,2.706581354141235352e-01
2.664621770381927490e-01,1.461152881383895874e-01
1.514841318130493164e-01,2.668769657611846924e-01
-1.339253783226013184e-01,-2.683919966220855713e-01
-1.547480374574661255e-01,-4.700735211372375488e-01
2.586746215820312500e-01,1.453657746315002441e-01
2.689284980297088623e-01,1.407366394996643066e-01
2.811463475227355957e-01,1.755137890577316284e-01
2.141254693269729614e-01,2.662848830223083496e-01
2.543581426143646240e-01,2.440319359302520752e-01
1.735199391841888428e-01,2.738484442234039307e-01
-3.030538558959960938e-01,-1.555278301239013672e-01
2.686842381954193115e-01,2.127534449100494385e-01
-2.527333498001098633e-01,-2.352603524923324585e-01
-2.650494873523712158e-01,-2.447208315134048462e-01
-2.094478905200958252e-01,-2.614919245243072510e-01
1.968083083629608154e-01,2.720882594585418701e-01
-1.803332865238189697e-01,-2.645323276519775391e-01
1.847569793462753296e-01,2.603961825370788574e-01
2.269821465015411377e-01,6.404703017324209213e-03
-2.535027861595153809e-01,-2.190627008676528931e-01
-1.255187690258026123e-01,-2.702974975109100342e-01
2.562773525714874268e-01,2.024965733289718628e-01
-2.599891722202301025e-01,-2.139105796813964844e-01
2.537826299667358398e-01,2.014065086841583252e-01
1.786434501409530640e-01,2.716306746006011963e-01
2.499215155839920044e-01,2.485900670289993286e-01
-1.756867170333862305e-01,1.237640753388404846e-01
-2.806253433227539062e-01,-1.766809374094009399e-01
2.678402364253997803e-01,2.001261264085769653e-01
1.644694507122039795e-01,2.708769142627716064e-01
2.658635675907135010e-01,1.896880865097045898e-01
1.815004944801330566e-01,2.621161937713623047e-01
2.203968614339828491e-01,2.695771455764770508e-01
1.706533432006835938e-01,2.644456326961517334e-01
-1.537238955497741699e-01,-2.762932777404785156e-01
-2.625358402729034424e-01,-2.382048964500427246e-01
1.328676491975784302e-01,2.702454626560211182e-01
2.279561012983322144e-01,2.455464899539947510e-01
-2.880119085311889648e-01,-1.565381586551666260e-01
-2.844179272651672363e-01,-1.414000242948532104e-01
2.486818283796310425e-01,1.199624612927436829e-01
-1.967825591564178467e-01,-2.756220698356628418e-01
2.279285639524459839e-01,-5.476559326052665710e-02
-1.358073949813842773e-01,2.463218718767166138e-01
2.555645406246185303e-01,2.011191546916961670e-01
-2.786685526371002197e-01,-1.742548346519470215e-01
-1.336521953344345093e-01,-2.589872181415557861e-01
1.657283157110214233e-01,2.586061358451843262e-01
2.535186707973480225e-01,1.076362058520317078e-01
2.547349035739898682e-01,1.320695579051971436e-01
-1.554280668497085571e-01,1.465954780578613281e-01
-1.984041333198547363e-01,-2.816247642040252686e-01
1.950130611658096313e-01,6.991582512855529785e-01
-2.799317240715026855e-01,-2.393179535865783691e-01
2.587640881538391113e-01,2.288190275430679321e-01
-2.729838490486145020e-01,-1.643988937139511108e-01
-2.673726379871368408e-01,-1.915682554244995117e-01
1.683413386344909668e-01,2.373905628919601440e-01
2.162777930498123169e-01,2.631851732730865479e-01
2.777802050113677979e-01,1.186186000704765320e-01
2.392710745334625244e-01,9.901808202266693115e-02
-2.738000154495239258e-01,-1.466012597084045410e-01
-2.716525197029113770e-01,-1.618894338607788086e-01
2.581491470336914062e-01,1.039233356714248657e-01
2.003630250692367554e-01,7.124237418174743652e-01
-1.307134330272674561e-01,-2.741754949092864990e-01
1.320925056934356689e-01,2.516201138496398926e-01
2.601624429225921631e-01,2.130564004182815552e-01
2.643517255783081055e-01,1.507689505815505981e-01
2.717776596546173096e-01,1.701820492744445801e-01
1.813212335109710693e-01,2.648513913154602051e-01
-2.014429122209548950e-01,-2.779454290866851807e-01
1.905196160078048706e-01,2.714775800704956055e-01
2.182990163564682007e-01,2.645589709281921387e-01
-2.496309578418731689e-01,-2.478009015321731567e-01
-1.632553935050964355e-01,-2.746154963970184326e-01
-2.850195765495300293e-01,-2.466026842594146729e-01
-2.393094450235366821e-01,-2.675436735153198242e-01
-2.566036283969879150e-01,-1.580173969268798828e-01
-1.404342204332351685e-01,-2.865780591964721680e-01
1.816558837890625000e-01,2.669821381568908691e-01
-2.294224202632904053e-01,-2.534414529800415039e-01
2.298785895109176636e-01,6.785220652818679810e-02
1.664888709783554077e-01,2.757173478603363037e-01
4.718144983053207397e-02,1.506047546863555908e-01
2.601696252822875977e-01,1.925934851169586182e-01
2.853416502475738525e-01,1.881169080734252930e-01
-1.540963947772979736e-01,-4.601061046123504639e-01
-1.681852787733078003e-01,-2.482720166444778442e-01
-1.798408031463623047e-01,-2.804707288742065430e-01
2.592075169086456299e-01,2.315220683813095093e-01
-1.879387199878692627e-01,-2.853185236454010010e-01
-2.576341331005096436e-01,-2.325501143932342529e-01
-1.026005670428276062e-01,-2.399555593729019165e-01
2.475888431072235107e-01,9.475869685411453247e-02
1.546951681375503540e-01,2.667239308357238770e-01
-1.440422236919403076e-01,-2.745806574821472168e-01
1.285302937030792236e-01,2.407944202423095703e-01
-2.592874467372894287e-01,-2.364936321973800659e-01
-1.900558322668075562e-01,-1.323576718568801880e-01
2.825149595737457275e-01,2.350074648857116699e-01
2.290211170911788940e-01,2.664066851139068604e-01
2.482983320951461792e-01,1.340417116880416870e-01
-2.586421370506286621e-01,-2.405825257301330566e-01
-2.711229920387268066e-01,-1.117446944117546082e-01
1.957672238349914551e-01,2.586810588836669922e-01
1.561181247234344482e-01,2.747949361801147461e-01
-9.233781695365905762e-02,-1.924460679292678833e-01
3.031049370765686035e-01,1.963714510202407837e-01
2.849948406219482422e-01,1.740215122699737549e-01
-1.551660597324371338e-01,-2.192328870296478271e-01
2.290425300598144531e-01,2.573534846305847168e-01
1.542391479015350342e-01,2.496303915977478027e-01
-2.441596239805221558e-01,-2.441520243883132935e-01
-2.652282118797302246e-01,-1.870334595441818237e-01
-2.593314647674560547e-01,-1.191131472587585449e-01
1.804472208023071289e-01,2.536564767360687256e-01
2.418490499258041382e-01,2.573049068450927734e-01
2.104113847017288208e-01,2.440003007650375366e-01
1.421449035406112671e-01,2.738564312458038330e-01
-2.712007761001586914e-01,-1.753436625003814697e-01
1.698567122220993042e-01,2.698376178741455078e-01
-2.752160727977752686e-01,-2.221364974975585938e-01
-1.844299733638763428e-01,1.326518803834915161e-01
-2.430100291967391968e-01,-2.388677597045898438e-01
-2.915634810924530029e-01,-1.386118829250335693e-01
-1.673671007156372070e-01,1.534636020660400391e-01
2.961907386779785156e-01,1.765483766794204712e-01
-2.764670550823211670e-01,-2.308166027069091797e-01
1.638205200433731079e-01,2.810778617858886719e-01
2.711815237998962402e-01,1.622159183025360107e-01
-2.830703854560852051e-01,-1.946528702974319458e-01
1.992109715938568115e-01,2.595509886741638184e-01
2.439719140529632568e-01,2.476053237915039062e-01
1.589997559785842896e-01,2.515195310115814209e-01
-2.630358040332794189e-01,-2.393035441637039185e-01
2.029352933168411255e-01,2.534894347190856934e-01
-2.505486905574798584e-01,-2.404177635908126831e-01
-2.583631277084350586e-01,-2.516967356204986572e-01
2.743186056613922119e-01,1.967078447341918945e-01
1.867946535348892212e-01,2.742076814174652100e-01
2.601281106472015381e-01,1.171919628977775574e-01
-1.514849066734313965e-01,-2.670572698116302490e-01
-2.462757080793380737e-01,-2.726942896842956543e-01
-2.361105084419250488e-01,-2.485226243734359741e-01
-1.299989968538284302e-01,-2.973928749561309814e-01
-2.604195773601531982e-01,-1.295874714851379395e-01
-2.192986160516738892e-01,-2.635870575904846191e-01
2.816839516162872314e-01,2.008744627237319946e-01
1.031199172139167786e-01,2.530117630958557129e-01
-2.640334665775299072e-01,-1.551447063684463501e-01
2.721698582172393799e-01,1.582920551300048828e-01
1.618103832006454468e-01,2.577129900455474854e-01
-1.407356858253479004e-01,-2.793314158916473389e-01
-1.995360404253005981e-01,-2.723732292652130127e-01
1.822321861982345581e-01,2.745472788810729980e-01
-1.463606357574462891e-01,-2.737660706043243408e-01
1.178270801901817322e-01,2.574216723442077637e-01
2.632999122142791748e-01,2.286719679832458496e-01
1.229011118412017822e-01,2.731812596321105957e-01
2.788851559162139893e-01,1.684958785772323608e-01
2.642728090286254883e-01,1.548691391944885254e-01
2.211824655532836914e-01,2.616567611694335938e-01
-2.321318238973617554e-01,-2.555592954158782959e-01
2.571233808994293213e-01,1.493285894393920898e-01
2.696354985237121582e-01,1.767304688692092896e-01
1.489003449678421021e-01,2.544265985488891602e-01
-2.728280723094940186e-01,-1.613817065954208374e-01
2.435690015554428101e-01,9.289116412401199341e-02
-1.831149309873580933e-01,-2.727528214454650879e-01
-2.612732946872711182e-01,-2.143937051296234131e-01
-1.564217954874038696e-01,-5.263559222221374512e-01
-2.665094435214996338e-01,-1.367684453725814819e-01
-1.747055202722549438e-01,-2.681658267974853516e-01
-2.848536372184753418e-01,-1.576512604951858521e-01
2.753811776638031006e-01,2.037256658077239990e-01
1.825404167175292969e-01,5.603824257850646973e-01
-2.554656267166137695e-01,-2.364373058080673218e-01
2.663681507110595703e-01,2.201084345579147339e-01
1.526985764503479004e-01,2.730707526206970215e-01
-2.083165794610977173e-01,-2.687186896800994873e-01
-2.671025097370147705e-01,-1.974058002233505249e-01
-2.479040622711181641e-01,-2.176655083894729614e-01
-2.691061794757843018e-01,-1.941080391407012939e-01
-2.711400091648101807e-01,-2.121432274580001831e-01
-2.729397416114807129e-01,-2.041603028774261475e-01
1.832944452762603760e-01,2.739348113536834717e-01
2.564718127250671387e-01,1.289535462856292725e-01
2.543838024139404297e-01,1.296630799770355225e-01
-1.955711543560028076e-01,-2.808646261692047119e-01
-2.169210463762283325e-01,-2.553685903549194336e-01
-2.731300890445709229e-01,-2.294142395257949829e-01
-2.611488699913024902e-01,-2.019939869642257690e-01
-2.678717374801635742e-01,-1.936984956264495850e-01
2.546651661396026611e-01,2.143635898828506470e-01
2.271484881639480591e-01,2.645258009433746338e-01
2.184582203626632690e-01,2.680554687976837158e-01
-2.697806954383850098e-01,-2.349202334880828857e-01
1.602046638727188110e-01,2.609258592128753662e-01
-1.951099932193756104e-01,-2.710353732109069824e-01
-2.347415834665298462e-01,-2.739115357398986816e-01
-1.700792759656906128e-01,-2.721565663814544678e-01
2.654031515121459961e-01,1.924590170383453369e-01
-1.555393636226654053e-01,-2.709968090057373047e-01
-1.904042661190032959e-01,-3.052671551704406738e-01
1.771292090415954590e-01,2.740984857082366943e-01
2.296802550554275513e-01,7.859780639410018921e-02
2.475798726081848145e-01,2.323165684938430786e-01
1.530686467885971069e-01,2.507270872592926025e-01
-2.485384047031402588e-01,-2.351424843072891235e-01
-1.970472782850265503e-01,-2.773702442646026611e-01
2.201926112174987793e-01,2.687659263610839844e-01
-2.610055208206176758e-01,-1.494169831275939941e-01
-2.017481774091720581e-01,-2.692120075225830078e-01
2.738054692745208740e-01,2.189399003982543945e-01
-1.418016999959945679e-01,-2.764561772346496582e-01
-2.770257890224456787e-01,-2.131633460521697998e-01
-2.597972750663757324e-01,-2.679887115955352783e-01
5.235840082168579102e-01,2.303026765584945679e-01
-2.821956872940063477e-01,-2.149836868047714233e-01
2.082301378250122070e-01,2.672359347343444824e-01
1.269591450691223145e-01,2.526986896991729736e-01
2.645729780197143555e-01,1.053007319569587708e-01
2.650006711483001709e-01,1.885885745286941528e-01
1.874772012233734131e-01,2.904884219169616699e-01
-2.309591472148895264e-01,-2.813514769077301025e-01
-1.642616689205169678e-01,1.375829726457595825e-01
9.074363857507705688e-02,2.687207162380218506e-01
2.395684719085693359e-01,2.537402808666229248e-01
9.466041624546051025e-02,2.086611688137054443e-01
-1.635724157094955444e-01,-2.747173607349395752e-01
-9.896302968263626099e-02,-2.501727044582366943e-01
2.787951529026031494e-01,2.186221033334732056e-01
2.684630453586578369e-01,1.898347884416580200e-01
2.558305561542510986e-01,2.457133978605270386e-01
1.162267923355102539e-01,2.667363882064819336e-01
2.833338081836700439e-01,2.331137955188751221e-01
2.615766227245330811e-01,2.185658067464828491e-01
-2.372498065233230591e-01,-2.465835362672805786e-01
2.312697768211364746e-01,9.419686347246170044e-02
-1.677950471639633179e-01,-2.874695360660552979e-01
1.785238534212112427e-01,2.673023343086242676e-01
1.226276010274887085e-01,2.430261075496673584e-01
1.714470237493515015e-01,8.919265866279602051e-02
-2.706536650657653809e-01,-1.371308267116546631e-01
2.497737705707550049e-01,1.145334616303443909e-01
1.398898959159851074e-01,2.622090280055999756e-01
2.108670920133590698e-01,2.531664073467254639e-01
1.956385225057601929e-01,2.727852463722229004e-01
2.398069351911544800e-01,7.539260387420654297e-02
2.284758090972900391e-01,2.580611705780029297e-01
1.540917009115219116e-01,2.797221541404724121e-01
2.630935907363891602e-01,1.463585644960403442e-01
-2.700734138488769531e-01,-2.415628731250762939e-01
1.979983896017074585e-01,2.723277509212493896e-01
2.656207680702209473e-01,2.067386358976364136e-01
-2.556604146957397461e-01,-1.086410954594612122e-01
-2.781246304512023926e-01,-1.965950131416320801e-01
-2.661951184272766113e-01,-2.211149632930755615e-01
-2.480248957872390747e-01,-2.361587584018707275e-01
8.322421461343765259e-02,2.426667213439941406e-01
2.386656254529953003e-01,2.329961359500885010e-01
1.818031966686248779e-01,2.792988121509552002e-01
-1.171475648880004883e-01,-2.431987076997756958e-01
-1.480396687984466553e-01,-4.412501752376556396e-01
-2.751443088054656982e-01,-2.456599771976470947e-01
1.016936749219894409e-01,2.757991850376129150e-01
-1.082018986344337463e-01,-2.642381191253662109e-01
1.662032157182693481e-01,2.615640461444854736e-01
-2.575938999652862549e-01,-2.345237582921981812e-01
5.866491049528121948e-02,1.856704950332641602e-01
2.659533321857452393e-01,1.608655303716659546e-01
2.736169695854187012e-01,1.972952187061309814e-01
-2.584906518459320068e-01,-1.458765417337417603e-01
2.561172842979431152e-01,1.242520883679389954e-01
2.777853310108184814e-01,1.801365911960601807e-01
-2.845060229301452637e-01,-1.868119537830352783e-01
-2.804904878139495850e-01,-1.060494408011436462e-01
2.810730934143066406e-01,2.005728036165237427e-01
-2.238321304321289062e-01,-2.644864320755004883e-01
-2.599872946739196777e-01,-2.837255597114562988e-01
2.602829933166503906e-01,1.375090330839157104e-01
-2.739899158477783203e-01,-1.146389096975326538e-01
2.046771645545959473e-01,2.797566652297973633e-01
-1.315519809722900391e-01,-2.868175208568572998e-01
2.696513831615447998e-01,2.090651988983154297e-01
1.696592271327972412e-01,2.677511572837829590e-01
-1.800788789987564087e-01,-2.715398967266082764e-01
1.837957203388214111e-01,2.610464394092559814e-01
-2.025424540042877197e-01,-2.662483751773834229e-01
1.667053848505020142e-01,2.640063762664794922e-01
2.269508838653564453e-01,2.593927681446075439e-01
-1.602310985326766968e-01,-2.791876792907714844e-01
1.970582306385040283e-01,2.765337526798248291e-01
-2.211747169494628906e-01,-2.780631482601165771e-01
-1.998838186264038086e-01,-2.793594002723693848e-01
2.566502690315246582e-01,1.371809542179107666e-01
2.755827307701110840e-01,1.650840789079666138e-01
-1.442065238952636719e-01,1.799290031194686890e-01
-2.799381017684936523e-01,-1.889478564262390137e-01
-5.466789007186889648e-02,-5.071467906236648560e-02
-1.778255105018615723e-01,-2.675835192203521729e-01
1.674891114234924316e-01,2.699519097805023193e-01
-2.712747752666473389e-01,-1.790727674961090088e-01
-2.011163383722305298e-01,-2.560351788997650146e-01
-1.604065597057342529e-01,-2.740155756473541260e-01
2.331866472959518433e-01,1.052343174815177917e-01
-2.339841127395629883e-01,-2.477479726076126099e-01
-2.587519586086273193e-01,-2.397359907627105713e-01
2.222262173891067505e-01,2.665869891643524170e-01
-2.474949061870574951e-01,-2.346586883068084717e-01
-6.374313831329345703e-01,-1.532814353704452515e-01
-2.881015539169311523e-01,-1.496860831975936890e-01
1.797331273555755615e-01,2.760265171527862549e-01
-1.504357606172561646e-01,-2.651068270206451416e-01
2.523770928382873535e-01,2.258576750755310059e-01
-2.615365982055664062e-01,-2.514354884624481201e-01
-1.158298403024673462e-01,-2.941341102123260498e-01
2.777761220932006836e-01,1.826862245798110962e-01
2.724879086017608643e-01,1.575389951467514038e-01
-1.421950161457061768e-01,-2.572047114372253418e-01
-1.712965816259384155e-01,-2.833111286163330078e-01
2.617568969726562500e-01,1.710835397243499756e-01
-8.222531080245971680e-01,-1.175804287195205688e-01
-2.561564147472381592e-01,-1.190387606620788574e-01
-2.681880295276641846e-01,-2.458318620920181274e-01
-1.321494579315185547e-01,-2.511806786060333252e-01
2.751505970954895020e-01,2.113218754529953003e-01
1.244658976793289185e-01,2.402765899896621704e-01
1.260346025228500366e-01,2.543632686138153076e-01
-2.669631242752075195e-01,-1.219691485166549683e-01
-2.724670469760894775e-01,-2.520883977413177490e-01
-1.486220955848693848e-01,-2.877249419689178467e-01
2.202097624540328979e-01,2.807824313640594482e-01
2.924816012382507324e-01,1.595915555953979492e-01
1.750853806734085083e-01,2.704242169857025146e-01
-1.892777085304260254e-01,-2.934967577457427979e-01
-2.775655090808868408e-01,-1.670667082071304321e-01
1.688654571771621704e-01,2.793646752834320068e-01
-2.717241048812866211e-01,-1.576757282018661499e-01
1.519374549388885498e-01,6.250799447298049927e-02
-2.767437994480133057e-01,-1.205360665917396545e-01
-1.809942275285720825e-01,-2.863955199718475342e-01
3.006191849708557129e-01,1.151747480034828186e-01
-2.549674808979034424e-01,-1.315847933292388916e-01
-1.817666590213775635e-01,-2.932300269603729248e-01
1.079012304544448853e-01,2.461851388216018677e-01
-2.604611814022064209e-01,-1.121073216199874878e-01
-1.884617656469345093e-01,8.035460859537124634e-02
-2.263442128896713257e-01,-2.661852240562438965e-01
1.469374746084213257e-01,2.185625582933425903e-01
2.350673377513885498e-01,2.495784908533096313e-01
2.854689955711364746e-01,1.895972937345504761e-01
-2.484391182661056519e-01,-2.273106575012207031e-01
-2.633043825626373291e-01,-2.129964679479598999e-01
-2.328120619058609009e-01,-2.681249976158142090e-01
2.355199307203292847e-01,9.132690727710723877e-02
2.557917237281799316e-01,1.253744810819625854e-01
-1.764538735151290894e-01,-2.693798840045928955e-01
-2.514697611331939697e-01,-1.088876575231552124e-01
1.743281036615371704e-01,2.771350443363189697e-01
2.026031911373138428e-01,2.844872474670410156e-01
-2.615713179111480713e-01,-2.248144000768661499e-01
1.647761911153793335e-01,2.617540061473846436e-01
2.773645222187042236e-01,1.956650912761688232e-01
-2.620870172977447510e-01,-1.848229914903640747e-01
1.700157970190048218e-01,2.620611190795898438e-01
-2.697315216064453125e-01,-1.920894831418991089e-01
-1.350927352905273438e-01,-2.693569660186767578e-01
2.481824308633804321e-01,2.488665431737899780e-01
1.208376735448837280e-01,2.885886728763580322e-01
-1.062588766217231750e-01,-2.753805816173553467e-01
2.092558741569519043e-01,2.708338797092437744e-01
-2.621801495552062988e-01,-2.484297603368759155e-01
-1.312001347541809082e-01,-2.901599109172821045e-01
-1.874474734067916870e-01,-2.869604825973510742e-01
2.436110824346542358e-01,1.042508408427238464e-01
1.982150524854660034e-01,2.643051445484161377e-01
-2.683995366096496582e-01,-2.056656479835510254e-01
-2.379783391952514648e-01,-2.542606890201568604e-01
2.523315548896789551e-01,2.226794809103012085e-01
6.007415056228637695e-02,2.173039913177490234e-01
7.688533514738082886e-02,2.395791560411453247e-01
-1.723955124616622925e-01,-2.579481005668640137e-01
-2.548001408576965332e-01,-2.510581910610198975e-01
2.329550832509994507e-01,2.441257089376449585e-01
1.857215315103530884e-01,2.640299797058105469e-01
1.061163395643234253e-01,2.300511896610260010e-01
-2.866152524948120117e-01,-1.588981896638870239e-01
2.656417787075042725e-01,1.681686490774154663e-01
3.240466117858886719e-02,1.962183415889739990e-01
2.449980676174163818e-01,2.481955736875534058e-01
-2.826107442378997803e-01,-1.387216001749038696e-01
2.865168452262878418e-01,1.800343841314315796e-01
-1.374953240156173706e-01,-2.609302401542663574e-01
-1.032974347472190857e-01,-2.641110122203826904e-01
-2.928440272808074951e-01,-1.886783242225646973e-01
-2.921660542488098145e-01,-1.795364022254943848e-01
-1.631518155336380005e-01,-2.759630382061004639e-01
2.173561155796051025e-01,1.200153529644012451e-01
1.117989942431449890e-01,2.300856411457061768e-01
2.268436253070831299e-01,2.393589019775390625e-01
-1.084094345569610596e-01,-2.777437865734100342e-01
-1.584342569112777710e-01,-2.985297143459320068e-01
2.365372925996780396e-01,2.677769064903259277e-01
2.123508006334304810e-01,2.739292979240417480e-01
-2.018744945526123047e-01,-2.747835516929626465e-01
-1.642586737871170044e-01,-2.666423320770263672e-01
-8.708395808935165405e-02,-2.735237777233123779e-01
-2.370021492242813110e-01,-2.485981732606887817e-01
1.336373835802078247e-01,2.823102772235870361e-01
2.833154201507568359e-01,1.719305068254470825e-01
-1.659509539604187012e-01,-2.881764471530914307e-01
-1.252593547105789185e-01,-2.647794485092163086e-01
2.127580195665359497e-01,2.456266731023788452e-01
2.828806638717651367e-01,1.981813460588455200e-01
2.669610083103179932e-01,1.995204389095306396e-01
2.629944384098052979e-01,1.444237530231475830e-01
3.006680309772491455e-01,1.928188651800155640e-01
2.378427982330322266e-01,2.593404650688171387e-01
-2.793437242507934570e-01,-1.757429093122482300e-01
-2.848665714263916016e-01,-1.890156716108322144e-01
-2.691918611526489258e-01,-2.430396378040313721e-01
1.293732225894927979e-01,2.899220585823059082e-01
-2.243447303771972656e-01,-2.597244977951049805e-01
-2.772649824619293213e-01,-1.808613240718841553e-01
3.020008802413940430e-01,1.355563551187515259e-01
1.287561058998107910e-01,2.321715950965881348e-01
-2.276349216699600220e-01,-2.594555020332336426e-01
-1.767701953649520874e-01,-2.733857929706573486e-01
-2.766048312187194824e-01,-1.842024475336074829e-01
-1.517192721366882324e-01,-2.999274432659149170e-01
1.134692355990409851e-01,2.221440523862838745e-01
-1.744472533464431763e-01,-2.937256693840026855e-01
2.862625420093536377e-01,1.725005060434341431e-01
1.997583359479904175e-01,1.560463905334472656e-01
-2.661328911781311035e-01,-1.058798655867576599e-01
-2.609210014343261719e-01,-1.166951730847358704e-01
-1.861420869827270508e-01,-2.850568890571594238e-01
2.704894542694091797e-01,1.515628844499588013e-01
1.903449296951293945e-01,2.756951749324798584e-01
-2.775784432888031006e-01,-1.664676666259765625e-01
-2.652955353260040283e-01,-2.191224843263626099e-01
2.682695090770721436e-01,2.342458367347717285e-01
-2.775542438030242920e-01,-1.925684958696365356e-01
-1.819693893194198608e-01,-2.808857262134552002e-01
2.865689396858215332e-01,1.819643080234527588e-01
1.349787712097167969e-01,2.627778649330139160e-01
-2.612259387969970703e-01,-1.667146831750869751e-01
-2.764262855052947998e-01,-1.941414773464202881e-01
-1.710941791534423828e-01,-2.635577917098999023e-01
1.421105265617370605e-01,2.754964530467987061e-01
1.649309992790222168e-01,2.574699521064758301e-01
2.379487901926040649e-01,1.357655376195907593e-01
-2.762365937232971191e-01,-1.323684155941009521e-01
-1.364026218652725220e-01,-2.693839371204376221e-01
-1.385882943868637085e-01,-2.528079450130462646e-01
2.786540091037750244e-01,1.787602752447128296e-01
1.029284745454788208e-01,2.547752559185028076e-01
-2.604565620422363281e-01,-2.152276188135147095e-01
-2.732158005237579346e-01,-1.167670711874961853e-01
7.576920837163925171e-02,5.431649833917617798e-02
1.930811107158660889e-01,2.490509897470474243e-01
2.129498124122619629e-01,2.624770998954772949e-01
1.142940819263458252e-01,2.354406565427780151e-01
1.132041588425636292e-01,2.507008016109466553e-01
-2.574017345905303955e-01,-1.186334192752838135e-01
-2.539446651935577393e-01,-2.326468676328659058e-01
-2.644720375537872314e-01,-1.987676918506622314e-01
-2.749084532260894775e-01,-1.416315734386444092e-01
-2.705323398113250732e-01,-2.058782726526260376e-01
2.014653235673904419e-01,2.759634852409362793e-01
-2.063003182411193848e-01,-2.859111130237579346e-01
1.570461541414260864e-01,2.726554572582244873e-01
1.964050531387329102e-01,2.597746551036834717e-01
2.298623025417327881e-01,2.567354440689086914e-01
2.474334388971328735e-01,5.965148657560348511e-02
-2.038520723581314087e-01,-2.777449488639831543e-01
-1.238646507263183594e-01,-2.738523185253143311e-01
-2.380633205175399780e-01,-2.524001598358154297e-01
-1.309707015752792358e-01,-2.641076445579528809e-01
-2.380367070436477661e-01,-1.427802592515945435e-01
-1.767298281192779541e-01,-2.681332528591156006e-01
1.676223427057266235e-02,1.205990388989448547e-01
2.711819410324096680e-01,1.655450463294982910e-01
-2.623694837093353271e-01,-2.364020198583602905e-01
2.670884430408477783e-01,1.937198191881179810e-01
-2.748496234416961670e-01,-2.449644356966018677e-01
-2.444740235805511475e-01,-2.307116389274597168e-01
1.312038451433181763e-01,2.658867239952087402e-01
2.596339881420135498e-01,1.090773344039916992e-01
2.748053371906280518e-01,1.915533542633056641e-01
-2.679847776889801025e-01,-2.333389222621917725e-01
2.339089363813400269e-01,2.625696063041687012e-01
-1.695784330368041992e-01,-2.567315101623535156e-01
2.414055466651916504e-01,2.535261809825897217e-01
1.725383847951889038e-01,2.859873175621032715e-01
2.909621894359588623e-01,1.788304746150970459e-01
2.523055374622344971e-01,2.435475140810012817e-01
2.677288055419921875e-01,1.597427278757095337e-01
-2.781833708286285400e-01,-2.115293145179748535e-01
-2.702551484107971191e-01,-1.396619826555252075e-01
-2.669055461883544922e-01,-1.347398608922958374e-01
1.980071067810058594e-01,2.643292844295501709e-01
2.761996090412139893e-01,1.674534678459167480e-01
2.844626307487487793e-01,1.683105826377868652e-01
1.884529888629913330e-01,2.643776834011077881e-01
2.817840278148651123e-01,1.992693245410919189e-01
-2.622840702533721924e-01,-2.166923284530639648e-01
-2.671685516834259033e-01,-1.229351237416267395e-01
1.770378202199935913e-01,2.843173742294311523e-01
-2.441711723804473877e-01,-2.614394128322601318e-01
-1.626013368368148804e-01,-5.258886218070983887e-01
-2.467457354068756104e-01,-2.550976276397705078e-01
2.548820376396179199e-01,1.189268901944160461e-01
2.734510898590087891e-01,2.159138321876525879e-01
-2.783984541893005371e-01,-1.585640162229537964e-01
1.587035804986953735e-01,2.547213137149810791e-01
-2.380101680755615234e-01,-2.454633265733718872e-01
-2.021862268447875977e-01,-2.748385965824127197e-01
2.763501405715942383e-01,1.789488494396209717e-01
-2.344174087047576904e-01,-2.489709705114364624e-01
-1.555536091327667236e-01,-2.900858223438262939e-01
-2.113823294639587402e-01,-2.534213960170745850e-01
-1.421594172716140747e-01,-2.661301791667938232e-01
-1.437743306159973145e-01,-2.588494718074798584e-01
-2.740047574043273926e-01,-2.184282839298248291e-01
-2.617806494235992432e-01,-2.649843096733093262e-01
2.234268933534622192e-01,4.916749149560928345e-02
1.218230351805686951e-01,2.355770915746688843e-01
-2.602879106998443604e-01,-1.207276880741119385e-01
2.623867988586425781e-01,2.274084389209747314e-01
2.072291374206542969e-01,7.614908814430236816e-01
-2.783699631690979004e-01,-1.976249814033508301e-01
1.951842606067657471e-01,2.798313498497009277e-01
-2.609992623329162598e-01,-2.171497493982315063e-01
3.046601414680480957e-01,1.565275490283966064e-01
-2.001965045928955078e-01,-2.648308277130126953e-01
-1.245283037424087524e-01,-2.645475268363952637e-01
2.533149719238281250e-01,2.247198373079299927e-01
-2.549023032188415527e-01,-2.275251001119613647e-01
-1.285006701946258545e-01,-2.692363858222961426e-01
1.222210302948951721e-01,2.668749392032623291e-01
1.485916078090667725e-01,2.521853148937225342e-01
2.172938734292984009e-01,2.557889223098754883e-01
-2.029142826795578003e-01,-2.701786756515502930e-01
-1.179628521203994751e-01,-2.531964182853698730e-01
2.384539693593978882e-01,2.542679309844970703e-01
1.561260819435119629e-01,2.603523433208465576e-01
-2.701336145401000977e-01,-2.110375165939331055e-01
2.742908895015716553e-01,1.518515646457672119e-01
2.384652942419052124e-01,9.449838846921920776e-02
-1.580743044614791870e-01,-5.230574011802673340e-01
-2.523469626903533936e-01,-2.360730022192001343e-01
-2.605000436305999756e-01,-1.863699555397033691e-01
1.182271391153335571e-01,2.584899365901947021e-01
-2.629261612892150879e-01,-1.777468025684356689e-01
-2.269830256700515747e-01,-2.651635110378265381e-01
-2.605222761631011963e-01,-2.367135584354400635e-01
-1.409970074892044067e-01,-2.657739520072937012e-01
-1.387036740779876709e-01,-2.626448273658752441e-01
1.773558855056762695e-01,2.785377204418182373e-01
-2.336560636758804321e-01,-2.673566639423370361e-01
-1.692136824131011963e-01,-2.901180386543273926e-01
2.733026742935180664e-01,2.261834591627120972e-01
-2.729516625404357910e-01,-1.943352520465850830e-01
-2.826203703880310059e-01,-1.513550430536270142e-01
-2.677585184574127197e-01,-1.160291135311126709e-01
2.388728857040405273e-01,2.411790639162063599e-01
1.878370493650436401e-01,2.574906945228576660e-01
-2.789011001586914062e-01,-1.884305477142333984e-01
2.809387445449829102e-01,1.889115273952484131e-01
-1.739431023597717285e-01,1.108607947826385498e-01
2.627125084400177002e-01,2.482844293117523193e-01
-2.549860179424285889e-01,-2.289132624864578247e-01
-2.854026556015014648e-01,-1.765002459287643433e-01
1.844574362039566040e-01,2.750006318092346191e-01
-1.457801163196563721e-01,-2.649746537208557129e-01
2.560126483440399170e-01,2.277733832597732544e-01
1.695559322834014893e-01,2.705823481082916260e-01
-2.681384086608886719e-01,-1.752159446477890015e-01
-2.450034618377685547e-01,-2.482808530330657959e-01
1.925033777952194214e-01,2.640709280967712402e-01
2.700889408588409424e-01,1.711606085300445557e-01
-1.127758622169494629e-01,-2.696615755558013916e-01
-1.839041709899902344e-01,1.313978433609008789e-01
2.315633445978164673e-01,2.590861618518829346e-01
-1.117056682705879211e-01,-2.609886229038238525e-01
-2.706385254859924316e-01,-2.350895851850509644e-01
1.986052095890045166e-01,2.752839624881744385e-01
-2.771052420139312744e-01,-2.195053994655609131e-01
2.314459532499313354e-01,2.566022872924804688e-01
-2.633872032165527344e-01,-1.327208131551742554e-01
-1.537416577339172363e-01,-2.726888656616210938e-01
1.856819987297058105e-01,2.697940468788146973e-01
1.831427663564682007e-01,2.738066017627716064e-01
1.633730232715606689e-01,2.729500234127044678e-01
-1.880967915058135986e-01,-2.827029228210449219e-01
-2.115546464920043945e-01,-2.685292959213256836e-01
-1.800505667924880981e-01,-2.734287977218627930e-01
-2.235241681337356567e-01,-2.664107978343963623e-01
1.922036111354827881e-01,2.690854668617248535e-01
2.281066328287124634e-01,1.297914832830429077e-01
-2.451341003179550171e-01,-2.601359486579895020e-01
1.673764139413833618e-01,2.725310027599334717e-01
-2.366264611482620239e-01,-2.193253189325332642e-01
-2.524715960025787354e-01,-1.492130160331726074e-01
1.427514255046844482e-01,2.686729729175567627e-01
1.001451462507247925e-01,2.189750969409942627e-01
-1.499080508947372437e-01,-2.694004774093627930e-01
-1.285213232040405273e-01,-2.676549851894378662e-01
-2.725512385368347168e-01,-1.419104039669036865e-01
-2.591968178749084473e-01,-2.485143840312957764e-01
-1.478527635335922241e-01,-2.767104506492614746e-01
1.926938593387603760e-01,2.954389154911041260e-01
2.706269621849060059e-01,2.332943528890609741e-01
2.595253586769104004e-01,1.235295459628105164e-01
-2.543729245662689209e-01,-8.726656436920166016e-02
1.759555190801620483e-01,2.709975242614746094e-01
2.616393864154815674e-01,1.391363888978958130e-01
-2.436357289552688599e-01,-2.675096988677978516e-01
2.133496105670928955e-01,2.718195319175720215e-01
-2.569801807403564453e-01,-2.496168166399002075e-01
2.826815545558929443e-01,1.546516269445419312e-01
2.552183270454406738e-01,2.354690730571746826e-01
-2.502319812774658203e-01,-1.086816489696502686e-01
-2.272199541330337524e-01,-2.650213539600372314e-01
-2.343500852584838867e-01,-2.549433708190917969e-01
2.492428570985794067e-01,2.270024865865707397e-01
2.842921316623687744e-01,1.746343076229095459e-01
-1.013793796300888062e-01,-1.737723350524902344e-01
-1.870530545711517334e-01,-2.801100611686706543e-01
2.606167197227478027e-01,2.235632091760635376e-01
2.243220061063766479e-01,2.615008354187011719e-01
1.339908540248870850e-01,2.561579644680023193e-01
-2.740151882171630859e-01,-1.319869011640548706e-01
-2.674574255943298340e-01,-2.347852438688278198e-01
2.612705826759338379e-01,2.398061156272888184e-01
-2.788806855678558350e-01,-1.617160737514495850e-01
2.552713751792907715e-01,1.999312937259674072e-01
-1.199941858649253845e-01,-2.661132216453552246e-01
1.898820251226425171e-01,2.719138562679290771e-01
-1.288085430860519409e-01,-2.444250583648681641e-01
-1.086458116769790649e-01,-1.768724471330642700e-01
-2.923491001129150391e-01,-2.001155465841293335e-01
-2.834869921207427979e-01,-2.057311236858367920e-01
1.435003727674484253e-01,2.431612908840179443e-01
-2.610493600368499756e-01,-1.452437490224838257e-01
7.719931006431579590e-02,2.461194247007369995e-01
-1.671496629714965820e-01,-2.637419998645782471e-01
-2.766989469528198242e-01,-1.779361367225646973e-01
3.029506504535675049e-01,2.094475626945495605e-01
2.431652098894119263e-01,2.532810270786285400e-01
2.821791172027587891e-01,1.842086464166641235e-01
-2.839598357677459717e-01,-1.819787174463272095e-01
-2.094862759113311768e-01,-2.733844220638275146e-01
-1.479617804288864136e-01,-2.817595601081848145e-01
-2.891199588775634766e-01,-1.907906532287597656e-01
-2.519986629486083984e-01,-2.355659008026123047e-01
2.735178172588348389e-01,2.024345099925994873e-01
2.726587951183319092e-01,1.655612885951995850e-01
-2.594255208969116211e-01,-1.375157386064529419e-01
2.598300278186798096e-01,1.499946266412734985e-01
-1.158391162753105164e-01,-2.582244575023651123e-01
-2.552694380283355713e-01,-2.299419492483139038e-01
-2.675796449184417725e-01,-2.215443402528762817e-01
1.759169399738311768e-01,2.676293253898620605e-01
2.581464648246765137e-01,1.515433043241500854e-01
-2.481506168842315674e-01,-1.238414123654365540e-01
-2.626232802867889404e-01,-1.168879568576812744e-01
1.136109605431556702e-01,2.397671937942504883e-01
2.025833129882812500e-01,2.741513848304748535e-01
2.088357061147689819e-01,2.638127207756042480e-01
2.635779678821563721e-01,1.553651690483093262e-01
8.021733909845352173e-02,2.838777005672454834e-01
1.280569881200790405e-01,-1.881812661886215210e-01
2.686653733253479004e-01,1.450459510087966919e-01
2.305526584386825562e-01,2.596905529499053955e-01
-1.399426609277725220e-01,-2.628638148307800293e-01
-2.755531072616577148e-01,-2.068778574466705322e-01
-2.046337723731994629e-01,-2.751879692077636719e-01
-2.609240114688873291e-01,-2.245403975248336792e-01
1.070570871233940125e-01,2.829272747039794922e-01
-2.257635444402694702e-01,-2.420985698699951172e-01
1.183160617947578430e-01,2.523338496685028076e-01
-1.887855082750320435e-01,-2.645509243011474609e-01
-2.610428035259246826e-01,-1.132330074906349182e-01
-2.621955871582031250e-01,-2.195652127265930176e-01
-2.819721996784210205e-01,-1.930594146251678467e-01
-1.401021629571914673e-01,-2.659492492675781250e-01
-1.090498119592666626e-01,-2.643951177597045898e-01
-1.206316724419593811e-01,-2.706008851528167725e-01
2.284157723188400269e-01,2.533019483089447021e-01
-2.216261923313140869e-01,-2.511571049690246582e-01
-2.769882678985595703e-01,-2.124277651309967041e-01
-2.271127402782440186e-01,-2.559469938278198242e-01
-1.665775924921035767e-01,-2.768764197826385498e-01
-2.863868772983551025e-01,-1.384405046701431274e-01
2.695964276790618896e-01,1.490237861871719360e-01
-2.615231275558471680e-01,-1.397177129983901978e-01
-2.584926187992095947e-01,-1.762274503707885742e-01
-2.618401944637298584e-01,-1.474797576665878296e-01
2.585797607898712158e-01,2.084437310695648193e-01
2.672187387943267822e-01,2.402384281158447266e-01
-3.113113045692443848e-01,-1.646035909652709961e-01
-2.715298533439636230e-01,-1.354995369911193848e-01
-2.731326520442962646e-01,-1.568241864442825317e-01
-1.540837287902832031e-01,-2.516348958015441895e-01
2.724317908287048340e-01,1.802761107683181763e-01
-2.798320651054382324e-01,-2.333430796861648560e-01
-2.708603143692016602e-01,-1.345808207988739014e-01
1.608376950025558472e-01,2.784371078014373779e-01
-2.372478395700454712e-01,-3.005459606647491455e-01
-2.480045408010482788e-01,-2.435633093118667603e-01
-2.373798489570617676e-01,-1.915163248777389526e-01
-2.549397647380828857e-01,-2.334502637386322021e-01
2.606233656406402588e-01,2.405471056699752808e-01
1.739350706338882446e-01,2.699968516826629639e-01
1.317036300897598267e-01,2.524515092372894287e-01
2.486881166696548462e-01,2.473828345537185669e-01
-1.977459490299224854e-01,-2.756182253360748291e-01
-2.293359637260437012e-01,-2.627509236335754395e-01
-2.165859341621398926e-01,-2.372281998395919800e-01
-2.727281153202056885e-01,-1.501290202140808105e-01
-9.135765582323074341e-02,-2.498471289873123169e-01
-2.592113018035888672e-01,-1.192979142069816589e-01
2.092671543359756470e-01,2.610000967979431152e-01
2.169902175664901733e-01,2.516412138938903809e-01
-2.765330672264099121e-01,-2.217489629983901978e-01
1.601108610630035400e-01,2.691359221935272217e-01
-2.031785845756530762e-01,-2.805053293704986572e-01
2.734971046447753906e-01,2.150581032037734985e-01
-2.032218724489212036e-01,-2.749682068824768066e-01
-2.323665767908096313e-01,-2.738112807273864746e-01
1.621122509241104126e-01,2.777270376682281494e-01
2.458018064498901367e-01,1.095162406563758850e-01
1.448014825582504272e-01,2.626056075096130371e-01
-2.669622600078582764e-01,-1.956369578838348389e-01
-2.532940804958343506e-01,-2.429443448781967163e-01
1.345999538898468018e-01,-1.957970559597015381e-01
-1.479333341121673584e-01,-2.674091160297393799e-01
2.647638022899627686e-01,1.386741846799850464e-01
-2.548445463180541992e-01,-2.432042360305786133e-01
-2.882407009601593018e-01,-1.738846004009246826e-01
-2.573102116584777832e-01,-1.773498803377151489e-01
8.219366520643234253e-02,1.994050443172454834e-01
1.337159574031829834e-01,2.641309499740600586e-01
-2.704641819000244141e-01,-1.818699985742568970e-01
2.577991187572479248e-01,2.136494517326354980e-01
2.826153635978698730e-01,1.811248213052749634e-01
-1.280209720134735107e-01,-2.653673589229583740e-01
1.178092435002326965e-01,2.400292158126831055e-01
1.840375065803527832e-01,2.635806798934936523e-01
-2.523157298564910889e-01,-2.457000464200973511e-01
1.561418026685714722e-01,2.509312331676483154e-01
2.241201996803283691e-01,2.628482878208160400e-01
2.822413742542266846e-01,1.783608049154281616e-01
2.887498736381530762e-01,2.243414819240570068e-01
2.037433087825775146e-01,7.285007834434509277e-01
