1.889074703955652978e+02,4.464032186948870162e+01,6.000000000000000000e+00,8.000000000000000000e+00,1.879676322343933337e-01,1.390664232694352187e-01,5.970149253731343343e-03,2.492211838006230459e-02,2.160884353741495900e+01,1.432123960695388831e+01,3.000000000000000000e+00,2.000000000000000000e+00,5.144962747003561931e-01,2.922701960602834270e-01,7.142857142857142461e-02,4.081632653061224164e-02,7.142857142857139685e-02,2.599999999999999881e-02,2.000000000000000000e+03
7.818090592718570520e+01,1.472902888007054223e+01,1.900000000000000000e+01,7.000000000000000000e+00,1.801403362377550776e-01,1.159766053548861586e-01,4.377880184331797014e-02,5.511811023622047168e-02,2.487654320987653378e+00,1.608465608465608598e+00,0.000000000000000000e+00,0.000000000000000000e+00,2.487654320987653378e-01,1.462241462241462286e-01,0.000000000000000000e+00,0.000000000000000000e+00,3.061224489795918435e-01,1.700000000000000122e-02,2.000000000000000000e+03
3.545669220836441582e+02,7.054850781053175979e+01,4.680000000000000000e+02,8.100000000000000000e+01,1.704648663863673752e-01,1.136046824646244069e-01,2.250000000000000056e-01,1.304347826086956486e-01,2.481654698916604218e+01,2.492140652557318603e+01,2.000000000000000000e+00,3.000000000000000000e+00,2.820062157859777319e-01,3.115175815696648032e-01,2.272727272727272790e-02,3.749999999999999861e-02,4.477611940298507065e-01,3.699999999999999817e-02,2.000000000000000000e+03
9.166940534454514591e+02,2.167254744583016475e+02,1.412000000000000000e+03,5.290000000000000000e+02,1.378280038258083706e-01,1.086343230367426832e-01,2.122989024206886066e-01,2.651629072681704336e-01,6.169480268959436131e+01,5.258790690350219421e+01,9.000000000000000000e+00,2.500000000000000000e+01,2.448206455936284276e-01,2.401274287831150489e-01,3.571428571428571230e-02,1.141552511415525051e-01,4.677419354838709964e-01,6.600000000000000311e-02,2.000000000000000000e+03
1.166249606449520434e+04,2.024813095710338985e+03,7.268000000000000000e+03,1.885000000000000000e+03,1.754761527563901691e-01,9.592179144963471071e-02,1.093557220667449037e-01,8.929840352456298869e-02,7.617894134227800578e+02,6.676414989606976178e+02,1.870000000000000000e+02,2.950000000000000000e+02,2.701380898662340546e-01,2.353336267045109675e-01,6.631205673758865105e-02,1.039830807190694345e-01,3.901018922852983462e-01,2.094999999999999918e-01,2.000000000000000000e+03
4.391756341963009618e+03,1.034541308736455903e+03,3.656000000000000000e+03,1.169000000000000000e+03,1.438552308284912484e-01,1.212684689645359137e-01,1.197549870614825207e-01,1.370296565467119809e-01,2.930886440224233525e+02,2.551998407974292604e+02,3.100000000000000000e+01,5.300000000000000000e+01,2.420220016700440624e-01,2.168222946452245115e-01,2.559867877786952892e-02,4.502973661852166520e-02,4.017094017094017255e-01,1.400000000000000133e-01,2.000000000000000000e+03
8.966651535651413724e+03,2.973214546957936363e+03,5.515000000000000000e+03,4.819000000000000000e+03,1.518510311038529514e-01,1.042428492727696665e-01,9.339700926349303600e-02,1.689572961222915726e-01,6.641036131582277449e+02,5.586592391030479803e+02,1.220000000000000000e+02,1.790000000000000000e+02,2.369260125430709130e-01,2.027801230864058057e-01,4.352479486264716063e-02,6.497277676950997949e-02,4.345479082321187514e-01,2.094999999999999918e-01,2.000000000000000000e+03
3.661176253779428862e+03,7.213773563869958707e+02,1.590000000000000000e+03,3.850000000000000000e+02,2.005025330656861338e-01,1.592093039918331121e-01,8.707557502738225153e-02,8.497020525270360114e-02,2.525159328546230597e+02,2.231295044406651300e+02,2.800000000000000000e+01,5.100000000000000000e+01,3.612531228249257209e-01,2.849674386215391153e-01,4.005722460658082962e-02,6.513409961685823202e-02,3.779069767441860517e-01,1.069999999999999979e-01,2.000000000000000000e+03
1.037925402336886464e+03,1.230777273872506896e+02,2.910000000000000000e+02,4.800000000000000000e+01,1.803206049925098198e-01,1.073040343393641544e-01,5.055594162612925963e-02,4.184829991281604350e-02,6.658333727009326708e+01,7.402979339884092269e+01,3.000000000000000000e+00,3.000000000000000000e+00,3.170635108099679189e-01,2.961191735953637161e-01,1.428571428571428527e-02,1.200000000000000025e-02,2.716049382716049232e-01,5.899999999999999689e-02,2.000000000000000000e+03
3.734597740930470991e+03,1.334657323948055819e+03,1.124000000000000000e+03,5.340000000000000000e+02,1.382262839932811849e-01,1.320135829820035522e-01,4.160189503294100394e-02,5.281899109792284608e-02,2.377210156840528725e+02,1.940319173595379141e+02,2.100000000000000000e+01,3.400000000000000000e+01,2.031803552855152850e-01,1.714062874200864839e-01,1.794871794871794740e-02,3.003533568904593470e-02,2.815789473684210398e-01,1.365000000000000102e-01,2.000000000000000000e+03
1.069263221056760995e+04,2.744395093065203127e+03,9.518000000000000000e+03,4.880000000000000000e+03,1.623120696232009663e-01,1.265047982421500516e-01,1.444813819694278634e-01,2.249469899511385707e-01,6.434694940476209695e+02,5.923725740110859306e+02,1.470000000000000000e+02,1.780000000000000000e+02,2.432776915113878946e-01,2.223620773314887167e-01,5.557655954631379736e-02,6.681681681681682361e-02,4.131652661064425525e-01,2.094999999999999918e-01,2.000000000000000000e+03
9.446893389077617030e+03,2.005399941578435119e+03,1.444400000000000000e+04,3.457000000000000000e+03,1.439373078540592543e-01,1.180410819694175661e-01,2.200755728912725528e-01,2.034846076873270959e-01,7.894380387062208229e+02,6.562380461073307742e+02,2.470000000000000000e+02,3.550000000000000000e+02,2.766075818872532621e-01,2.229826864109177020e-01,8.654519971969165670e-02,1.206252123683316385e-01,5.000000000000000000e-01,2.034999999999999865e-01,2.000000000000000000e+03
1.482069384920042467e+04,3.687704519086097662e+03,2.475000000000000000e+04,8.960000000000000000e+03,1.585541845775341185e-01,1.198201422843713643e-01,2.647795108800308217e-01,2.911264905611333220e-01,1.244745506267321161e+03,1.056269252330551808e+03,3.040000000000000000e+02,4.980000000000000000e+02,3.233945196849366543e-01,2.773088086979658140e-01,7.898155365029878305e-02,1.307429771593594248e-01,5.010000000000000009e-01,2.494999999999999996e-01,2.000000000000000000e+03
3.414793793777231713e+03,6.799676390463694133e+02,1.856000000000000000e+03,6.460000000000000000e+02,1.359230105392362220e-01,1.181935753600503042e-01,7.387652748477491205e-02,1.122892403963149655e-01,2.318696105757120449e+02,1.850935994583025206e+02,3.400000000000000000e+01,5.900000000000000000e+01,2.201990603757949250e-01,1.838069508026837218e-01,3.228869895536562451e-02,5.858987090367428346e-02,3.412698412698412787e-01,1.244999999999999996e-01,2.000000000000000000e+03
3.698104749937557244e+03,1.111644603332091947e+03,1.666000000000000000e+03,7.750000000000000000e+02,1.378449660778871821e-01,1.139330330359835941e-01,6.209929923960041953e-02,7.943015271087423834e-02,2.524958753779289680e+02,2.156421678949355112e+02,2.600000000000000000e+01,3.500000000000000000e+01,2.382036560169141226e-01,1.983828591489747162e-01,2.452830188679245432e-02,3.219871205151794008e-02,3.190954773869346672e-01,1.355000000000000093e-01,2.000000000000000000e+03
1.347980289004537190e+04,4.053560620434128850e+03,9.289000000000000000e+03,3.547000000000000000e+03,1.546948850105048512e-01,1.137937403973423439e-01,1.066010236636140418e-01,9.957329740048284639e-02,1.078745080152427818e+03,8.862131834215093704e+02,1.170000000000000000e+02,1.360000000000000000e+02,2.886660637282386643e-01,2.480305579125411108e-01,3.130853625903130821e-02,3.806325216904561659e-02,3.608247422680412875e-01,2.479999999999999982e-01,2.000000000000000000e+03
8.718776073160330270e+03,3.537387597317089785e+03,3.010000000000000000e+03,2.081000000000000000e+03,1.633096589713106117e-01,1.402723291822146889e-01,5.637971079643365468e-02,8.252042192085018435e-02,5.577608654572927662e+02,4.857710734756863076e+02,5.100000000000000000e+01,8.800000000000000000e+01,2.304796964699556971e-01,2.067110950960367177e-01,2.107438016528925470e-02,3.744680851063830057e-02,3.338926174496644750e-01,1.985000000000000098e-01,2.000000000000000000e+03
2.041812427137572377e+04,5.129705682477338996e+03,1.581700000000000000e+04,4.671000000000000000e+03,1.558242906090505642e-01,1.436087817042928094e-01,1.207100501400410614e-01,1.307670772676371718e-01,1.460251632967976775e+03,1.321728144841245239e+03,3.180000000000000000e+02,3.730000000000000000e+02,2.762488900809642045e-01,2.520457942107637850e-01,6.015891032917139447e-02,7.112890922959573536e-02,3.669222343921139107e-01,2.889999999999999791e-01,2.000000000000000000e+03
5.514405903565178733e+02,1.942144195641218403e+02,2.340000000000000000e+02,1.060000000000000000e+02,1.236691164737649395e-01,1.264416794037251657e-01,5.247813411078717377e-02,6.901041666666667129e-02,2.824928350970015956e+01,2.675584215167544855e+01,4.000000000000000000e+00,0.000000000000000000e+00,1.552158434598909786e-01,1.520218304072468718e-01,2.197802197802197974e-02,0.000000000000000000e+00,3.251533742331288446e-01,5.500000000000000028e-02,2.000000000000000000e+03
1.078626675909878941e+04,2.969171793272867035e+03,1.120400000000000000e+04,2.699000000000000000e+03,1.384985459565843402e-01,1.282856683202794057e-01,1.438623523369285950e-01,1.166126593216677415e-01,7.839356391723391653e+02,6.976655942932795824e+02,2.280000000000000000e+02,2.310000000000000000e+02,2.387136538283614884e-01,2.198756994305955115e-01,6.942752740560292901e-02,7.280176489127009043e-02,4.267515923566879144e-01,2.250000000000000056e-01,2.000000000000000000e+03
2.761133744331122216e+03,9.323527297493396873e+02,2.032000000000000000e+03,1.660000000000000000e+03,1.354559332972489205e-01,1.033765084543008805e-01,9.968602825745682960e-02,1.840558820268322349e-01,1.973923217435120137e+02,1.648637802343164367e+02,2.000000000000000000e+01,2.700000000000000000e+01,2.207967804737270834e-01,1.825734000380027089e-01,2.237136465324384912e-02,2.990033222591362283e-02,4.464692482915717520e-01,1.214999999999999969e-01,2.000000000000000000e+03
2.247505202128311430e+04,3.642095413990081852e+03,1.170400000000000000e+04,4.825000000000000000e+03,1.971236418127712553e-01,1.196561999471082854e-01,1.026531596719729850e-01,1.585189565674485768e-01,1.695080536029203358e+03,1.480902554169796304e+03,1.770000000000000000e+02,2.140000000000000000e+02,3.656342830088876728e-01,3.196422521411172446e-01,3.817946505608282859e-02,4.619037340815886072e-02,3.470873786407766559e-01,2.690000000000000169e-01,2.000000000000000000e+03
7.251538607962851529e+03,1.983878906997975946e+03,6.313000000000000000e+03,3.809000000000000000e+03,1.737061900053382679e-01,1.276216730137006150e-01,1.512240693719158757e-01,2.450305564490189714e-01,6.029153042328034644e+02,4.687016679264298205e+02,1.180000000000000000e+02,1.540000000000000000e+02,2.993621172953344067e-01,2.475972889204594851e-01,5.858987090367428346e-02,8.135235076597992221e-02,4.224872231686541690e-01,1.695000000000000118e-01,2.000000000000000000e+03
7.932747267888815941e+02,1.088103938334599405e+02,3.300000000000000000e+02,8.800000000000000000e+01,1.786252480947718158e-01,1.067815444881844295e-01,7.430758838099527086e-02,8.635917566241413379e-02,6.794472789115661726e+01,5.110472174981109816e+01,1.000000000000000000e+00,6.000000000000000000e+00,3.380334720953065419e-01,2.718336263287824406e-01,4.975124378109452641e-03,3.191489361702127409e-02,3.712574850299401596e-01,5.249999999999999806e-02,2.000000000000000000e+03
1.409842513100745782e+04,2.402673113347309936e+03,5.825000000000000000e+03,8.930000000000000000e+02,2.251533150902703395e-01,1.431525925492915796e-01,9.302585559831993978e-02,5.320543374642516810e-02,1.012210237937758393e+03,8.101696376606156491e+02,1.400000000000000000e+02,2.030000000000000000e+02,3.713170351936017632e-01,3.162254635677656522e-01,5.135730007336757053e-02,7.923497267759563312e-02,2.542056074766355644e-01,1.995000000000000107e-01,2.000000000000000000e+03
6.782714825837778108e+02,1.463479817019405971e+02,2.420000000000000000e+02,9.200000000000000000e+01,1.374131852884477034e-01,1.251907456817284714e-01,4.902755267423014596e-02,7.869974337040205881e-02,4.004563492063498842e+01,3.730842151675486917e+01,1.000000000000000000e+00,6.000000000000000000e+00,2.064207985599741668e-01,1.923114511172931418e-01,5.154639175257731860e-03,3.092783505154639290e-02,3.018867924528302327e-01,5.550000000000000072e-02,2.000000000000000000e+03
2.314134958961980374e+04,4.435535207704602726e+03,1.245400000000000000e+04,3.173000000000000000e+03,1.778803919414259083e-01,1.229327127215044668e-01,9.573004342980129255e-02,8.794102159031068344e-02,1.444982243323235252e+03,1.289105771289988297e+03,2.640000000000000000e+02,3.510000000000000000e+02,2.888808963061246238e-01,2.533619833510197261e-01,5.277888844462215456e-02,6.898584905660377908e-02,3.728260869565217517e-01,2.884999999999999787e-01,2.000000000000000000e+03
3.775167498898535086e+03,1.443553758345923143e+03,1.269000000000000000e+03,5.700000000000000000e+02,1.315756133730145994e-01,1.287622654844280679e-01,4.422835633626098079e-02,5.084292213005084382e-02,2.116707727072308103e+02,1.933835703262780044e+02,2.400000000000000000e+01,3.600000000000000000e+01,1.681261101725423368e-01,1.534790240684746065e-01,1.906274821286735657e-02,2.857142857142857054e-02,2.610966057441252985e-01,1.414999999999999869e-01,2.000000000000000000e+03
3.515692469923676072e+03,1.251305041887029120e+03,3.590000000000000000e+03,1.856000000000000000e+03,1.373102823747725520e-01,1.168242966937754757e-01,1.402124668020621745e-01,1.732798058071141900e-01,2.736613203892675870e+02,2.240323156021671025e+02,6.900000000000000000e+01,9.500000000000000000e+01,2.361184817853904938e-01,1.954906767907217402e-01,5.953408110440034512e-02,8.289703315881326307e-02,4.130434782608695121e-01,1.350000000000000089e-01,2.000000000000000000e+03
2.912349787415093033e+03,8.406424303980710420e+02,2.962000000000000000e+03,1.310000000000000000e+03,1.456174893707546381e-01,1.157750214017450874e-01,1.481000000000000094e-01,1.804159206720837294e-01,2.286807673532376555e+02,2.004041965860418770e+02,7.100000000000000000e+01,7.700000000000000000e+01,2.419902300034260934e-01,2.042856234312353525e-01,7.513227513227513366e-02,7.849133537206931521e-02,4.729729729729730270e-01,1.170000000000000068e-01,2.000000000000000000e+03
4.615450396038662802e+03,1.751844365866649923e+03,3.417000000000000000e+03,1.564000000000000000e+03,1.406763508805103091e-01,1.237003506472708625e-01,1.041482520040232923e-01,1.104363790425081232e-01,3.447968357898714657e+02,2.809191441484001075e+02,8.600000000000000000e+01,1.160000000000000000e+02,2.265419420432795428e-01,1.791576174415817069e-01,5.650459921156373438e-02,7.397959183673469274e-02,3.509513742071881381e-01,1.534999999999999976e-01,2.000000000000000000e+03
2.310694411375651782e+02,5.572868638196022317e+01,1.880000000000000000e+02,7.900000000000000000e+01,1.517199219550657840e-01,1.296015962371168118e-01,1.234405778069599530e-01,1.837209302325581439e-01,1.164018801965230487e+01,1.284496252204585964e+01,3.000000000000000000e+00,4.000000000000000000e+00,1.790798156869585489e-01,2.007025394069665569e-01,4.615384615384615641e-02,6.250000000000000000e-02,3.636363636363636465e-01,3.150000000000000022e-02,2.000000000000000000e+03
7.691266877048369679e+03,1.941658266723311272e+03,7.436000000000000000e+03,1.525000000000000000e+03,1.301905458477642663e-01,1.275057963437950526e-01,1.258696277739221603e-01,1.001444707118465949e-01,4.975819364134541161e+02,4.479629758755352782e+02,1.510000000000000000e+02,1.950000000000000000e+02,1.969061877378132652e-01,1.782582474634044067e-01,5.975464978235061481e-02,7.759649820931158182e-02,4.061538461538461986e-01,1.930000000000000049e-01,2.000000000000000000e+03
1.427881440632917293e+04,4.157435309744739243e+03,1.186900000000000000e+04,3.802000000000000000e+03,1.538599026586049412e-01,1.322045126639978252e-01,1.278931942588681647e-01,1.209018348332114301e-01,1.032157927217191400e+03,8.408993871252299641e+02,3.330000000000000000e+02,3.560000000000000000e+02,2.482939444833272558e-01,2.096483139180329025e-01,8.010584556170315118e-02,8.875592121665419609e-02,4.224537037037037202e-01,2.494999999999999996e-01,2.000000000000000000e+03
1.169474887092910285e+04,4.120759424603881598e+03,2.429000000000000000e+03,1.379000000000000000e+03,1.772898682755609523e-01,1.471857493518549109e-01,3.682311563883330224e-02,4.925527735114476613e-02,6.455791476127542410e+02,6.473467494960995054e+02,9.200000000000000000e+01,8.700000000000000000e+01,2.273966705222804641e-01,2.168665827457619821e-01,3.240577668193025951e-02,2.914572864321608031e-02,2.718120805369127480e-01,2.169999999999999984e-01,2.000000000000000000e+03
9.842504481607618345e+02,2.809299217372135331e+02,6.280000000000000000e+02,2.480000000000000000e+02,1.582905191638407649e-01,1.296400192603661961e-01,1.009971051785139851e-01,1.144439317028149578e-01,5.894529478458062499e+01,5.671877755731932780e+01,5.000000000000000000e+00,3.000000000000000000e+00,2.191274899055041803e-01,2.268751102292773103e-01,1.858736059479553990e-02,1.200000000000000025e-02,3.434343434343434254e-01,6.500000000000000222e-02,2.000000000000000000e+03
1.543538028154458152e+04,3.935803575208236452e+03,5.563000000000000000e+03,2.533000000000000000e+03,1.712302569393923113e-01,1.244444169604526640e-01,6.171237131700390427e-02,8.008979669269927770e-02,1.333903964474689928e+03,1.186077510865485692e+03,1.630000000000000000e+02,2.350000000000000000e+02,3.407162105937905361e-01,2.936562294789516470e-01,4.163473818646232227e-02,5.818271849467689799e-02,3.278911564625850428e-01,2.469999999999999973e-01,2.000000000000000000e+03
2.906863838922754076e+04,6.408575459815138856e+03,2.458500000000000000e+04,1.008600000000000000e+04,2.016862676872470395e-01,1.244456077017134787e-01,1.705775421847246787e-01,1.958560692855894625e-01,2.545865064090483429e+03,2.292936632023207039e+03,1.950000000000000000e+02,2.990000000000000000e+02,4.159910235441966475e-01,3.656996223322499517e-01,3.186274509803921351e-02,4.768740031897926446e-02,4.360360360360360232e-01,3.130000000000000004e-01,2.000000000000000000e+03
1.746737646447464272e+02,3.094318468127991295e+01,6.000000000000000000e+01,2.200000000000000000e+01,2.089399098621368689e-01,1.554933903581905141e-01,7.177033492822966487e-02,1.105527638190954842e-01,1.392894935752078389e+01,1.097518266565885803e+01,2.000000000000000000e+00,0.000000000000000000e+00,4.493209470167994768e-01,2.613138729918775827e-01,6.451612903225806273e-02,0.000000000000000000e+00,3.698630136986301720e-01,2.299999999999999961e-02,2.000000000000000000e+03
6.464633682917733495e+02,1.863795357772739294e+02,3.380000000000000000e+02,1.400000000000000000e+02,1.418616125283680696e-01,1.296102474111779645e-01,7.417160412552117887e-02,9.735744089012517144e-02,6.132142857142875414e+01,4.682884542705988196e+01,2.000000000000000000e+00,5.000000000000000000e+00,3.081478822684862173e-01,2.504216332997854511e-01,1.005025125628140718e-02,2.673796791443850199e-02,3.854748603351955127e-01,5.500000000000000028e-02,2.000000000000000000e+03
7.368802301429495856e+03,1.692146035682803358e+03,5.704000000000000000e+03,1.164000000000000000e+03,1.599063040108826828e-01,1.310319061238038874e-01,1.237793498546070070e-01,9.013473749419234626e-02,4.626718307508185148e+02,4.201621738788097105e+02,7.800000000000000000e+01,1.280000000000000000e+02,2.494187766850773647e-01,2.205575715899263656e-01,4.204851752021563499e-02,6.719160104986876547e-02,3.241650294695481715e-01,1.719999999999999862e-01,2.000000000000000000e+03
2.356523393801961106e+02,5.367060956790174231e+01,2.180000000000000000e+02,1.320000000000000000e+02,1.446607362677692632e-01,9.221754221288959441e-02,1.338244321669735948e-01,2.268041237113402053e-01,1.499812610229276366e+01,1.463701499118165472e+01,3.000000000000000000e+00,1.000000000000000000e+00,2.542055271575044961e-01,2.439502498530275731e-01,5.084745762711864736e-02,1.666666666666666644e-02,4.724409448818898127e-01,3.350000000000000200e-02,2.000000000000000000e+03
2.111999690632972488e+04,6.773268014771366325e+03,1.104700000000000000e+04,7.205000000000000000e+03,1.780295106407185635e-01,1.687663331532208710e-01,9.311990019556275200e-02,1.795235959535555759e-01,1.233805547524561462e+03,1.202858613000751575e+03,2.140000000000000000e+02,3.330000000000000000e+02,2.649356984162682949e-01,2.512236033836156013e-01,4.595232982606828331e-02,6.954887218045112396e-02,3.561643835616438158e-01,2.819999999999999729e-01,2.000000000000000000e+03
1.695851950585016311e+04,4.353184957010470498e+03,1.626900000000000000e+04,7.359000000000000000e+03,1.625640535842000356e-01,1.213735838122586980e-01,1.559543323843211593e-01,2.051803936876150092e-01,1.157441505416981954e+03,1.074114143046102527e+03,2.360000000000000000e+02,3.470000000000000000e+02,2.702408371274765408e-01,2.501430235319288542e-01,5.510156432407191385e-02,8.081043316255240305e-02,4.331550802139036982e-01,2.650000000000000133e-01,2.000000000000000000e+03
1.155352151518023220e+03,4.563387758251458877e+02,8.020000000000000000e+02,4.820000000000000000e+02,1.319949904624726500e-01,1.105739703962069082e-01,9.162572832171826664e-02,1.167918584928519521e-01,7.631131503527321058e+01,7.492763841647764878e+01,1.700000000000000000e+01,2.500000000000000000e+01,1.903025312600329366e-01,1.594205072691013692e-01,4.239401496259351948e-02,5.319148936170212810e-02,3.686274509803921795e-01,8.050000000000000211e-02,2.000000000000000000e+03
1.106096541052489010e+04,3.203618111142947328e+03,1.117700000000000000e+04,5.052000000000000000e+03,1.459769494077613194e-01,1.268608922164870534e-01,1.475083144169350158e-01,2.000554389577476055e-01,9.272210413517208281e+02,7.752796786029165332e+02,1.610000000000000000e+02,1.880000000000000000e+02,2.769477423392236459e-01,2.332369670887233792e-01,4.808841099163679855e-02,5.655836341756919489e-02,4.773519163763065842e-01,2.250000000000000056e-01,2.000000000000000000e+03
2.204216269841269593e+01,1.382498346560845981e+01,2.600000000000000000e+01,1.000000000000000000e+01,1.185062510667349300e-01,1.212717847860391163e-01,1.397849462365591267e-01,8.771929824561403022e-02,6.461640211640214959e-01,1.806327160493828021e+00,2.000000000000000000e+00,0.000000000000000000e+00,4.307760141093476547e-02,3.010545267489713184e-01,1.333333333333333315e-01,0.000000000000000000e+00,3.243243243243243423e-01,1.250000000000000069e-02,2.000000000000000000e+03
2.677595259353744495e+03,1.216502527242389306e+03,1.793000000000000000e+03,1.200000000000000000e+03,1.581101422706669424e-01,1.512874676336760649e-01,1.058754059639799294e-01,1.492351697550055867e-01,2.470252818720076391e+02,1.854872370244391107e+02,2.900000000000000000e+01,5.300000000000000000e+01,3.023565261591280584e-01,2.315695843001736587e-01,3.549571603427172789e-02,6.616729088639200507e-02,4.166666666666666297e-01,1.120000000000000023e-01,2.000000000000000000e+03
1.250475234583108249e+04,3.276594807414073784e+03,8.872000000000000000e+03,3.639000000000000000e+03,1.615809839233890988e-01,1.243489490479724457e-01,1.146401343842873705e-01,1.381024667931688710e-01,8.407139425862862936e+02,6.883279259574184152e+02,1.650000000000000000e+02,1.730000000000000000e+02,2.512593970670311538e-01,2.140988883226807027e-01,4.931261207411834907e-02,5.381026438569206510e-02,4.023591087811271283e-01,2.280000000000000082e-01,2.000000000000000000e+03
5.659403407344783773e+03,1.466328026581061522e+03,2.279000000000000000e+03,7.720000000000000000e+02,1.518202486075806434e-01,9.743690787301891032e-02,6.113689406336347137e-02,5.129908964050767378e-02,4.334617504409177400e+02,3.522164391219459958e+02,4.600000000000000000e+01,5.000000000000000000e+01,2.580129466910224822e-01,2.202729450418674240e-01,2.738095238095238082e-02,3.126954346466541412e-02,3.062098501070663614e-01,1.620000000000000051e-01,2.000000000000000000e+03
3.126989966616361926e+03,1.104130058106568413e+03,2.666000000000000000e+03,1.474000000000000000e+03,1.407032922343575410e-01,1.240456193805829083e-01,1.199604031677465737e-01,1.655993708572070511e-01,2.121506755479965420e+02,1.781322817460315093e+02,3.400000000000000000e+01,5.400000000000000000e+01,2.264148084823869311e-01,2.028841477745233490e-01,3.628601921024546262e-02,6.150341685649202833e-02,3.702770780856423638e-01,1.250000000000000000e-01,2.000000000000000000e+03
1.507533993259383169e+04,4.475063426398349293e+03,1.245300000000000000e+04,3.521000000000000000e+03,1.604664324842073886e-01,1.363974344356228274e-01,1.325534609939646724e-01,1.073181139321527644e-01,1.139741988536153485e+03,1.004894778754095341e+03,1.590000000000000000e+02,2.050000000000000000e+02,2.901583473870044672e-01,2.524861253150993412e-01,4.047861507128309305e-02,5.150753768844221203e-02,4.173410404624277037e-01,2.520000000000000018e-01,2.000000000000000000e+03
1.369008096655299369e+03,3.214787400793661618e+02,1.345000000000000000e+03,4.640000000000000000e+02,1.806555947024675868e-01,1.402612304011196243e-01,1.774874637107416164e-01,2.024432809773124009e-01,9.258082073570170678e+01,8.807807287729917789e+01,1.000000000000000000e+01,1.600000000000000000e+01,3.203488606771685565e-01,3.037174926803419828e-01,3.460207612456747683e-02,5.517241379310344751e-02,4.197530864197530631e-01,7.049999999999999323e-02,2.000000000000000000e+03
6.954916225749559366e+00,3.837742504409171307e+00,2.000000000000000000e+00,0.000000000000000000e+00,1.159152704291593200e-01,2.132079169116206374e-01,3.333333333333333287e-02,0.000000000000000000e+00,1.020282186948853864e+00,1.234567901234570088e-02,1.000000000000000000e+00,0.000000000000000000e+00,3.400940623162846399e-01,1.234567901234570088e-02,3.333333333333333148e-01,0.000000000000000000e+00,2.352941176470588758e-01,6.499999999999999702e-03,2.000000000000000000e+03
1.167403985103326477e+03,2.143593890148648882e+02,4.840000000000000000e+02,1.480000000000000000e+02,1.730256388177451310e-01,1.420539357288700399e-01,7.173558618645323182e-02,9.807819748177601382e-02,8.832313712522044113e+01,6.868825585789878119e+01,1.500000000000000000e+01,2.700000000000000000e+01,2.895840561482637687e-01,2.418600558376717558e-01,4.918032786885245811e-02,9.507042253521126585e-02,3.316062176165802677e-01,6.450000000000000178e-02,2.000000000000000000e+03
7.168161780675038244e+03,1.361679813712603163e+03,1.775000000000000000e+03,1.074000000000000000e+03,1.681759092667113598e-01,1.022128669653658006e-01,4.164418271825071072e-02,8.061852574688485595e-02,5.395778673784321882e+02,5.331058388447943344e+02,4.500000000000000000e+01,5.600000000000000000e+01,2.676477516758096198e-01,2.569184765517081304e-01,2.232142857142857192e-02,2.698795180722891526e-02,2.887473460721868834e-01,1.675000000000000100e-01,2.000000000000000000e+03
4.671411201027111019e+03,1.458515323601746786e+03,5.671000000000000000e+03,4.987000000000000000e+03,1.528603141697353063e-01,1.020654530162174167e-01,1.855693717277486776e-01,3.489853044086774214e-01,4.244442142227255772e+02,3.832640139203832632e+02,6.800000000000000000e+01,1.020000000000000000e+02,2.989043762131870507e-01,2.656022272490528580e-01,4.788732394366197048e-02,7.068607068607068999e-02,5.192307692307691624e-01,1.499999999999999944e-01,2.000000000000000000e+03
1.496230365896515832e+04,4.005512284738982999e+03,1.393500000000000000e+04,6.667000000000000000e+03,1.376185688305616994e-01,1.121050177648749840e-01,1.281697524902734586e-01,1.865938986845787906e-01,1.180693647801713041e+03,9.754054689468506467e+02,2.390000000000000000e+02,3.250000000000000000e+02,2.539126124304759147e-01,2.152262729361982818e-01,5.139784946236559265e-02,7.171226831421005643e-02,4.221267454350161596e-01,2.690000000000000169e-01,2.000000000000000000e+03
1.261285565365341608e+04,2.828173257747806474e+03,1.202900000000000000e+04,5.155000000000000000e+03,1.402004785706725543e-01,1.110088808630453477e-01,1.337105254382357222e-01,2.023393649173764464e-01,9.684294362559886622e+02,7.983540832073608726e+02,1.800000000000000000e+02,2.600000000000000000e+02,2.699831157669330128e-01,2.155383593972356460e-01,5.018120992472818731e-02,7.019438444924405718e-02,4.061728395061728891e-01,2.404999999999999916e-01,2.000000000000000000e+03
7.899771332514404776e+02,1.839995126291251495e+02,5.890000000000000000e+02,2.210000000000000000e+02,1.398932412345387788e-01,1.140728534588500570e-01,1.043031698246856681e-01,1.370117792932424028e-01,3.913484189972289329e+01,3.853133660871762345e+01,1.000000000000000000e+00,1.800000000000000000e+01,1.890572072450381336e-01,1.682591118284612330e-01,4.830917874396135035e-03,7.860262008733624739e-02,3.631578947368421240e-01,6.049999999999999822e-02,2.000000000000000000e+03
5.021940270061945739e+03,1.207965470521514362e+03,2.502000000000000000e+03,1.572000000000000000e+03,1.779063437034839879e-01,1.445453476751842048e-01,8.863539747768173216e-02,1.881057795859758242e-01,3.632553935185163141e+02,2.980615770660091357e+02,6.400000000000000000e+01,7.300000000000000000e+01,2.837932761863408704e-01,2.335905776379381960e-01,5.000000000000000278e-02,5.721003134796238260e-02,4.146868250539956779e-01,1.355000000000000093e-01,2.000000000000000000e+03
2.276660599804777121e+03,6.028204172965457701e+02,1.401000000000000000e+03,6.470000000000000000e+02,1.493283877610374621e-01,1.192523080705332889e-01,9.189295552931917022e-02,1.279920870425321489e-01,1.627787186633911460e+02,1.291568444507429945e+02,1.900000000000000000e+01,2.400000000000000000e+01,2.539449589132466989e-01,2.076476598886543290e-01,2.964118564742589806e-02,3.858520900321543712e-02,4.341736694677871267e-01,1.010000000000000064e-01,2.000000000000000000e+03
1.039117036722102512e+02,1.963230662635423940e+01,7.400000000000000000e+01,2.900000000000000000e+01,1.746415187768239619e-01,1.344678536051660267e-01,1.243697478991596661e-01,1.986301369863013588e-01,7.486331569664903540e+00,1.171858465608465494e+01,0.000000000000000000e+00,4.000000000000000000e+00,3.119304820693709623e-01,3.348167044595615760e-01,0.000000000000000000e+00,1.142857142857142821e-01,4.347826086956522174e-01,1.949999999999999997e-02,2.000000000000000000e+03
1.793650793650793940e+00,3.265306122448978221e-01,0.000000000000000000e+00,0.000000000000000000e+00,1.630591630591630981e-01,8.163265306122445553e-02,0.000000000000000000e+00,0.000000000000000000e+00,3.068783068783069168e-01,1.234567901234567833e-02,0.000000000000000000e+00,0.000000000000000000e+00,1.534391534391534584e-01,1.234567901234567833e-02,0.000000000000000000e+00,0.000000000000000000e+00,2.500000000000000000e-01,3.000000000000000062e-03,2.000000000000000000e+03
1.493289394367813475e+04,2.681729778439389065e+03,3.849000000000000000e+03,1.741000000000000000e+03,1.962014708143231534e-01,1.310078054928866254e-01,5.057154119038233947e-02,8.505129457743038079e-02,1.246601493606704707e+03,1.055663458207374561e+03,5.700000000000000000e+01,8.000000000000000000e+01,3.975132313796890249e-01,3.582163075016540632e-01,1.817602040816326467e-02,2.714625042416016210e-02,2.845528455284552782e-01,2.200000000000000011e-01,2.000000000000000000e+03
1.099807068846080028e+03,3.664662703136820596e+02,6.290000000000000000e+02,2.950000000000000000e+02,1.380279955881124621e-01,1.326334673592768909e-01,7.894076305220883161e-02,1.067680057908070995e-01,6.282601001511728356e+01,5.382819397203338951e+01,7.000000000000000000e+00,1.700000000000000000e+01,2.087242857645092431e-01,1.788312092094132555e-01,2.325581395348837177e-02,5.647840531561462013e-02,3.466666666666666785e-01,7.349999999999999589e-02,2.000000000000000000e+03
1.198250582277404465e+04,2.598252851159281363e+03,1.263400000000000000e+04,2.985000000000000000e+03,1.380711623295966528e-01,1.087135084167063365e-01,1.455781529066082769e-01,1.248953974895397473e-01,1.008764804736713586e+03,8.418687259070322852e+02,2.690000000000000000e+02,4.030000000000000000e+02,2.817778784180764440e-01,2.333985932650491368e-01,7.513966480446927776e-02,1.117271971167174971e-01,4.112500000000000044e-01,2.354999999999999871e-01,2.000000000000000000e+03
5.361410644369833790e+03,1.497216686665383122e+03,5.130000000000000000e+03,1.768000000000000000e+03,1.723095177364561692e-01,1.283732047213738403e-01,1.648722481118431726e-01,1.515904998713881457e-01,4.637914158163260367e+02,3.653969742063480339e+02,5.100000000000000000e+01,6.700000000000000000e+01,3.373028478664189533e-01,2.850210407225803877e-01,3.709090909090909105e-02,5.226209048361934312e-02,4.643510054844607327e-01,1.464999999999999913e-01,2.000000000000000000e+03
6.109800116528070930e+02,2.350134440350222462e+02,2.990000000000000000e+02,1.820000000000000000e+02,1.404874710629586410e-01,1.123391223876779449e-01,6.875143711197977126e-02,8.699808795411090312e-02,4.136066232048379021e+01,3.427719907407404065e+01,3.000000000000000000e+00,1.100000000000000000e+01,1.838251658688168366e-01,1.739959343861626484e-01,1.333333333333333419e-02,5.583756345177665059e-02,3.666666666666666963e-01,5.700000000000000205e-02,2.000000000000000000e+03
6.866139200680277099e+02,1.940871283698657805e+02,4.770000000000000000e+02,1.790000000000000000e+02,1.363140599698288158e-01,1.278571333134820576e-01,9.469922572960094709e-02,1.179183135704874874e-01,4.550609804106831291e+01,3.076857756991681825e+01,4.000000000000000000e+00,1.000000000000000000e+01,2.407730055082979437e-01,1.672205302712870545e-01,2.116402116402116285e-02,5.434782608695652023e-02,3.611111111111111605e-01,5.750000000000000250e-02,2.000000000000000000e+03
1.810284102103706573e+03,4.412901015684097388e+02,8.680000000000000000e+02,3.260000000000000000e+02,1.561262701253735841e-01,1.344167229876362391e-01,7.485985338507977760e-02,9.929942126104172873e-02,1.209788218065002212e+02,1.068206875157467550e+02,1.100000000000000000e+01,1.100000000000000000e+01,2.479074217346315945e-01,2.078223492524255978e-01,2.254098360655737779e-02,2.140077821011673181e-02,3.544776119402984760e-01,8.649999999999999356e-02,2.000000000000000000e+03
8.229280391314496228e+03,2.515152183484535726e+03,4.250000000000000000e+03,2.678000000000000000e+03,1.450527980419596408e-01,1.171091019921094989e-01,7.491230853295259562e-02,1.246915304744610486e-01,5.685148072562329844e+02,4.902464647896175620e+02,1.160000000000000000e+02,9.100000000000000000e+01,2.326165332472311664e-01,1.940801523315983934e-01,4.746317512274959155e-02,3.602533650039588253e-02,3.508196721311475086e-01,1.980000000000000093e-01,2.000000000000000000e+03
4.419753086419752286e+00,3.703703703703707661e-02,0.000000000000000000e+00,0.000000000000000000e+00,2.455418381344306733e-01,1.234567901234569220e-02,0.000000000000000000e+00,0.000000000000000000e+00,1.666666666666663243e-01,0.000000000000000000e+00,0.000000000000000000e+00,0.000000000000000000e+00,1.666666666666663243e-01,0.000000000000000000e+00,0.000000000000000000e+00,0.000000000000000000e+00,2.222222222222222099e-01,3.500000000000000073e-03,2.000000000000000000e+03
1.642178209246656024e+02,2.652492614638446966e+01,5.500000000000000000e+01,1.400000000000000000e+01,1.820596684308931346e-01,1.481839449518685403e-01,6.097560975609755962e-02,7.821229050279329686e-02,8.611607142857142350e+00,4.365024250440916909e+00,1.000000000000000000e+00,2.000000000000000000e+00,2.002699335548172588e-01,1.179736283902950572e-01,2.325581395348837177e-02,5.405405405405405705e-02,3.285714285714286254e-01,2.350000000000000006e-02,2.000000000000000000e+03
5.316841356293030913e+03,1.804251043556316745e+03,3.770000000000000000e+03,2.445000000000000000e+03,1.595211928080717267e-01,1.212941878021053244e-01,1.131113111311131125e-01,1.643697478991596739e-01,3.906876673910295494e+02,3.701033862433849890e+02,7.700000000000000000e+01,7.500000000000000000e+01,2.664990909897882454e-01,2.447773718540905974e-01,5.252387448840382250e-02,4.960317460317460042e-02,3.767535070140280995e-01,1.554999999999999993e-01,2.000000000000000000e+03
5.413611539588720916e+03,2.026173399155987227e+03,5.788000000000000000e+03,2.922000000000000000e+03,1.396016281902246192e-01,1.279472972440001965e-01,1.492560406405528672e-01,1.845162919929275169e-01,3.552600338561362605e+02,2.949447704081626398e+02,8.000000000000000000e+01,1.270000000000000000e+02,2.206584061218237747e-01,1.842253406671846561e-01,4.968944099378881651e-02,7.932542161149282178e-02,3.870370370370370683e-01,1.655000000000000082e-01,2.000000000000000000e+03
1.555819196033592198e+04,4.836806187799477811e+03,6.509000000000000000e+03,3.520000000000000000e+03,1.710875876742791457e-01,1.409613320840345518e-01,7.157702585306310872e-02,1.025850260834086231e-01,9.904750954270683678e+02,9.261594151549586513e+02,1.580000000000000000e+02,1.960000000000000000e+02,2.603772595759906161e-01,2.473055848210837515e-01,4.153522607781282711e-02,5.233644859813084416e-02,3.311081441922563151e-01,2.505000000000000004e-01,2.000000000000000000e+03
3.740260855536886083e+03,1.340185061413464837e+03,2.878000000000000000e+03,1.750000000000000000e+03,1.474110611885423860e-01,1.255677936300444997e-01,1.134276593229023022e-01,1.639651456947437413e-01,2.622061657533384960e+02,2.305055445326277948e+02,5.700000000000000000e+01,9.700000000000000000e+01,2.445953038743829133e-01,2.087912541056411164e-01,5.317164179104477695e-02,8.786231884057971175e-02,4.022222222222222587e-01,1.345000000000000084e-01,2.000000000000000000e+03
2.492716656431142837e+03,7.595580793335907401e+02,1.599000000000000000e+03,4.570000000000000000e+02,1.412464107225262222e-01,1.476877463219114783e-01,9.060516772438803601e-02,8.885864281547735388e-02,1.536850170068027808e+02,1.296777368354749171e+02,4.000000000000000000e+01,3.000000000000000000e+01,1.998504772520192097e-01,1.684126452408765129e-01,5.201560468140441901e-02,3.896103896103896014e-02,3.592814371257484485e-01,1.069999999999999979e-01,2.000000000000000000e+03
8.055262542675538498e+03,2.589284024470974146e+03,6.312000000000000000e+03,2.715000000000000000e+03,1.413278337925774897e-01,1.318439851556074127e-01,1.107426706668772076e-01,1.382453281735322448e-01,4.845098300894436534e+02,4.574114583333340533e+02,7.500000000000000000e+01,1.100000000000000000e+02,2.050401312270180576e-01,2.001800692924875502e-01,3.173931443080829640e-02,4.814004376367615051e-02,4.201183431952663083e-01,1.960000000000000075e-01,2.000000000000000000e+03
9.383759645373218518e+03,1.552474891975316950e+03,2.883000000000000000e+03,1.554000000000000000e+03,2.205659939209575482e-01,1.322268028255955130e-01,6.776513726965024964e-02,1.323566987479771750e-01,5.523671304169810128e+02,5.726377738410164966e+02,3.300000000000000000e+01,6.300000000000000000e+01,3.366039795350280195e-01,3.264753556676262547e-01,2.010968921389396855e-02,3.591790193842645668e-02,2.826086956521739468e-01,1.650000000000000078e-01,2.000000000000000000e+03
1.341003449546469710e+03,3.939631402746255162e+02,6.200000000000000000e+02,2.320000000000000000e+02,1.505730349816381819e-01,1.237321420460507221e-01,6.961598922075006024e-02,7.286432160804019731e-02,8.238417564247916403e+01,6.295907738095256434e+01,1.400000000000000000e+01,1.500000000000000000e+01,2.151022862727915430e-01,1.585870966774623747e-01,3.655352480417754790e-02,3.778337531486146428e-02,3.187772925764191800e-01,7.799999999999999989e-02,2.000000000000000000e+03
6.159803754094284614e+02,1.478517180020172077e+02,4.180000000000000000e+02,2.160000000000000000e+02,1.772095441338977229e-01,1.157805152717441000e-01,1.202531645569620278e-01,1.691464369616288155e-01,5.481546548248932282e+01,4.811497464726634377e+01,6.000000000000000000e+00,1.000000000000000000e+01,3.262825326338650300e-01,2.673054147070352271e-01,3.571428571428571230e-02,5.555555555555555247e-02,3.987730061349693544e-01,4.900000000000000189e-02,2.000000000000000000e+03
3.881698790627365980e+01,2.201421170319978771e+01,1.800000000000000000e+01,1.900000000000000000e+01,1.448395071129614242e-01,1.595232732115926533e-01,6.716417910447761153e-02,1.376811594202898559e-01,1.819806626354245838e+00,1.780643738977073287e+00,1.000000000000000000e+00,0.000000000000000000e+00,1.819806626354245893e-01,1.112902336860670804e-01,1.000000000000000056e-01,0.000000000000000000e+00,3.695652173913043237e-01,1.450000000000000074e-02,2.000000000000000000e+03
4.065282936507909426e+02,1.331755738221202705e+02,5.260000000000000000e+02,1.150000000000000000e+02,1.355546160889599672e-01,1.323812861054873558e-01,1.753917972657552393e-01,1.143141153081510958e-01,2.794870008188461341e+01,2.565757668808264924e+01,1.200000000000000000e+01,1.600000000000000000e+01,2.272252039177610761e-01,2.085981844559564868e-01,9.756097560975610095e-02,1.300813008130081438e-01,4.478527607361962870e-01,4.499999999999999833e-02,2.000000000000000000e+03
1.348438686428414803e+04,1.438080837427620054e+03,5.211000000000000000e+03,8.430000000000000000e+02,1.775569744059326271e-01,1.115915913267339216e-01,6.861634888865479620e-02,6.541475905951733838e-02,1.009569040060482735e+03,8.979629196586155331e+02,1.700000000000000000e+02,1.760000000000000000e+02,2.944208340800474333e-01,2.581837031795904402e-01,4.957713619130942051e-02,5.060379528464634818e-02,3.024793388429751761e-01,2.109999999999999931e-01,2.000000000000000000e+03
1.161848156635322812e+04,3.907485885613884875e+03,9.622000000000000000e+03,7.997000000000000000e+03,1.440623140566309468e-01,1.064101164351157341e-01,1.193071209810413064e-01,2.177772936466871867e-01,8.391641819413028998e+02,7.495832900289785812e+02,2.280000000000000000e+02,2.510000000000000000e+02,2.218250547029613773e-01,2.053090358885178157e-01,6.026962727993655927e-02,6.874828814023555001e-02,4.431687715269805317e-01,2.424999999999999933e-01,2.000000000000000000e+03
2.546653231607578164e+03,6.482602686444882920e+02,2.035000000000000000e+03,1.257000000000000000e+03,1.723156662566870667e-01,1.093740962788068705e-01,1.376953785777116079e-01,2.120803104437320730e-01,1.660315176996722357e+02,1.295914921894677718e+02,2.500000000000000000e+01,5.300000000000000000e+01,2.757998632884920975e-01,2.238195029179063378e-01,4.152823920265780872e-02,9.153713298791019137e-02,4.349030470914126978e-01,1.019999999999999934e-01,2.000000000000000000e+03
3.164076876575040387e+03,1.123632432602684503e+03,1.107000000000000000e+03,3.290000000000000000e+02,1.395834161185389166e-01,1.411598533420457824e-01,4.883536262572790027e-02,4.133165829145728914e-02,1.646650329113127214e+02,1.372104730410680133e+02,1.800000000000000000e+01,1.400000000000000000e+01,1.785954803810333169e-01,1.408731756068460073e-01,1.952277657266811295e-02,1.437371663244353150e-02,2.893982808022922404e-01,1.239999999999999991e-01,2.000000000000000000e+03
8.737322845804980886e+01,8.314779383975810845e+00,3.900000000000000000e+01,4.000000000000000000e+00,1.579986048066000237e-01,1.079841478438416935e-01,7.052441229656419841e-02,5.194805194805195148e-02,7.011684303350969927e+00,4.661320546737214521e+00,0.000000000000000000e+00,1.000000000000000000e+00,2.804673721340387726e-01,1.864528218694885831e-01,0.000000000000000000e+00,4.000000000000000083e-02,3.898305084745762317e-01,1.799999999999999864e-02,2.000000000000000000e+03
1.491617084482493010e+04,3.031044189185704454e+03,1.059200000000000000e+04,8.028000000000000000e+03,1.638401472394298286e-01,9.863469538515146073e-02,1.163431860370602311e-01,2.612430849332899596e-01,1.033862387251210976e+03,9.753427532124092068e+02,1.520000000000000000e+02,2.190000000000000000e+02,2.541451296094422441e-01,2.481156838495062744e-01,3.736479842674533119e-02,5.571101500890358882e-02,3.658536585365853577e-01,2.469999999999999973e-01,2.000000000000000000e+03
2.933312548815846981e+02,1.300993559460821416e+02,1.000000000000000000e+02,9.700000000000000000e+01,1.482968932667263484e-01,1.372356075380613272e-01,5.055611729019211104e-02,1.023206751054852315e-01,2.032766439909296352e+01,2.087571649029980492e+01,1.000000000000000000e+00,4.000000000000000000e+00,2.074251469295200490e-01,2.152135720649464290e-01,1.020408163265306041e-02,4.123711340206185488e-02,3.063063063063062863e-01,3.849999999999999950e-02,2.000000000000000000e+03
9.015327697467649841e+02,1.427018564184930085e+02,1.242000000000000000e+03,1.150000000000000000e+02,1.527762700807939189e-01,1.151750253579443134e-01,2.104728012201321774e-01,9.281678773204196653e-02,9.588662383471915973e+01,6.386838876291266587e+01,1.600000000000000000e+01,2.700000000000000000e+01,3.340997346157462133e-01,2.383148834437039676e-01,5.574912891986062713e-02,1.007462686567164173e-01,4.915254237288135819e-01,5.999999999999999778e-02,2.000000000000000000e+03
1.125136647596912917e+04,2.099053815192693946e+03,8.533000000000000000e+03,2.622000000000000000e+03,1.909957133200212154e-01,1.435054225194977717e-01,1.448505321767471765e-01,1.792575374307786851e-01,1.008393993921645233e+03,8.707265654131963402e+02,6.200000000000000000e+01,1.310000000000000000e+02,4.357795997932779608e-01,3.641683669649503630e-01,2.679343128781331088e-02,5.478879130071100112e-02,4.940711462450593228e-01,1.920000000000000040e-01,2.000000000000000000e+03
8.422682912415380997e+03,2.130334953860961832e+03,4.624000000000000000e+03,2.152000000000000000e+03,1.469747659520718452e-01,1.080236780011643305e-01,8.068822307920497927e-02,1.091222554637188841e-01,5.345191632023190778e+02,4.885265928130526163e+02,1.080000000000000000e+02,1.160000000000000000e+02,2.192449397876616302e-01,2.033832609546430414e-01,4.429860541427399490e-02,4.829308909242298331e-02,3.327674023769100486e-01,1.965000000000000080e-01,2.000000000000000000e+03
8.680944282723146898e+03,1.689690242032076185e+03,8.089000000000000000e+03,3.654000000000000000e+03,1.614728945280620998e-01,1.108356997069253058e-01,1.504622309852867434e-01,2.396851426697277909e-01,5.725261141030454155e+02,5.419968276014067214e+02,8.400000000000000000e+01,1.350000000000000000e+02,2.622657416871486125e-01,2.515066485389358397e-01,3.847915712322492326e-02,6.264501160092807164e-02,3.901639344262295417e-01,1.859999999999999987e-01,2.000000000000000000e+03
9.140347412761415171e+02,3.748901266061966453e+02,4.300000000000000000e+02,3.060000000000000000e+02,1.467386003011946494e-01,1.397800621201329696e-01,6.903194734307271929e-02,1.140939597315436260e-01,6.831426760519026686e+01,7.472164745527851437e+01,8.000000000000000000e+00,1.100000000000000000e+01,2.182564460229720893e-01,2.335051482977453519e-01,2.555910543130990309e-02,3.437500000000000278e-02,3.619047619047619513e-01,6.700000000000000400e-02,2.000000000000000000e+03
3.045892463466860818e+02,3.382020817586295891e+01,1.620000000000000000e+02,6.100000000000000000e+01,2.339395133231075841e-01,1.150347216866087069e-01,1.244239631336405555e-01,2.074829931972789199e-01,2.321527777777777501e+01,2.176417233560090381e+01,7.000000000000000000e+00,4.000000000000000000e+00,3.571581196581196105e-01,4.185417756846327442e-01,1.076923076923076983e-01,7.692307692307692735e-02,4.000000000000000222e-01,2.850000000000000103e-02,2.000000000000000000e+03
1.335014744550708747e+04,3.994879010613750324e+03,7.921000000000000000e+03,3.291000000000000000e+03,1.618513583908041120e-01,1.416573529525105568e-01,9.603074535667523171e-02,1.166979894329988332e-01,8.052567019400318031e+02,7.702439284139542224e+02,1.470000000000000000e+02,1.890000000000000000e+02,2.473906918402555555e-01,2.304739462639001368e-01,4.516129032258064252e-02,5.655296229802513758e-02,4.015247776365946653e-01,2.354999999999999871e-01,2.000000000000000000e+03
3.963174990867204087e+03,1.488716145439640513e+03,1.965000000000000000e+03,9.480000000000000000e+02,1.359533117514735157e-01,1.222563969318913174e-01,6.740763610167747888e-02,7.785168760778517216e-02,2.602294255479970388e+02,2.145148219009822981e+02,3.100000000000000000e+01,3.400000000000000000e+01,2.029870714102940954e-01,1.767008417635768380e-01,2.418096723868954842e-02,2.800658978583196040e-02,3.513513513513513153e-01,1.439999999999999891e-01,2.000000000000000000e+03
2.271826600921712452e+04,7.947380915375037148e+03,1.038900000000000000e+04,2.981000000000000000e+03,1.948125986932935927e-01,2.141054693115395646e-01,8.908726075324140126e-02,8.030927557315660492e-02,1.806452339852618934e+03,1.588970470679041227e+03,1.950000000000000000e+02,2.590000000000000000e+02,3.528916467772257870e-01,3.075823597907551554e-01,3.809337761281500478e-02,5.013550135501355226e-02,3.148148148148147696e-01,2.775000000000000244e-01,2.000000000000000000e+03
9.952048554419099673e+03,2.314691055366603450e+03,1.047900000000000000e+04,2.286000000000000000e+03,1.261589472576421234e-01,1.137440322047471031e-01,1.328389427647841681e-01,1.123341523341523374e-01,6.285675873960755098e+02,5.490214732930201080e+02,1.460000000000000000e+02,2.000000000000000000e+02,2.044122235434391865e-01,1.764207819064974592e-01,4.747967479674796570e-02,6.426735218508997094e-02,4.077025232403718169e-01,2.230000000000000038e-01,2.000000000000000000e+03
2.590039016597567297e+03,7.026247652116422842e+02,7.280000000000000000e+02,6.030000000000000000e+02,1.482139637537949750e-01,1.062168957236042793e-01,4.165951359084406336e-02,9.115646258503401489e-02,1.535318877551013372e+02,1.555714285714288394e+02,1.200000000000000000e+01,1.200000000000000000e+01,2.058068200470527243e-01,2.154728927582116871e-01,1.608579088471849897e-02,1.662049861495844966e-02,2.715231788079470743e-01,1.100000000000000006e-01,2.000000000000000000e+03
3.263469843474825211e+03,9.473825174792307280e+02,2.399000000000000000e+03,1.147000000000000000e+03,1.450237676520830521e-01,1.166009252282130121e-01,1.066080078211793930e-01,1.411692307692307691e-01,1.762692310720578348e+02,1.671336254409166031e+02,3.600000000000000000e+01,5.300000000000000000e+01,1.903555411145332887e-01,1.804898762860870365e-01,3.887688984881209481e-02,5.723542116630669224e-02,3.657289002557544411e-01,1.239999999999999991e-01,2.000000000000000000e+03
1.476275045335068717e+04,3.993776390778602945e+03,8.350000000000000000e+03,2.164000000000000000e+03,1.826349769070502727e-01,1.815435424691396460e-01,1.033006730007917651e-01,9.836810764125641926e-02,1.144018004062741966e+03,9.806553166729634086e+02,1.600000000000000000e+02,1.960000000000000000e+02,3.300686682235262626e-01,2.870770833351766194e-01,4.616272360069244296e-02,5.737704918032787010e-02,3.439306358381503115e-01,2.270000000000000073e-01,2.000000000000000000e+03
4.550524618764786283e+03,1.331691729024969163e+03,2.154000000000000000e+03,1.296000000000000000e+03,1.458314516973716890e-01,1.244455405125660385e-01,6.902961158825791921e-02,1.211101766190075674e-01,2.627060363126730067e+02,2.455201040879316281e+02,4.300000000000000000e+01,6.400000000000000000e+01,2.122019679423853000e-01,1.869917015140377947e-01,3.473344103392568549e-02,4.874333587204874446e-02,3.497757847533632392e-01,1.449999999999999900e-01,2.000000000000000000e+03
5.796231451719900178e+03,1.321452203955646610e+03,5.099000000000000000e+03,1.410000000000000000e+03,1.486975744412493694e-01,1.385751052805837547e-01,1.308106721395587424e-01,1.478607382550335692e-01,4.882897156084658263e+02,4.197114244771986478e+02,5.500000000000000000e+01,1.470000000000000000e+02,3.030972784658385044e-01,2.587616673718857174e-01,3.414028553693358031e-02,9.062885326757090521e-02,4.296160877513711673e-01,1.559999999999999998e-01,2.000000000000000000e+03
9.282286766188096863e+02,2.068491197404903232e+02,3.360000000000000000e+02,6.500000000000000000e+01,1.290820020329314088e-01,1.115691044986463487e-01,4.672507300792657498e-02,3.505933117583603237e-02,5.500156147644258908e+01,4.022411438649539406e+01,3.000000000000000000e+00,3.000000000000000000e+00,1.903168217177944321e-01,1.608964575459815860e-01,1.038062283737024166e-02,1.200000000000000025e-02,2.894736842105263275e-01,6.750000000000000444e-02,2.000000000000000000e+03
3.611710921359810072e+03,7.800685385172578208e+02,2.813000000000000000e+03,8.150000000000000000e+02,1.386613015456601428e-01,1.230780275350674968e-01,1.079970821975659440e-01,1.285894603976017736e-01,2.040408281368095231e+02,1.955992049319722526e+02,4.200000000000000000e+01,5.500000000000000000e+01,1.948814022319097505e-01,1.765335784584587120e-01,4.011461318051576241e-02,4.963898916967508790e-02,3.576826196473551489e-01,1.275000000000000022e-01,2.000000000000000000e+03
2.149277672224069829e+04,3.527645927816268340e+03,1.855900000000000000e+04,4.231000000000000000e+03,1.608162989512802177e-01,1.145228038767739653e-01,1.388647791212737903e-01,1.373567509658150110e-01,1.713387154352456037e+03,1.450518112087403551e+03,3.170000000000000000e+02,4.880000000000000000e+02,3.188290201623475983e-01,2.674259056208340146e-01,5.898771864532936088e-02,8.997050147492625938e-02,3.586592178770949824e-01,2.869999999999999774e-01,2.000000000000000000e+03
1.650176935373265587e+04,4.051475682476783732e+03,1.692600000000000000e+04,5.214000000000000000e+03,1.580977548093225049e-01,1.240918767030164405e-01,1.621621621621621712e-01,1.596986125149315316e-01,1.119224037540931249e+03,9.685150336986556567e+02,2.300000000000000000e+02,3.230000000000000000e+02,2.683347009208658096e-01,2.328161138698691401e-01,5.514265164229201904e-02,7.764423076923077094e-02,4.132138857782754471e-01,2.620000000000000107e-01,2.000000000000000000e+03
3.745070997890145918e+03,1.228008323412626396e+03,3.253000000000000000e+03,2.941000000000000000e+03,1.588105757734774859e-01,1.029431070008069715e-01,1.379441947247900813e-01,2.465420404057339365e-01,3.694312287414953744e+02,3.605003376165270197e+02,3.500000000000000000e+01,6.000000000000000000e+01,3.128122173933068351e-01,3.145727204332696703e-01,2.963590177815410634e-02,5.235602094240837667e-02,4.183006535947711990e-01,1.335000000000000075e-01,2.000000000000000000e+03
1.025944368889972066e+04,2.740575216994516268e+03,5.513000000000000000e+03,2.508000000000000000e+03,1.608164099457602414e-01,1.094697510283409725e-01,8.641607624302463653e-02,1.001797483523067661e-01,8.174097960758417685e+02,7.641800910178915274e+02,1.410000000000000000e+02,1.560000000000000000e+02,2.838228458596672721e-01,2.626048422741895094e-01,4.895833333333333287e-02,5.360824742268040927e-02,3.547400611620794564e-01,2.109999999999999931e-01,2.000000000000000000e+03
3.283607557319393891e+03,9.507447129314997483e+02,2.133000000000000000e+03,1.087000000000000000e+03,1.410120912702651219e-01,1.252628080278655742e-01,9.160010306622004550e-02,1.432147562582345157e-01,2.069943861803976972e+02,1.944104009196264542e+02,2.700000000000000000e+01,4.000000000000000000e+01,2.209118315692611412e-01,2.138728282944185322e-01,2.881536819637139923e-02,4.400440044004400725e-02,3.743718592964824232e-01,1.244999999999999996e-01,2.000000000000000000e+03
1.085769323349727301e+03,3.543575283446749040e+02,3.050000000000000000e+02,2.160000000000000000e+02,1.412291003316502869e-01,1.223187878304021065e-01,3.967221644120707408e-02,7.455988954090438103e-02,6.690192350088199191e+01,5.583734347442691615e+01,1.000000000000000000e+01,1.200000000000000000e+01,1.922469066117298564e-01,1.627910888467256900e-01,2.873563218390804558e-02,3.498542274052478251e-02,2.772277227722772519e-01,7.299999999999999545e-02,2.000000000000000000e+03
1.199344923154444587e+02,1.413076341647769141e+01,4.800000000000000000e+01,4.300000000000000000e+01,2.164882532769755452e-01,1.261675305042651019e-01,8.664259927797833549e-02,3.839285714285714524e-01,7.132668808264044813e+00,6.697908793146888584e+00,0.000000000000000000e+00,0.000000000000000000e+00,3.242122185574565774e-01,2.160615739724802697e-01,0.000000000000000000e+00,0.000000000000000000e+00,3.272727272727272707e-01,1.849999999999999908e-02,2.000000000000000000e+03
3.127758487654323361e+01,1.380540895061729145e+01,1.800000000000000000e+01,1.100000000000000000e+01,1.271446539696879374e-01,1.314800852439741985e-01,7.317073170731706877e-02,1.047619047619047644e-01,1.753858024691357986e+00,2.781194885361552238e+00,0.000000000000000000e+00,0.000000000000000000e+00,1.753858024691357931e-01,3.973135550516503356e-01,0.000000000000000000e+00,0.000000000000000000e+00,2.702702702702702853e-01,1.349999999999999985e-02,2.000000000000000000e+03
7.550289896699410974e+02,2.841074412635445015e+02,4.640000000000000000e+02,2.200000000000000000e+02,1.660134102176651361e-01,1.500831702395903355e-01,1.020228671943711474e-01,1.162176439513998988e-01,5.518943893298069270e+01,5.821100544847575264e+01,5.000000000000000000e+00,6.000000000000000000e+00,2.566950648045613348e-01,2.564361473501134414e-01,2.325581395348837177e-02,2.643171806167400953e-02,3.595505617977527990e-01,5.700000000000000205e-02,2.000000000000000000e+03
1.086992383944314497e+03,2.702480342970498555e+02,9.400000000000000000e+02,4.280000000000000000e+02,1.544023272648173961e-01,1.187381521516036320e-01,1.335227272727272652e-01,1.880492091388400733e-01,4.939621913580251089e+01,6.628658730158747403e+01,1.000000000000000000e+01,1.800000000000000000e+01,1.975848765432100529e-01,2.309637188208622793e-01,4.000000000000000083e-02,6.271777003484320379e-02,3.568075117370892446e-01,6.850000000000000533e-02,2.000000000000000000e+03
1.784518788028426206e+04,2.349931267006621965e+03,4.176000000000000000e+03,1.443000000000000000e+03,1.956237298051375917e-01,1.100515743458353318e-01,4.577843064173116316e-02,6.757832623050624710e-02,1.375435228489542169e+03,1.289202961703198298e+03,7.600000000000000000e+01,1.060000000000000000e+02,3.795351071991010516e-01,3.488103251361467372e-01,2.097130242825607019e-02,2.867965367965367995e-02,2.543171114599686033e-01,2.374999999999999889e-01,2.000000000000000000e+03
1.807957735103191453e+03,4.945653100592109013e+02,9.880000000000000000e+02,5.420000000000000000e+02,1.458971703601671666e-01,1.212467050892892667e-01,7.972885732730794484e-02,1.328757048296151100e-01,1.338425729087929028e+02,1.048713073192237317e+02,2.500000000000000000e+01,3.300000000000000000e+01,2.573895632861402105e-01,2.131530636569587966e-01,4.807692307692307959e-02,6.707317073170732113e-02,3.851351351351350871e-01,9.099999999999999756e-02,2.000000000000000000e+03
3.889167820295008823e+03,1.628404667737462660e+03,2.083000000000000000e+03,1.502000000000000000e+03,1.460117067237951816e-01,1.254065974383875848e-01,7.820243279771738054e-02,1.156719291490180962e-01,2.713798973293005474e+02,2.185784045099516675e+02,3.900000000000000000e+01,5.100000000000000000e+01,2.095597662774521530e-01,1.818455944342360076e-01,3.011583011583011601e-02,4.242928452579034643e-02,3.269689737470167223e-01,1.409999999999999865e-01,2.000000000000000000e+03
3.282614010298801077e+03,8.667592904384279109e+02,5.340000000000000000e+02,2.040000000000000000e+02,2.151264178713415687e-01,1.296379435295285654e-01,3.499574021888721131e-02,3.051151660185462064e-02,1.972396660052912978e+02,2.028374118165785660e+02,7.000000000000000000e+00,1.300000000000000000e+01,3.015897033720050247e-01,3.027424056963859411e-01,1.070336391437308812e-02,1.940298507462686478e-02,2.307692307692307265e-01,1.049999999999999961e-01,2.000000000000000000e+03
3.489967787855880488e+02,8.612245496346727691e+01,3.060000000000000000e+02,9.800000000000000000e+01,1.365936511880970761e-01,1.257262116254996842e-01,1.197651663405088079e-01,1.430656934306569206e-01,2.084731670445954776e+01,1.793096497858400440e+01,3.000000000000000000e+00,5.000000000000000000e+00,2.149207907676242146e-01,1.775343067186535007e-01,3.092783505154639290e-02,4.950495049504950729e-02,3.909774436090225347e-01,4.050000000000000128e-02,2.000000000000000000e+03
1.004784907517419197e+04,1.894113645754561048e+03,5.365000000000000000e+03,1.720000000000000000e+03,1.619863140655853351e-01,1.262826618944303536e-01,8.649180222154154163e-02,1.146743116207747243e-01,6.492269776707022402e+02,5.325871642731178781e+02,1.640000000000000000e+02,1.950000000000000000e+02,2.551992836755905270e-01,2.246255437676583089e-01,6.446540880503144610e-02,8.224377899620413657e-02,3.599348534201954886e-01,1.965000000000000080e-01,2.000000000000000000e+03
1.305553273273382001e+04,4.116420595395930832e+03,7.602000000000000000e+03,3.103000000000000000e+03,1.479732597301773867e-01,1.283733735232311657e-01,8.616214623309796650e-02,9.676916360007484230e-02,9.221034194696463828e+02,8.097251927437630457e+02,1.870000000000000000e+02,2.230000000000000000e+02,2.549359744179282017e-01,2.215996696069411631e-01,5.170030411943599830e-02,6.102900930487137332e-02,3.355886332882273004e-01,2.454999999999999960e-01,2.000000000000000000e+03
1.047316638731204694e+04,2.526829457357161118e+03,5.267000000000000000e+03,1.906000000000000000e+03,1.483682498308808440e-01,1.190945683818240564e-01,7.461502500389578796e-02,8.983362398077013311e-02,6.775705292579971228e+02,6.805235200932206681e+02,1.370000000000000000e+02,1.680000000000000000e+02,2.128048144654513529e-01,2.003307389146955220e-01,4.302763819095477282e-02,4.945540182513982752e-02,3.529411764705882026e-01,2.144999999999999962e-01,2.000000000000000000e+03
8.352356777684401095e+03,1.858798294753080654e+03,7.021000000000000000e+03,3.619000000000000000e+03,1.427948570348834267e-01,1.047033343521140414e-01,1.200335088559119218e-01,2.038528699374753672e-01,6.243727099080387006e+02,5.522047028533629600e+02,1.080000000000000000e+02,1.530000000000000000e+02,2.680861785779470319e-01,2.287509125324618808e-01,4.637183340489480637e-02,6.338028169014084390e-02,4.172876304023844796e-01,1.955000000000000071e-01,2.000000000000000000e+03
1.298226430256007552e+04,2.411204548847274054e+03,5.932000000000000000e+03,1.953000000000000000e+03,1.965401686886498189e-01,1.120604428520367152e-01,8.980531080630999030e-02,9.076544127898870939e-02,7.566102614008457294e+02,7.083152328987052897e+02,8.400000000000000000e+01,1.040000000000000000e+02,2.876845100383443876e-01,2.684028923450948456e-01,3.193916349809886035e-02,3.940886699507389207e-02,3.727544910179640958e-01,2.094999999999999918e-01,2.000000000000000000e+03
4.947422762346536729e+03,1.409140291635139192e+03,1.945000000000000000e+03,9.980000000000000000e+02,1.537278302938364094e-01,1.227794973978512810e-01,6.043563371966566289e-02,8.695652173913043237e-02,3.243238822751322914e+02,3.109272880448468186e+02,3.600000000000000000e+01,4.200000000000000000e+01,2.512191187258964176e-01,2.351946203062381391e-01,2.788536018590240251e-02,3.177004538577912068e-02,3.392857142857143016e-01,1.479999999999999927e-01,2.000000000000000000e+03
3.250743097442863473e+03,6.304488290501382153e+02,2.360000000000000000e+03,5.810000000000000000e+02,1.485171371273238117e-01,1.284533066524324030e-01,1.078216374269005823e-01,1.183781581092094581e-01,2.286154155643742172e+02,1.972098874086671287e+02,2.600000000000000000e+01,4.800000000000000000e+01,2.583225034625697414e-01,2.248687427692897811e-01,2.937853107344632828e-02,5.473204104903078848e-02,3.974025974025974239e-01,1.160000000000000059e-01,2.000000000000000000e+03
1.214193001889281913e+04,4.601748207357340107e+03,1.028100000000000000e+04,9.213000000000000000e+03,1.560619266714585729e-01,1.070572354214903293e-01,1.321431325672861867e-01,2.143355667225013972e-01,9.868893220899582275e+02,8.747319872764006732e+02,4.160000000000000000e+02,4.970000000000000000e+02,2.341374429632166743e-01,2.155574143115822350e-01,9.869513641755633948e-02,1.224741251848201068e-01,4.318706697459584465e-01,2.459999999999999964e-01,2.000000000000000000e+03
2.900105111489039800e+01,1.259926146384479928e+01,9.000000000000000000e+00,1.000000000000000000e+01,1.255456758220363511e-01,1.340346964238808558e-01,3.896103896103896014e-02,1.063829787234042562e-01,1.920194003527336379e+00,8.024691358024702015e-02,0.000000000000000000e+00,0.000000000000000000e+00,1.920194003527336268e-01,2.006172839506175504e-02,0.000000000000000000e+00,0.000000000000000000e+00,3.658536585365853577e-01,1.299999999999999940e-02,2.000000000000000000e+03
1.400139936727336499e+04,3.638821868386454298e+03,6.833000000000000000e+03,4.294000000000000000e+03,1.610466915950467537e-01,1.255588788649961707e-01,7.859443294225902654e-02,1.481660398191918804e-01,9.406354664273143271e+02,8.271398291446216717e+02,1.240000000000000000e+02,2.220000000000000000e+02,2.679873123724542117e-01,2.408677429075776477e-01,3.532763532763532471e-02,6.464764123471170021e-02,3.715775749674055106e-01,2.409999999999999920e-01,2.000000000000000000e+03
2.584202180492618936e+03,5.490976906966526485e+02,1.243000000000000000e+03,2.560000000000000000e+02,1.774742243316131396e-01,1.617848234227026172e-01,8.536501613900143726e-02,7.542722451384796523e-02,1.884380738221215097e+02,1.688927459687581063e+02,2.500000000000000000e+01,4.200000000000000000e+01,3.125009516121418085e-01,2.693664210028040018e-01,4.145936981757877143e-02,6.698564593301435666e-02,3.851132686084142165e-01,9.500000000000000111e-02,2.000000000000000000e+03
3.967582126008189334e+03,1.100525396982863185e+03,7.520000000000000000e+02,5.160000000000000000e+02,1.570138163761205241e-01,1.233496297896058275e-01,2.975978471645098627e-02,5.783456624075319213e-02,2.253557001133783899e+02,2.051817622511959200e+02,2.400000000000000000e+01,2.700000000000000000e+01,2.352355951079106444e-01,2.060057853927669824e-01,2.505219206680584648e-02,2.710843373493975958e-02,2.471264367816091712e-01,1.310000000000000053e-01,2.000000000000000000e+03
4.515429552469794544e+03,1.295756334561652238e+03,1.998000000000000000e+03,1.748000000000000000e+03,1.429159535518213231e-01,1.073979556205264946e-01,6.323785409083715336e-02,1.448818897637795255e-01,3.352305209120680729e+02,2.619068759448222750e+02,5.800000000000000000e+01,3.600000000000000000e+01,2.446938108847212245e-01,1.985647277822761847e-01,4.233576642335766527e-02,2.729340409401061554e-02,3.287981859410430419e-01,1.479999999999999927e-01,2.000000000000000000e+03
8.004336367787262134e+03,1.562772667233588663e+03,5.453000000000000000e+03,1.995000000000000000e+03,1.575346657702669240e-01,1.193594032867630605e-01,1.073213934264908437e-01,1.523714962193538636e-01,4.802098711892148799e+02,4.182484824577960012e+02,1.110000000000000000e+02,1.400000000000000000e+02,2.302060743955967881e-01,1.927412361556663511e-01,5.321188878235857955e-02,6.451612903225806273e-02,4.592145015105739692e-01,1.789999999999999925e-01,2.000000000000000000e+03
1.014899603331874459e+04,3.276472014361710990e+03,6.441000000000000000e+03,4.398000000000000000e+03,1.474673219801625190e-01,1.126671027255497087e-01,9.358925924849612055e-02,1.512327636601217273e-01,9.192975300768461011e+02,7.345461931531890514e+02,2.040000000000000000e+02,2.450000000000000000e+02,2.789130855815674104e-01,2.314989578169521223e-01,6.189320388349514590e-02,7.721399306649857908e-02,4.061662198391421397e-01,2.215000000000000024e-01,2.000000000000000000e+03
8.539416375346651193e+02,2.036221576593610791e+02,3.400000000000000000e+02,1.390000000000000000e+02,1.464736942598053315e-01,9.957073724174135554e-02,5.831903945111492626e-02,6.797066014669926604e-02,7.654556405895699811e+01,5.198666225749573044e+01,7.000000000000000000e+00,1.000000000000000000e+00,2.695266340104119918e-01,2.038692637548852049e-01,2.464788732394366036e-02,3.921568627450980338e-03,3.699999999999999956e-01,6.300000000000000044e-02,2.000000000000000000e+03
8.727521319916753555e+02,2.331203135235591901e+02,9.700000000000000000e+02,2.090000000000000000e+02,1.292200373099904320e-01,1.232136963655175443e-01,1.436185963873260196e-01,1.104651162790697694e-01,6.646948916603699331e+01,4.486067413076344224e+01,1.300000000000000000e+01,3.400000000000000000e+01,2.116862712294171889e-01,1.607909467052453245e-01,4.140127388535031622e-02,1.218637992831541200e-01,4.133333333333333304e-01,6.600000000000000311e-02,2.000000000000000000e+03
3.218719019274367952e+02,6.295382968002040514e+01,1.900000000000000000e+02,1.230000000000000000e+02,1.460398829071854754e-01,8.719366991692577284e-02,8.620689655172414367e-02,1.703601108033241107e-01,2.103384038800706080e+01,1.880586655958678932e+01,2.000000000000000000e+00,5.000000000000000000e+00,2.146310243674189877e-01,2.442320332413868700e-01,2.040816326530612082e-02,6.493506493506492894e-02,3.739837398373984101e-01,3.849999999999999950e-02,2.000000000000000000e+03
2.960433201058200581e+01,3.354166666666668295e+00,1.600000000000000000e+01,2.000000000000000000e+00,1.265142393614615557e-01,7.986111111111114658e-02,6.837606837606838295e-02,4.761904761904761640e-02,6.731481481481483620e+00,3.243496472663142116e-01,0.000000000000000000e+00,1.000000000000000000e+00,4.808201058201059808e-01,6.486992945326283677e-02,0.000000000000000000e+00,2.000000000000000111e-01,3.333333333333333703e-01,1.200000000000000025e-02,2.000000000000000000e+03
1.444186765352147813e+04,2.872473254126034590e+03,1.228800000000000000e+04,6.978000000000000000e+03,1.554845090438667921e-01,1.047888973488265985e-01,1.322954684926197499e-01,2.545600466948781393e-01,1.041783983056181341e+03,9.025159405706714324e+02,1.960000000000000000e+02,2.580000000000000000e+02,2.574849191933221149e-01,2.260245280667847190e-01,4.844290657439446340e-02,6.461307287753569051e-02,4.303944315545243926e-01,2.454999999999999960e-01,2.000000000000000000e+03
6.760938107205392043e+03,7.686765657281570157e+02,8.560000000000000000e+02,3.780000000000000000e+02,2.866261703919532056e-01,1.509576916198265839e-01,3.628963879938951892e-02,7.423409269442261815e-02,3.489496252204579605e+02,3.235490244708989849e+02,1.400000000000000000e+01,2.100000000000000000e+01,3.708285071418256917e-01,3.479021768504290124e-01,1.487778958554729011e-02,2.258064516129032126e-02,2.258064516129032473e-01,1.199999999999999956e-01,2.000000000000000000e+03
3.216484001007805205e+02,1.163256487780299011e+02,4.000000000000000000e+01,3.200000000000000000e+01,2.057891235449651468e-01,1.795148900895523203e-01,2.559181062060140663e-02,4.938271604938271331e-02,2.792739040060467914e+01,2.497134038800703948e+01,1.000000000000000000e+00,0.000000000000000000e+00,3.674656631658510531e-01,3.285702682632505311e-01,1.315789473684210453e-02,0.000000000000000000e+00,1.927710843373493521e-01,3.350000000000000200e-02,2.000000000000000000e+03
1.800053727009200429e+03,5.784631993260288709e+02,1.185000000000000000e+03,4.410000000000000000e+02,1.610786332894139083e-01,1.263571863971229559e-01,1.060402684563758330e-01,9.633027522935780351e-02,1.387747189153432998e+02,1.111128196649023891e+02,1.400000000000000000e+01,1.800000000000000000e+01,2.832137120721291978e-01,2.364102546061752907e-01,2.857142857142857054e-02,3.829787234042553168e-02,3.283018867924528683e-01,8.899999999999999578e-02,2.000000000000000000e+03
3.483744403029624209e+03,9.562305369740256538e+02,2.444000000000000000e+03,1.245000000000000000e+03,1.650125238267158012e-01,1.348512955822910309e-01,1.157635467980295541e-01,1.755746721195882154e-01,2.298901486520530568e+02,2.090352143172077888e+02,5.300000000000000000e+01,6.300000000000000000e+01,2.645456256065052414e-01,2.264736883176682314e-01,6.098964326812428283e-02,6.825568797399783616e-02,4.005037783375314797e-01,1.189999999999999947e-01,2.000000000000000000e+03
7.350405785778027166e+03,1.697273257432563241e+03,5.624000000000000000e+03,2.182000000000000000e+03,1.497607177070154894e-01,1.145104073291433877e-01,1.145860923779059154e-01,1.472136014033193774e-01,4.641821027021924237e+02,4.130165934429304571e+02,1.210000000000000000e+02,1.390000000000000000e+02,2.344354054051476788e-01,2.020629126433123590e-01,6.111111111111110911e-02,6.800391389432484945e-02,4.525993883792048811e-01,1.789999999999999925e-01,2.000000000000000000e+03
1.024118652210898063e+03,3.366883149092927852e+02,5.970000000000000000e+02,2.400000000000000000e+02,1.356089317016549445e-01,1.226998232176722964e-01,7.905190677966102142e-02,8.746355685131194935e-02,6.819883786848089358e+01,6.364675059838766913e+01,6.000000000000000000e+00,1.900000000000000000e+01,2.453195606779888238e-01,1.964405882666286074e-01,2.158273381294964141e-02,5.864197530864197205e-02,3.819742489270385732e-01,7.199999999999999456e-02,2.000000000000000000e+03
6.168207862181802739e+03,1.571765579963482196e+03,3.453000000000000000e+03,1.376000000000000000e+03,1.407880914402858397e-01,1.166084709521093693e-01,7.881402355519036285e-02,1.020847243860820569e-01,3.541610292265062299e+02,2.925646397077360348e+02,5.600000000000000000e+01,8.100000000000000000e+01,1.941672309355845505e-01,1.634439327976179024e-01,3.070175438596491058e-02,4.525139664804469358e-02,3.247011952191235507e-01,1.695000000000000118e-01,2.000000000000000000e+03
1.984795131015366394e+02,3.054433972663136743e+01,5.300000000000000000e+01,9.000000000000000000e+00,1.555482077598249468e-01,1.461451661561309345e-01,4.153605015673981354e-02,4.306220095693780170e-02,1.306613756613756117e+01,1.825548390652556918e+01,0.000000000000000000e+00,2.000000000000000000e+00,2.177689594356260194e-01,2.535483875906329176e-01,0.000000000000000000e+00,2.777777777777777624e-02,2.857142857142856984e-01,2.750000000000000014e-02,2.000000000000000000e+03
5.668231518959877576e+03,1.838179225088148542e+03,3.606000000000000000e+03,1.313000000000000000e+03,1.612813065574015547e-01,1.441709196147567540e-01,1.026034997865983844e-01,1.029803921568627489e-01,4.105973286722094713e+02,3.733902089632150023e+02,3.100000000000000000e+01,3.700000000000000000e+01,2.708425650872094415e-01,2.480998066200764129e-01,2.044854881266490801e-02,2.458471760797342059e-02,4.128787878787878451e-01,1.549999999999999989e-01,2.000000000000000000e+03
3.127913125157461423e+02,8.173945342025739080e+01,1.300000000000000000e+02,2.500000000000000000e+01,1.973446766660859053e-01,1.459633096790310669e-01,8.201892744479495623e-02,4.464285714285714385e-02,2.316027336860669195e+01,1.762522045855379105e+01,1.000000000000000000e+00,3.000000000000000000e+00,3.216704634528707030e-01,3.325513294066753112e-01,1.388888888888888812e-02,5.660377358490566169e-02,2.500000000000000000e-01,3.300000000000000155e-02,2.000000000000000000e+03
7.307426504787315935e+03,1.468772454490967220e+03,4.404000000000000000e+03,1.855000000000000000e+03,1.691729715195581796e-01,1.215569357354106816e-01,1.019562449357564599e-01,1.535214764545228816e-01,4.157564671516759063e+02,3.578707168052413294e+02,3.600000000000000000e+01,6.200000000000000000e+01,2.498536461248052343e-01,2.202281334186100559e-01,2.163461538461538408e-02,3.815384615384615624e-02,4.042933810375670678e-01,1.665000000000000091e-01,2.000000000000000000e+03
5.990683890306336252e+03,1.538150936791436607e+03,6.011000000000000000e+03,1.307000000000000000e+03,1.548100341190876972e-01,1.246172678272248757e-01,1.553350388919037539e-01,1.058899781252531785e-01,5.269815948601656146e+02,4.375545960884368810e+02,7.300000000000000000e+01,1.110000000000000000e+02,2.997619993516300596e-01,2.504605587226312879e-01,4.152445961319681245e-02,6.353749284487693327e-02,4.539249146757678988e-01,1.600000000000000033e-01,2.000000000000000000e+03
1.185717056248372273e+03,2.737050628306881777e+02,1.138000000000000000e+03,3.140000000000000000e+02,1.489033098390521448e-01,1.249794807446064776e-01,1.429109632048223000e-01,1.433789954337899575e-01,7.774594923154450044e+01,6.984193625598400956e+01,1.100000000000000000e+01,1.800000000000000000e+01,2.266645750190801889e-01,2.260256836763236687e-01,3.206997084548104948e-02,5.825242718446602130e-02,4.414062500000000000e-01,7.149999999999999412e-02,2.000000000000000000e+03
1.799734650573182307e+03,4.845502566767454482e+02,1.007000000000000000e+03,6.040000000000000000e+02,1.375943922456561441e-01,1.123985749656101762e-01,7.698776758409786591e-02,1.401067037810252713e-01,1.286995071176617955e+02,1.157499252015621209e+02,9.000000000000000000e+00,3.300000000000000000e+01,2.392184147168434916e-01,1.992253445810019397e-01,1.672862453531598348e-02,5.679862306368330810e-02,3.573883161512027007e-01,9.349999999999999978e-02,2.000000000000000000e+03
3.588363331443689219e+01,1.333938019652305229e+01,1.600000000000000000e+01,1.500000000000000000e+01,1.546708332518831608e-01,1.434341956615381997e-01,6.896551724137930939e-02,1.612903225806451568e-01,9.916225749559084424e-01,2.107583774250441078e+00,0.000000000000000000e+00,0.000000000000000000e+00,1.983245149911816996e-01,2.107583774250441078e-01,0.000000000000000000e+00,0.000000000000000000e+00,3.953488372093023617e-01,1.299999999999999940e-02,2.000000000000000000e+03
1.131495486724851980e+04,1.896233398053640940e+03,5.148000000000000000e+03,2.061000000000000000e+03,1.733109940301824359e-01,1.093938732002792680e-01,7.885183880404980639e-02,1.188992731048805762e-01,6.594243041383220998e+02,6.153109895439661159e+02,8.300000000000000000e+01,1.090000000000000000e+02,2.556899201777130815e-01,2.372054701403107646e-01,3.218301667312911674e-02,4.202004626060138609e-02,3.327868852459016091e-01,2.034999999999999865e-01,2.000000000000000000e+03
0.000000000000000000e+00,0.000000000000000000e+00,0.000000000000000000e+00,0.000000000000000000e+00,0.000000000000000000e+00,0.000000000000000000e+00,0.000000000000000000e+00,0.000000000000000000e+00,0.000000000000000000e+00,0.000000000000000000e+00,0.000000000000000000e+00,0.000000000000000000e+00,0.000000000000000000e+00,0.000000000000000000e+00,0.000000000000000000e+00,0.000000000000000000e+00,0.000000000000000000e+00,0.000000000000000000e+00,2.000000000000000000e+03
8.372897182067461472e+03,3.495930470836557561e+03,4.073000000000000000e+03,2.840000000000000000e+03,1.874389340064352150e-01,1.662116897654427605e-01,9.117976270427580188e-02,1.350259116626253975e-01,6.796590372260062622e+02,6.243277147896222914e+02,8.100000000000000000e+01,1.140000000000000000e+02,3.010004593560701158e-01,2.933870840176796557e-01,3.587245349867138750e-02,5.357142857142856845e-02,3.252788104089219257e-01,1.814999999999999947e-01,2.000000000000000000e+03
6.274815166918198884e+03,1.297138352702153725e+03,2.505000000000000000e+03,1.405000000000000000e+03,1.679734223931416415e-01,1.044899591350212376e-01,6.705750080308384153e-02,1.131786692444014808e-01,3.804444233434121543e+02,3.979420587679520622e+02,2.000000000000000000e+01,4.200000000000000000e+01,2.401795601915480693e-01,2.445863913755083330e-01,1.262626262626262603e-02,2.581438229870927983e-02,3.816046966731898582e-01,1.580000000000000016e-01,2.000000000000000000e+03
8.318434917485545554e+01,2.330961829176111877e+01,5.000000000000000000e+01,3.000000000000000000e+01,1.419528142915622015e-01,9.961375338359453047e-02,8.532423208191126929e-02,1.282051282051281937e-01,6.233245149911817329e+00,5.684004157218442543e+00,0.000000000000000000e+00,1.000000000000000000e+00,2.597185479129923702e-01,2.471306155312366359e-01,0.000000000000000000e+00,4.347826086956521618e-02,4.142857142857142572e-01,2.050000000000000086e-02,2.000000000000000000e+03
1.846502594921605487e+04,5.751155128810687529e+03,1.310500000000000000e+04,9.530000000000000000e+03,1.606506577333720875e-01,1.263379273496482436e-01,1.140170003219098810e-01,2.093493256008084058e-01,1.474108691578484923e+03,1.279664213750322688e+03,2.060000000000000000e+02,2.900000000000000000e+02,2.977395862610553445e-01,2.620651676736274194e-01,4.160775600888709513e-02,5.938971943477370369e-02,3.720930232558139483e-01,2.834999999999999742e-01,2.000000000000000000e+03
5.030158322153983136e+03,1.554000150856630626e+03,4.590000000000000000e+03,1.386000000000000000e+03,1.281503699723322010e-01,1.132405560632974290e-01,1.169367166004280090e-01,1.009983239816366618e-01,3.261531637377170796e+02,2.781875236205594888e+02,7.300000000000000000e+01,1.210000000000000000e+02,1.812969225890589675e-01,1.554988952602344709e-01,4.057809894385770028e-02,6.763555058692007071e-02,3.682170542635658794e-01,1.630000000000000060e-01,2.000000000000000000e+03
7.123143767322093481e+03,1.578713541981640901e+03,3.136000000000000000e+03,7.580000000000000000e+02,1.540505583451652061e-01,1.307748129540789450e-01,6.782153593287051918e-02,6.278992710404240896e-02,4.375790698223747768e+02,4.214053037603939629e+02,6.500000000000000000e+01,5.600000000000000000e+01,2.443210886780428637e-01,2.348970478040100229e-01,3.629257398101619347e-02,3.121516164994425982e-02,2.874999999999999778e-01,1.710000000000000131e-01,2.000000000000000000e+03
4.735760267857196595e+03,9.810720964033995415e+02,1.838000000000000000e+03,5.780000000000000000e+02,1.623336738716346095e-01,1.276938821298190252e-01,6.300346210537140224e-02,7.523102954575035251e-02,2.726261652809270117e+02,2.530363047996974615e+02,2.300000000000000000e+01,3.600000000000000000e+01,2.464974369628634698e-01,2.187003498700928750e-01,2.079566003616636558e-02,3.111495246326706834e-02,3.043478260869565410e-01,1.360000000000000098e-01,2.000000000000000000e+03
6.773081781778084405e+03,1.574091767762566633e+03,4.491000000000000000e+03,1.628000000000000000e+03,1.240741134986551170e-01,1.150988423342034633e-01,8.226932165820953491e-02,1.190406551623281600e-01,3.517732583774243835e+02,3.506043320105815724e+02,7.300000000000000000e+01,1.330000000000000000e+02,1.724378717536393935e-01,1.579298792840457544e-01,3.578431372549019385e-02,5.990990990990990861e-02,3.508771929824561209e-01,1.849999999999999978e-01,2.000000000000000000e+03
3.462675343285492886e+02,6.551864449483525732e+01,1.340000000000000000e+02,5.500000000000000000e+01,1.481041635280364865e-01,9.852427743584249442e-02,5.731394354148845044e-02,8.270676691729322849e-02,2.669279100529099225e+01,2.113186964600654250e+01,1.000000000000000000e+00,2.000000000000000000e+00,2.471554722712129004e-01,2.224407331158583523e-01,9.259259259259258745e-03,2.105263157894736795e-02,2.710280373831776002e-01,3.899999999999999994e-02,2.000000000000000000e+03
6.386292266472019037e+03,1.200392313869972440e+03,5.437000000000000000e+03,1.023000000000000000e+03,1.467910694265622817e-01,1.113639775368747004e-01,1.249712683308049493e-01,9.490676315057054724e-02,3.837389914021177333e+02,3.650350097631660446e+02,5.300000000000000000e+01,1.040000000000000000e+02,2.318664600617025562e-01,2.121063391999802594e-01,3.202416918429003279e-02,6.042998256827426112e-02,3.989071038251366108e-01,1.650000000000000078e-01,2.000000000000000000e+03
9.209482943593002346e+03,1.335700087081178708e+03,3.659000000000000000e+03,1.193000000000000000e+03,1.954432831135375359e-01,1.231173460301575040e-01,7.765115341355234568e-02,1.099640519863581828e-01,5.715191129692640288e+02,5.160870260141091421e+02,4.300000000000000000e+01,5.100000000000000000e+01,2.956643108997744629e-01,2.675412265495640818e-01,2.224521469218830941e-02,2.643856920684292330e-02,3.012295081967213406e-01,1.705000000000000127e-01,2.000000000000000000e+03
1.521585827931416316e+04,3.972248198066832174e+03,1.092100000000000000e+04,4.918000000000000000e+03,1.481655219758913622e-01,1.212344940658273279e-01,1.063440284337114766e-01,1.500991912101327652e-01,9.188467027274011798e+02,8.673251382590148069e+02,1.650000000000000000e+02,1.730000000000000000e+02,2.159959338804422202e-01,2.013289550276264606e-01,3.878702397743300639e-02,4.015784586815227680e-02,3.081009296148737864e-01,2.605000000000000093e-01,2.000000000000000000e+03
1.059121852087481784e+04,2.618039817806841711e+03,7.066000000000000000e+03,1.310000000000000000e+03,1.582763243600158187e-01,1.409442701376496243e-01,1.055950744216629794e-01,7.052489905787348579e-02,6.597943397266412831e+02,6.012668296485342125e+02,1.110000000000000000e+02,1.540000000000000000e+02,2.471139849163450364e-01,2.271502945404360319e-01,4.157303370786517155e-02,5.817907064601435252e-02,3.438985736925515013e-01,2.069999999999999896e-01,2.000000000000000000e+03
1.127656858087091132e+04,1.895490744835131864e+03,2.081000000000000000e+03,7.180000000000000000e+02,2.622152908003932414e-01,1.160386130906110730e-01,4.838972212533426687e-02,4.395469850015304436e-02,7.290790068342187169e+02,6.755880368165838945e+02,4.800000000000000000e+01,7.400000000000000000e+01,3.777611434374190114e-01,3.410338398872205246e-01,2.487046632124352216e-02,3.735487127713275901e-02,2.675159235668790325e-01,1.724999999999999867e-01,2.000000000000000000e+03
2.946636441799273598e+03,7.466150941673008674e+02,2.671000000000000000e+03,1.108000000000000000e+03,1.391695292022516184e-01,1.226371705268234080e-01,1.261512303405280255e-01,1.819973718791064454e-01,2.395516803665913983e+02,1.856457964852611155e+02,3.300000000000000000e+01,6.300000000000000000e+01,2.694619576677068640e-01,2.178941273301186754e-01,3.712035995500562180e-02,7.394366197183098455e-02,4.060913705583756306e-01,1.170000000000000068e-01,2.000000000000000000e+03
5.934622140495602252e+03,1.694604812767764543e+03,3.264000000000000000e+03,1.572000000000000000e+03,1.489539215023242269e-01,1.229221538348879011e-01,8.192359821294112332e-02,1.140287247932685322e-01,3.768097000188956827e+02,3.390857938082629630e+02,9.900000000000000000e+01,1.040000000000000000e+02,2.185671113798698939e-01,1.942072129486042131e-01,5.742459396751740247e-02,5.956471935853378807e-02,3.264887063655030897e-01,1.640000000000000069e-01,2.000000000000000000e+03
7.017770981985963772e+03,3.748005786407595224e+03,3.057000000000000000e+03,2.084000000000000000e+03,1.467630964298463625e-01,1.435852502167411782e-01,6.393123784428132728e-02,7.983756656323028056e-02,6.335987181909882793e+02,5.237184223041069799e+02,5.700000000000000000e+01,6.000000000000000000e+01,2.559994820973690022e-01,2.148147753503309998e-01,2.303030303030302942e-02,2.461033634126333011e-02,2.694497153700189385e-01,1.925000000000000044e-01,2.000000000000000000e+03
1.732266457718328820e+04,3.997238218538390811e+03,1.240200000000000000e+04,2.129000000000000000e+03,1.603356588039919206e-01,1.264308647057942325e-01,1.147908182154757512e-01,6.733932186234817263e-02,1.221077196397055332e+03,9.676568909045086002e+02,1.860000000000000000e+02,2.540000000000000000e+02,2.737227519383670371e-01,2.206240061341788739e-01,4.169468728984532940e-02,5.791153670770633755e-02,2.773224043715847298e-01,2.645000000000000129e-01,2.000000000000000000e+03
1.285394695971415058e+04,2.938787660305228201e+03,1.051900000000000000e+04,5.501000000000000000e+03,1.516439403486639359e-01,1.133747795341703002e-01,1.240974942192440145e-01,2.122217507040623508e-01,8.921602207734908916e+02,7.266909879692613003e+02,2.140000000000000000e+02,2.810000000000000000e+02,2.558532322264097658e-01,2.135442221478875413e-01,6.137080585030112168e-02,8.257419923596825972e-02,3.583106267029972924e-01,2.354999999999999871e-01,2.000000000000000000e+03
1.899925201562105315e+01,4.684854497354497660e+00,1.800000000000000000e+01,1.000000000000000000e+00,1.217900770232118735e-01,1.377898381574852171e-01,1.153846153846153910e-01,2.941176470588235253e-02,1.206790123456791042e+00,1.353174603174603474e+00,0.000000000000000000e+00,0.000000000000000000e+00,3.016975308641977604e-01,1.933106575963719209e-01,0.000000000000000000e+00,0.000000000000000000e+00,4.117647058823529216e-01,1.000000000000000021e-02,2.000000000000000000e+03
8.512383427973831203e+03,2.414910453672272524e+03,6.824000000000000000e+03,3.243000000000000000e+03,1.448867005033672162e-01,1.192489483814267170e-01,1.161492374727668836e-01,1.601402399881487471e-01,5.581377265998984285e+02,4.866843438208636599e+02,1.300000000000000000e+02,2.060000000000000000e+02,2.341181739093533554e-01,2.013588513946477643e-01,5.453020134228187682e-02,8.522962350020686639e-02,4.032983508245877591e-01,1.990000000000000102e-01,2.000000000000000000e+03
5.827384229025520654e+03,1.162549744897994742e+03,4.272000000000000000e+03,7.040000000000000000e+02,1.756664826523232914e-01,1.248308541713727821e-01,1.287794290537485342e-01,7.559325673789327182e-02,5.794257412131507863e+02,5.156801888070027644e+02,7.700000000000000000e+01,1.440000000000000000e+02,3.760063213583068054e-01,3.241233116323084529e-01,4.996755353666450239e-02,9.050911376492772054e-02,4.040816326530611846e-01,1.459999999999999909e-01,2.000000000000000000e+03
7.522096330466561994e+03,2.237666869803395002e+03,4.488000000000000000e+03,1.714000000000000000e+03,1.397535733216885012e-01,1.205249849080790164e-01,8.338287752675387077e-02,9.231929333189702047e-02,5.259007234189975861e+02,4.441914249496086313e+02,5.300000000000000000e+01,7.500000000000000000e+01,2.346723442298070395e-01,1.932107111568545643e-01,2.365015618027666369e-02,3.262287951283166648e-02,3.733552631578946901e-01,1.905000000000000027e-01,2.000000000000000000e+03
3.690655144400848712e+03,1.120858091616268666e+03,1.963000000000000000e+03,9.150000000000000000e+02,1.457432035857066099e-01,1.045284054477542413e-01,7.751846147770800888e-02,8.533059778047188959e-02,2.318191216301338500e+02,2.235923850466116392e+02,3.900000000000000000e+01,4.600000000000000000e+01,2.005355723444064431e-01,1.952771921804468402e-01,3.373702422145329061e-02,4.017467248908297012e-02,3.858447488584474394e-01,1.345000000000000084e-01,2.000000000000000000e+03
9.245441286689616391e+03,2.173125976788927801e+03,4.594000000000000000e+03,1.606000000000000000e+03,1.803284822837842027e-01,1.468725315483190019e-01,8.960405695338403975e-02,1.085428494187618276e-01,6.326633038863700449e+02,5.197316767447712209e+02,6.900000000000000000e+01,1.070000000000000000e+02,2.994147202491103110e-01,2.558993977079129789e-01,3.265499290108850317e-02,5.268340718857705829e-02,3.580246913580247270e-01,1.819999999999999951e-01,2.000000000000000000e+03
2.153565191672158107e+04,3.869085034801448728e+03,1.149900000000000000e+04,4.576000000000000000e+03,1.701817686729746870e-01,1.103844408091480683e-01,9.086886087952901481e-02,1.305526233203047060e-01,1.336257478584016553e+03,1.203266168587797665e+03,2.630000000000000000e+02,2.900000000000000000e+02,2.639781664527887095e-01,2.341896007372124555e-01,5.195574871592256033e-02,5.644219540677306024e-02,3.613916947250280787e-01,2.844999999999999751e-01,2.000000000000000000e+03
5.440362881866739372e+03,1.449411271573480462e+03,2.618000000000000000e+03,1.796000000000000000e+03,1.573405119549625419e-01,1.114160405544992322e-01,7.571507071174479742e-02,1.380582673533707339e-01,3.122727820294791741e+02,3.062496368732691394e+02,4.400000000000000000e+01,6.400000000000000000e+01,2.143258627518731529e-01,2.087591253396517688e-01,3.019903912148249811e-02,4.362644853442399634e-02,4.147727272727272929e-01,1.544999999999999984e-01,2.000000000000000000e+03
2.121110044721620397e+03,2.604967600466138720e+02,4.440000000000000000e+02,7.500000000000000000e+01,3.009947558850036287e-01,1.397514807117027080e-01,6.300553426990208872e-02,4.023605150214592391e-02,1.598937429138319430e+02,1.489465939153435841e+02,1.100000000000000000e+01,1.800000000000000000e+01,5.075991838534347211e-01,4.527252094691294193e-01,3.492063492063492147e-02,5.471124620060790339e-02,3.463414634146341209e-01,6.700000000000000400e-02,2.000000000000000000e+03
7.152295152903883718e+03,2.355176308579066699e+03,4.256000000000000000e+03,2.543000000000000000e+03,1.678075912182413754e-01,1.106703777350249857e-01,9.985453521655483777e-02,1.194962642732954328e-01,6.683721694696414488e+02,6.024450536974036368e+02,1.040000000000000000e+02,1.700000000000000000e+02,2.898404897960283888e-01,2.623889606696008792e-01,4.509973980919340653e-02,7.404181184668989779e-02,3.869863013698630061e-01,1.789999999999999925e-01,2.000000000000000000e+03
1.539043209876542662e+01,9.132495590828932919e-01,2.000000000000000000e+00,2.000000000000000000e+00,3.017731784071652212e-01,6.088330393885955233e-02,3.921568627450980338e-02,1.333333333333333315e-01,7.380952380952381375e-01,1.300705467372134105e+00,0.000000000000000000e+00,0.000000000000000000e+00,2.460317460317460458e-01,2.601410934744268211e-01,0.000000000000000000e+00,0.000000000000000000e+00,1.999999999999999556e-01,6.000000000000000125e-03,2.000000000000000000e+03
2.308015792233523825e+03,5.364958605757018404e+02,1.696000000000000000e+03,6.810000000000000000e+02,1.440169594554800703e-01,1.198337861460133658e-01,1.058280294521402737e-01,1.521107884744248295e-01,1.963075973167049710e+02,1.807034857646767136e+02,4.300000000000000000e+01,6.600000000000000000e+01,2.426546320354820430e-01,2.222675101656540197e-01,5.315203955500617805e-02,8.118081180811807795e-02,3.903903903903903627e-01,1.015000000000000069e-01,2.000000000000000000e+03
1.445827496817878455e+04,3.278532655423646702e+03,6.916000000000000000e+03,2.088000000000000000e+03,1.783783029607272363e-01,1.337303253150451399e-01,8.532583216127520576e-02,8.516886930983846860e-02,9.346306443688614536e+02,8.765254117850854527e+02,9.600000000000000000e+01,1.400000000000000000e+02,2.963318466610214141e-01,2.746867476606347225e-01,3.043753963221306272e-02,4.387339392040112696e-02,2.755905511811023167e-01,2.300000000000000100e-01,2.000000000000000000e+03
1.002427800311532155e+04,2.203802812421347426e+03,8.086000000000000000e+03,2.630000000000000000e+03,1.497770440341160969e-01,1.187201859840191498e-01,1.208163997131245504e-01,1.416796853956795721e-01,5.500287414965949893e+02,5.344898778029681807e+02,1.110000000000000000e+02,1.510000000000000000e+02,2.135204741834607900e-01,1.980325593934672834e-01,4.309006211180124030e-02,5.594664690626157538e-02,3.630769230769230749e-01,2.069999999999999896e-01,2.000000000000000000e+03
3.842272219072833650e+02,9.063327900604714671e+01,1.000000000000000000e+02,1.700000000000000000e+01,1.592981848703496628e-01,1.094604818913612887e-01,4.145936981757877143e-02,2.053140096618357585e-02,3.426025132275131568e+01,2.145623897707228878e+01,1.000000000000000000e+00,0.000000000000000000e+00,3.358848168897187736e-01,1.818325337040024581e-01,9.803921568627450844e-03,0.000000000000000000e+00,2.702702702702702853e-01,4.050000000000000128e-02,2.000000000000000000e+03
1.493768292233530019e+03,3.731003689531394230e+02,1.124000000000000000e+03,5.890000000000000000e+02,1.519756121918333647e-01,9.650811405927041398e-02,1.143554786855224270e-01,1.523538541127780754e-01,1.149720883723860254e+02,9.476485339506184857e+01,1.600000000000000000e+01,2.700000000000000000e+01,2.705225608762024114e-01,2.322667975369162863e-01,3.764705882352940847e-02,6.617647058823529493e-02,4.353741496598639849e-01,8.300000000000000433e-02,2.000000000000000000e+03
2.748245217795377903e+04,4.652245518865518534e+03,2.203300000000000000e+04,6.838000000000000000e+03,1.628647666166131991e-01,1.175076537310378311e-01,1.305705684350258466e-01,1.727160213179763093e-01,1.664115011652801741e+03,1.491075352261251965e+03,4.690000000000000000e+02,5.580000000000000000e+02,2.505819924187323577e-01,2.252719976221864151e-01,7.062189429302816179e-02,8.430276476809185626e-02,4.024051803885291267e-01,3.230000000000000093e-01,2.000000000000000000e+03
3.141168272864700484e+01,9.170882936507929628e+00,1.600000000000000000e+01,1.000000000000000000e+01,1.903738347190727653e-01,1.389527717652716543e-01,9.696969696969696961e-02,1.515151515151515194e-01,2.166666666666666963e+00,9.328703703703703498e-01,0.000000000000000000e+00,2.000000000000000000e+00,7.222222222222223209e-01,1.036522633744855898e-01,0.000000000000000000e+00,2.222222222222222099e-01,3.529411764705882026e-01,1.099999999999999936e-02,2.000000000000000000e+03
9.728666722882069735e+03,2.866120391943898085e+03,5.194000000000000000e+03,2.981000000000000000e+03,1.666552474113003612e-01,1.223060677623921677e-01,8.897492120049335651e-02,1.272083297772467481e-01,7.516732095616056313e+02,6.446740742315455464e+02,1.370000000000000000e+02,2.100000000000000000e+02,2.791211324031213081e-01,2.467179771265003985e-01,5.087263275157816872e-02,8.036739380022962786e-02,3.581616481774960725e-01,2.025000000000000133e-01,2.000000000000000000e+03
2.979619510581997588e+02,6.105363914084165344e+01,1.140000000000000000e+02,1.130000000000000000e+02,1.487578387709434513e-01,1.104044107429324600e-01,5.691462805791312751e-02,2.043399638336347302e-01,2.397067901234568765e+01,2.289151675485008752e+01,1.000000000000000000e+00,9.000000000000000000e+00,2.923253538090937464e-01,2.693119618217657552e-01,1.219512195121951262e-02,1.058823529411764691e-01,3.628318584070796549e-01,3.599999999999999728e-02,2.000000000000000000e+03
