4.352200204397238849e+03,1.061347869740512124e+03,3.327000000000000000e+03,9.550000000000000000e+02,1.305281529675565710e-01,1.028736909702929331e-01,9.978106349158744059e-02,9.256566831443248378e-02,2.775333144368865987e+02,2.243422373393808016e+02,7.500000000000000000e+01,9.300000000000000000e+01,1.978141941816725646e-01,1.721736280425025245e-01,5.345687811831788955e-02,7.137375287797390055e-02,4.008097165991902910e-01,1.479999999999999927e-01,2.000000000000000000e+03
2.987048808579074375e+03,9.319608934870236681e+02,2.640000000000000000e+03,1.036000000000000000e+03,1.438709569684555600e-01,1.177015526000282503e-01,1.271553800211925600e-01,1.308411214953270896e-01,2.141755324074078146e+02,1.852284286029228610e+02,5.100000000000000000e+01,6.600000000000000000e+01,2.592924121155058548e-01,2.112068741196383714e-01,6.174334140435835255e-02,7.525655644241732722e-02,4.299287410926365682e-01,1.199999999999999956e-01,2.000000000000000000e+03
4.077316039147578977e+03,1.408880196523107770e+03,5.041000000000000000e+03,1.651000000000000000e+03,1.479486207463107938e-01,1.392724591264440370e-01,1.829166515475888211e-01,1.632068011071569902e-01,3.058480213844798072e+02,2.669127472285210843e+02,6.000000000000000000e+01,8.400000000000000000e+01,2.519341197565731494e-01,2.231711933348838606e-01,4.942339373970346117e-02,7.023411371237457679e-02,4.186046511627906641e-01,1.375000000000000111e-01,2.000000000000000000e+03
3.793306376921641458e+03,1.225867514172338133e+03,4.370000000000000000e+03,9.990000000000000000e+02,1.243095650310221678e-01,1.164609076736023291e-01,1.432082582336555721e-01,9.490784723541706436e-02,2.210553390337624080e+02,2.086097604875290301e+02,1.060000000000000000e+02,1.230000000000000000e+02,1.826903628378201694e-01,1.645187385548336212e-01,8.760330578512397215e-02,9.700315457413248577e-02,4.082474226804123640e-01,1.434999999999999887e-01,2.000000000000000000e+03
7.390777148368482813e+03,1.815506542580024870e+03,7.104000000000000000e+03,3.461000000000000000e+03,1.571235415699749616e-01,1.293372189627431113e-01,1.510268293719971011e-01,2.465626558381420474e-01,4.804260479654823257e+02,3.804981645250688302e+02,9.700000000000000000e+01,1.610000000000000000e+02,2.587108497390858131e-01,1.997365693044980683e-01,5.223478729133010368e-02,8.451443569553805657e-02,4.137353433835846417e-01,1.749999999999999889e-01,2.000000000000000000e+03
3.101269412320656102e+03,6.768214580183894213e+02,1.465000000000000000e+03,7.500000000000000000e+02,1.518369357317334578e-01,1.102315078205845927e-01,7.172582619339044896e-02,1.221498371335504873e-01,2.255642006802716537e+02,1.521487898400095276e+02,1.600000000000000000e+01,1.800000000000000000e+01,2.777884244830931548e-01,1.948127910883604708e-01,1.970443349753694603e-02,2.304737516005121722e-02,3.806970509383378332e-01,1.155000000000000054e-01,2.000000000000000000e+03
3.469424619866649209e+03,7.080163847946638498e+02,2.326000000000000000e+03,6.270000000000000000e+02,1.394631434604915732e-01,1.089591235448851697e-01,9.350002009888652710e-02,9.649122807017543324e-02,2.359485569412940151e+02,1.861039225875533702e+02,4.800000000000000000e+01,7.500000000000000000e+01,2.137215189685634231e-01,1.820977716120874557e-01,4.347826086956521618e-02,7.338551859099803898e-02,4.038004750593824355e-01,1.255000000000000004e-01,2.000000000000000000e+03
2.670562144589332547e+03,7.356618335852664359e+02,2.181000000000000000e+03,1.521000000000000000e+03,1.498211581817297244e-01,1.134405294657311325e-01,1.223562412342216049e-01,2.345412490362374647e-01,2.453959909611990042e+02,1.813081046863191261e+02,3.000000000000000000e+01,3.800000000000000000e+01,3.361588917276698840e-01,2.500801443949229319e-01,4.109589041095890183e-02,5.241379310344827791e-02,4.583333333333333703e-01,1.105000000000000010e-01,2.000000000000000000e+03
3.637813457420296800e+03,8.615228365142232860e+02,1.244000000000000000e+03,3.800000000000000000e+02,1.750800585917940411e-01,1.378436538422757318e-01,5.987101742227356194e-02,6.079999999999999988e-02,2.400504810720595970e+02,1.770631879881594557e+02,1.800000000000000000e+01,3.000000000000000000e+01,2.740302295343146066e-01,2.169892009658816734e-01,2.054794520547945091e-02,3.676470588235294240e-02,2.603174603174602808e-01,1.165000000000000063e-01,2.000000000000000000e+03
4.054185549729250397e+03,1.185618381991664819e+03,3.847000000000000000e+03,1.384000000000000000e+03,1.394580698885229397e-01,1.377985102268322604e-01,1.323311891575797150e-01,1.608554160855416026e-01,2.373458049886615697e+02,2.308701292831944443e+02,5.400000000000000000e+01,6.500000000000000000e+01,2.122949955175863768e-01,2.009313570784982128e-01,4.830053667262969308e-02,5.657093124456048783e-02,4.161358811040339889e-01,1.375000000000000111e-01,2.000000000000000000e+03
4.355849734662993797e+03,8.844320357772995749e+02,3.011000000000000000e+03,6.930000000000000000e+02,1.372569634366785640e-01,1.082801219120102382e-01,9.487947061603907439e-02,8.484329089128304913e-02,2.657079884731663810e+02,2.148834630889395214e+02,5.700000000000000000e+01,8.300000000000000000e+01,2.015993842740260722e-01,1.780310381847054757e-01,4.324734446130500815e-02,6.876553438276719610e-02,4.188911704312114903e-01,1.414999999999999869e-01,2.000000000000000000e+03
3.881333210664252874e+03,6.714195050705552603e+02,2.751000000000000000e+03,7.980000000000000000e+02,1.604254447658201577e-01,1.130145606918961931e-01,1.137058774902868497e-01,1.343208214105369447e-01,2.614086219765683836e+02,2.135575829868979838e+02,6.200000000000000000e+01,8.700000000000000000e+01,2.583089149966090736e-01,2.224558156113520535e-01,6.126482213438735197e-02,9.062499999999999722e-02,3.865336658354114885e-01,1.229999999999999982e-01,2.000000000000000000e+03
2.991299199263123683e+03,9.134646626984443856e+02,1.404000000000000000e+03,6.700000000000000000e+02,1.380642111724879328e-01,1.218765393860499480e-01,6.480199390750485122e-02,8.939292861907938148e-02,1.738342820924661112e+02,1.617094828672206859e+02,2.600000000000000000e+01,2.400000000000000000e+01,1.933640512708188208e-01,1.873806290466056568e-01,2.892102335928809637e-02,2.780996523754345265e-02,3.085714285714286076e-01,1.209999999999999964e-01,2.000000000000000000e+03
2.878159153281761974e+03,8.907914416415179630e+02,1.918000000000000000e+03,7.450000000000000000e+02,1.263347885735125187e-01,1.172248245350069745e-01,8.418927223246422398e-02,9.803921568627450844e-02,1.508944279100522863e+02,1.527656761778779924e+02,2.200000000000000000e+01,3.500000000000000000e+01,1.631291112541105870e-01,1.768121252058773019e-01,2.378378378378378372e-02,4.050925925925925875e-02,3.413333333333333774e-01,1.234999999999999987e-01,2.000000000000000000e+03
3.214294077381023726e+03,8.361419192491820240e+02,1.497000000000000000e+03,8.100000000000000000e+02,1.522207841154112340e-01,1.141490674742910577e-01,7.089410873271452529e-02,1.105802047781569986e-01,2.349948507180645834e+02,1.504004432791629995e+02,1.500000000000000000e+01,1.600000000000000000e+01,2.781004150509640005e-01,1.872981859018219286e-01,1.775147928994082885e-02,1.992528019925280183e-02,3.727034120734907807e-01,1.194999999999999951e-01,2.000000000000000000e+03
4.571814101317085260e+03,1.042182445200314078e+03,1.899000000000000000e+03,6.380000000000000000e+02,1.682298388768430075e-01,1.335446495643662357e-01,6.987783338239622610e-02,8.175294720656073322e-02,3.058687169312172500e+02,2.659179013920386296e+02,2.000000000000000000e+01,3.800000000000000000e+01,2.842646068133989345e-01,2.430693797002181356e-01,1.858736059479553990e-02,3.473491773308957919e-02,2.659279778393351945e-01,1.325000000000000067e-01,2.000000000000000000e+03
3.169366583679936866e+03,1.171032383944297862e+03,2.953000000000000000e+03,1.373000000000000000e+03,1.325373890218683182e-01,1.232925230516211668e-01,1.234893154351189709e-01,1.445567487892187863e-01,2.017657076719566192e+02,1.666112055933485010e+02,7.500000000000000000e+01,6.200000000000000000e+01,1.940054881461121261e-01,1.557114070965873731e-01,7.211538461538460898e-02,5.794392523364486070e-02,3.862559241706161606e-01,1.295000000000000040e-01,2.000000000000000000e+03
4.560750293524993140e+03,9.532207664084126009e+02,2.707000000000000000e+03,6.270000000000000000e+02,1.721297665128695975e-01,1.489407447513144689e-01,1.021663647342995196e-01,9.796874999999999334e-02,2.551582420005044298e+02,2.244487394494841794e+02,5.800000000000000000e+01,7.300000000000000000e+01,2.321731046410413501e-01,2.237774072278007897e-01,5.277525022747952405e-02,7.278165503489530952e-02,3.054054054054053946e-01,1.285000000000000031e-01,2.000000000000000000e+03
4.032516660368630255e+03,9.667703727324426382e+02,1.776000000000000000e+03,6.370000000000000000e+02,1.635047099042545582e-01,1.211947314444581508e-01,7.201070429388152505e-02,7.985458192302870295e-02,2.546316176933740394e+02,2.139220411312678607e+02,2.300000000000000000e+01,4.200000000000000000e+01,2.638669613402839786e-01,2.033479478434105092e-01,2.383419689119170917e-02,3.992395437262357544e-02,3.599999999999999867e-01,1.280000000000000027e-01,2.000000000000000000e+03
4.963669449011291363e+03,1.524884253747756247e+03,5.070000000000000000e+03,1.214000000000000000e+03,1.458615765210488080e-01,1.267989567393776884e-01,1.489861886570672811e-01,1.009479461167470532e-01,3.678429902053407545e+02,2.900495675862935627e+02,5.600000000000000000e+01,1.180000000000000000e+02,2.640653196018239446e-01,2.036864940914982769e-01,4.020100502512562873e-02,8.286516853932583693e-02,4.108527131782945263e-01,1.519999999999999962e-01,2.000000000000000000e+03
3.132348164682873175e+03,8.776565139204020625e+02,2.754000000000000000e+03,1.525000000000000000e+03,1.464946293463134097e-01,9.008072605156543233e-02,1.287999251707043213e-01,1.565226316329672573e-01,2.426186835474930490e+02,2.015208133345929582e+02,4.600000000000000000e+01,7.600000000000000000e+01,2.406931384399732532e-01,2.081826584035051109e-01,4.563492063492063239e-02,7.851239669421487821e-02,3.686868686868687295e-01,1.250000000000000000e-01,2.000000000000000000e+03
4.253437546769369874e+03,1.265052950522764831e+03,2.945000000000000000e+03,4.790000000000000000e+02,1.599577882279481778e-01,1.507990166316324765e-01,1.107517581136474721e-01,5.709858147574204540e-02,2.903813775510214441e+02,2.224745488473174078e+02,4.300000000000000000e+01,6.400000000000000000e+01,2.713844650009546444e-01,2.024336204252205618e-01,4.018691588785047036e-02,5.823475887170154880e-02,3.391521197007481003e-01,1.325000000000000067e-01,2.000000000000000000e+03
3.803551966018300391e+03,9.624719978269412195e+02,2.392000000000000000e+03,5.260000000000000000e+02,1.650990522622753920e-01,1.154458435680629919e-01,1.038284573313655729e-01,6.309223941465755270e-02,3.557157501889642504e+02,2.591391014739238017e+02,1.200000000000000000e+01,1.700000000000000000e+01,3.567861085145077604e-01,2.641581054780058890e-01,1.203610832497492393e-02,1.732925586136595253e-02,4.066193853427896299e-01,1.255000000000000004e-01,2.000000000000000000e+03
4.819764639393400103e+03,9.950469616087244731e+02,3.426000000000000000e+03,1.273000000000000000e+03,1.550611150594665977e-01,1.128171158286535719e-01,1.102210211369558934e-01,1.443310657596371949e-01,3.622023927626607929e+02,3.075317578420252858e+02,4.900000000000000000e+01,8.300000000000000000e+01,2.799091134178213203e-01,2.383967115054459462e-01,3.786707882534776082e-02,6.434108527131783550e-02,3.874458874458874824e-01,1.414999999999999869e-01,2.000000000000000000e+03
4.408074140054173768e+03,1.167087195294821868e+03,3.988000000000000000e+03,2.002000000000000000e+03,1.540853656338846966e-01,1.213440627256001103e-01,1.394015659955257225e-01,2.081513828238719110e-01,3.256380857898708996e+02,2.515905917737474908e+02,6.300000000000000000e+01,7.600000000000000000e+01,2.778481960664427319e-01,2.187744276293456525e-01,5.375426621160409729e-02,6.608695652173912638e-02,4.180672268907562605e-01,1.385000000000000120e-01,2.000000000000000000e+03
4.634847374811179179e+03,1.255351123236302783e+03,5.570000000000000000e+03,2.258000000000000000e+03,1.350637421264477001e-01,1.226527721774599705e-01,1.623149551229746967e-01,2.206155349291646361e-01,2.769347833207351073e+02,2.600506733434110060e+02,7.700000000000000000e+01,1.190000000000000000e+02,2.024377071058005295e-01,1.896795575079584240e-01,5.628654970760233606e-02,8.679795769511305936e-02,4.067460317460317443e-01,1.494999999999999940e-01,2.000000000000000000e+03
2.363869543335903018e+03,6.899522751322840577e+02,1.553000000000000000e+03,8.210000000000000000e+02,1.370835968067677380e-01,1.154538613005830078e-01,9.006031083275342630e-02,1.373828647925033342e-01,1.476889093600396734e+02,1.025319113756606981e+02,4.100000000000000000e+01,4.800000000000000000e+01,1.969185458133862199e-01,1.555871189311998359e-01,5.466666666666666896e-02,7.283763277693475202e-02,3.454545454545454586e-01,1.079999999999999988e-01,2.000000000000000000e+03
3.057835340766060199e+03,1.098179411060737493e+03,3.419000000000000000e+03,1.657000000000000000e+03,1.290988491415207273e-01,1.160007828309641414e-01,1.443468715697036331e-01,1.750290482729481290e-01,1.950074828357265631e+02,1.633301636117400619e+02,1.050000000000000000e+02,1.260000000000000000e+02,1.946182463430404797e-01,1.696055696902804277e-01,1.047904191616766401e-01,1.308411214953270896e-01,4.189189189189189699e-01,1.290000000000000036e-01,2.000000000000000000e+03
3.990357043021480422e+03,1.247314265558049783e+03,4.768000000000000000e+03,1.178000000000000000e+03,1.272029659872961627e-01,1.252575080897820603e-01,1.519923493783869872e-01,1.182968467563767778e-01,2.219898077286469515e+02,2.157118879125725357e+02,1.050000000000000000e+02,1.180000000000000000e+02,1.827076606820139393e-01,1.664443579572318921e-01,8.641975308641974829e-02,9.104938271604938460e-02,4.216867469879518326e-01,1.439999999999999891e-01,2.000000000000000000e+03
3.272906084656215626e+03,1.200146341490190707e+03,1.467000000000000000e+03,9.020000000000000000e+02,1.336971439810545614e-01,1.343798389307122032e-01,5.992647058823529632e-02,1.009965289441271952e-01,1.964168979906769721e+02,1.804920006613752719e+02,4.200000000000000000e+01,9.000000000000000000e+01,1.929439076529243235e-01,1.773005900406436908e-01,4.125736738703340151e-02,8.840864440078585740e-02,3.358974358974359253e-01,1.295000000000000040e-01,2.000000000000000000e+03
4.436170371000915111e+03,9.681652335285973550e+02,2.633000000000000000e+03,1.473000000000000000e+03,1.641020371768177888e-01,1.517976220646907182e-01,9.739947471608774443e-02,2.309501411100658430e-01,3.667191751700682971e+02,2.447303909989922204e+02,3.400000000000000000e+01,4.400000000000000000e+01,3.084265560723871147e-01,2.144876345302298148e-01,2.859545836837678809e-02,3.856266432953549261e-02,3.604938271604938294e-01,1.295000000000000040e-01,2.000000000000000000e+03
5.356460928918269929e+03,1.571938735197811638e+03,4.247000000000000000e+03,2.528000000000000000e+03,1.474634106628749664e-01,1.142231314632910638e-01,1.169199427375839651e-01,1.836942304897543898e-01,3.412104257999508263e+02,2.780443466553302869e+02,8.400000000000000000e+01,8.600000000000000000e+01,2.308595573747975749e-01,1.998880996803237275e-01,5.683355886332882440e-02,6.182602444284687054e-02,4.215328467153284242e-01,1.585000000000000020e-01,2.000000000000000000e+03
4.158863151140410992e+03,1.210455513510973788e+03,2.531000000000000000e+03,1.297000000000000000e+03,1.714995113872334331e-01,1.487960065778701768e-01,1.043711340206185528e-01,1.594345421020282594e-01,3.388485922146625171e+02,2.662079947719817028e+02,1.200000000000000000e+01,3.600000000000000000e+01,3.190664710119232583e-01,2.516143617882624639e-01,1.129943502824858753e-02,3.402646502835538628e-02,3.236074270557028898e-01,1.275000000000000022e-01,2.000000000000000000e+03
4.130430949547075215e+03,1.129079621126248867e+03,4.891000000000000000e+03,1.723000000000000000e+03,1.315591460551367997e-01,1.244301984930845095e-01,1.557841763281946623e-01,1.898831827198589339e-01,2.390888762912572645e+02,2.197320165658852886e+02,9.100000000000000000e+01,9.700000000000000000e+01,2.014228106918763694e-01,1.745290044208779034e-01,7.666385846672282844e-02,7.704527402700556138e-02,4.087136929460580825e-01,1.424999999999999878e-01,2.000000000000000000e+03
2.510852160021581767e+03,5.609809342718591552e+02,1.535000000000000000e+03,4.810000000000000000e+02,1.408296685187941932e-01,1.236457867030767432e-01,8.609568680240058114e-02,1.060171919770773602e-01,1.447544957797930749e+02,1.091438216490293058e+02,3.000000000000000000e+01,3.600000000000000000e+01,1.985658378323636175e-01,1.661245382785834224e-01,4.115226337448559674e-02,5.479452054794520244e-02,3.375000000000000222e-01,1.059999999999999970e-01,2.000000000000000000e+03
2.097373385298627909e+03,8.201666718631875028e+02,1.559000000000000000e+03,6.610000000000000000e+02,1.208164392453126706e-01,1.180095930738399301e-01,8.980414746543778637e-02,9.510791366906475031e-02,1.364573885109593050e+02,1.112961466994205040e+02,3.800000000000000000e+01,3.600000000000000000e+01,1.919231905920665282e-01,1.596788331412059003e-01,5.344585091420534645e-02,5.164992826398852321e-02,3.594202898550724612e-01,1.105000000000000010e-01,2.000000000000000000e+03
4.615567308358979972e+03,1.048950217781525453e+03,4.354000000000000000e+03,1.584000000000000000e+03,1.456014923772548930e-01,1.196066382875171502e-01,1.373501577287066233e-01,1.806157354618015964e-01,2.743944554673718130e+02,2.637692625661368311e+02,5.400000000000000000e+01,7.000000000000000000e+01,2.284716531784944382e-01,2.106783247333361142e-01,4.496253122398001512e-02,5.591054313099041301e-02,4.311377245508981604e-01,1.424999999999999878e-01,2.000000000000000000e+03
5.000911590766393601e+03,1.575285743260231811e+03,6.736000000000000000e+03,2.448000000000000000e+03,1.283370952540968946e-01,1.179194358305435952e-01,1.728642184412451654e-01,1.832472490455872571e-01,2.970774470899452240e+02,2.690926130637427036e+02,1.140000000000000000e+02,1.350000000000000000e+02,1.899472168094278879e-01,1.742827804816986514e-01,7.289002557544757566e-02,8.743523316062176698e-02,4.255319148936169693e-01,1.620000000000000051e-01,2.000000000000000000e+03
2.091153492220832504e+03,7.388917298123144519e+02,8.230000000000000000e+02,2.850000000000000000e+02,1.530859071903976909e-01,1.459971803620459252e-01,6.024890190336749940e-02,5.631298162418494485e-02,1.273781494079108541e+02,9.345946318342140557e+01,1.400000000000000000e+01,1.900000000000000000e+01,2.101949660196548719e-01,1.776795878011813712e-01,2.310231023102310086e-02,3.612167300380227791e-02,2.567049808429118229e-01,9.700000000000000289e-02,2.000000000000000000e+03
3.453478448759642106e+03,9.758636887440162582e+02,2.659000000000000000e+03,9.220000000000000000e+02,1.273876226027164105e-01,1.199586587269841770e-01,9.808188860199187897e-02,1.133374308543331349e-01,2.002092269778293883e+02,1.967769668052418979e+02,6.400000000000000000e+01,9.200000000000000000e+01,1.876375135687248230e-01,1.818641098015174595e-01,5.998125585754451872e-02,8.502772643253234119e-02,3.755868544600938774e-01,1.330000000000000071e-01,2.000000000000000000e+03
3.305401036943065264e+03,9.491944427122716661e+02,2.501000000000000000e+03,6.480000000000000000e+02,1.318679101948083132e-01,1.137440913975160811e-01,9.977658980292028468e-02,7.765128819652486469e-02,2.003774132338132574e+02,1.718284084467125297e+02,4.600000000000000000e+01,5.400000000000000000e+01,2.011821418010173168e-01,1.616447868736712312e-01,4.618473895582329153e-02,5.079962370649106218e-02,3.409669211195929250e-01,1.295000000000000040e-01,2.000000000000000000e+03
3.646746617378597421e+03,1.284759932130262087e+03,2.611000000000000000e+03,8.030000000000000000e+02,1.406055913548194536e-01,1.270781337418656898e-01,1.006708821714990681e-01,7.942631058358061436e-02,2.253836244960943134e+02,2.027516348576464509e+02,4.000000000000000000e+01,4.300000000000000000e+01,1.994545349522958422e-01,1.725545828575714424e-01,3.539823008849557473e-02,3.659574468085106252e-02,3.012987012987012880e-01,1.345000000000000084e-01,2.000000000000000000e+03
4.579996903030330031e+03,9.451682968002081680e+02,2.151000000000000000e+03,7.050000000000000000e+02,1.672203038822275278e-01,1.091796577105473287e-01,7.853517835627440991e-02,8.143698740903315691e-02,3.028052169942052956e+02,2.707672022234817177e+02,2.700000000000000000e+01,5.300000000000000000e+01,2.745287552078017335e-01,2.362715551688322202e-01,2.447869446962828641e-02,4.624781849912740217e-02,2.845744680851063357e-01,1.345000000000000084e-01,2.000000000000000000e+03
4.631455376039860312e+03,1.486487516376916574e+03,4.678000000000000000e+03,2.455000000000000000e+03,1.625186109916436361e-01,1.212766187792213846e-01,1.641518703066881801e-01,2.002937097168964731e-01,3.234038122008053620e+02,2.763650017321731980e+02,6.400000000000000000e+01,7.800000000000000000e+01,2.546486710242562013e-01,2.232350579419815906e-01,5.039370078740157410e-02,6.300484652665590268e-02,4.510556621880997819e-01,1.429999999999999882e-01,2.000000000000000000e+03
2.619662010581998402e+03,9.930939873079062181e+02,1.051000000000000000e+03,3.950000000000000000e+02,1.659904961717145189e-01,1.416883988169362618e-01,6.659485489798504243e-02,5.635611356826936841e-02,1.767287414965984453e+02,1.096656391723354176e+02,7.000000000000000000e+00,1.700000000000000000e+01,2.618203577727384324e-01,1.721595591402439729e-01,1.037037037037037007e-02,2.668759811616954608e-02,2.620689655172413479e-01,1.069999999999999979e-01,2.000000000000000000e+03
4.158640023306186777e+03,9.123375677122879779e+02,3.431000000000000000e+03,5.890000000000000000e+02,1.542064677879778634e-01,1.361291506583539312e-01,1.272248590922575029e-01,8.788421366756192510e-02,2.737127543146897324e+02,2.169769187767702476e+02,4.700000000000000000e+01,6.800000000000000000e+01,2.570072810466570434e-01,2.005331966513588249e-01,4.413145539906103421e-02,6.284658040665434819e-02,3.658536585365853577e-01,1.300000000000000044e-01,2.000000000000000000e+03
1.837568614575377069e+03,5.445015498236363101e+02,1.182000000000000000e+03,5.390000000000000000e+02,1.225944769214341867e-01,1.108738647574091379e-01,7.885782907465474501e-02,1.097536143351659499e-01,9.036384322247413081e+01,9.383362071680507199e+01,2.000000000000000000e+01,2.900000000000000000e+01,1.448138513180675102e-01,1.545858660902884318e-01,3.205128205128204844e-02,4.777594728171334626e-02,3.506493506493506551e-01,1.000000000000000056e-01,2.000000000000000000e+03
3.312287799981431817e+03,1.030111757842031693e+03,3.525000000000000000e+03,1.240000000000000000e+03,1.248318308578213603e-01,1.114357159067537462e-01,1.328484208939473832e-01,1.341410644742535574e-01,1.880500097631650931e+02,1.756850017321748965e+02,9.900000000000000000e+01,9.900000000000000000e+01,1.829280250614446490e-01,1.654284385425375536e-01,9.630350194552529663e-02,9.322033898305084887e-02,4.044444444444444953e-01,1.340000000000000080e-01,2.000000000000000000e+03
2.596665484063971235e+03,7.286930125661558577e+02,2.151000000000000000e+03,8.500000000000000000e+02,1.250079666890030472e-01,1.122966578157121031e-01,1.035528596187175049e-01,1.309909076899368197e-01,1.380436361489037438e+02,1.187458378999744468e+02,5.500000000000000000e+01,5.400000000000000000e+01,1.649266859604584801e-01,1.451660610024137488e-01,6.571087216248507057e-02,6.601466992665036559e-02,3.692722371967654960e-01,1.170000000000000068e-01,2.000000000000000000e+03
4.063168732206051118e+03,9.130263756613605892e+02,2.381000000000000000e+03,5.600000000000000000e+02,1.767594175928155487e-01,1.234820632487639430e-01,1.035802845086353091e-01,7.573708412226129449e-02,3.581348418997235967e+02,2.761943814562869193e+02,5.000000000000000000e+00,1.300000000000000000e+01,3.850912278491651630e-01,2.944503000600073861e-01,5.376344086021505805e-03,1.385927505330490465e-02,4.048192771084336838e-01,1.234999999999999987e-01,2.000000000000000000e+03
3.208589086357183078e+03,9.328934730095576242e+02,4.096000000000000000e+03,9.120000000000000000e+02,1.237595111608880277e-01,1.094046526339342851e-01,1.579881200339427472e-01,1.069543802040577030e-01,2.082147856827913870e+02,1.866421130952376188e+02,7.100000000000000000e+01,1.020000000000000000e+02,1.969865522069927932e-01,1.747585328607093869e-01,6.717123935666982626e-02,9.550561797752808724e-02,4.181415929203540216e-01,1.315000000000000058e-01,2.000000000000000000e+03
3.507596042611925441e+03,8.611926155832748009e+02,3.691000000000000000e+03,7.540000000000000000e+02,1.276975405057494406e-01,1.107358384445512184e-01,1.343745449250036417e-01,9.695255239809695558e-02,2.028637133093982925e+02,1.974081908226266364e+02,6.500000000000000000e+01,9.200000000000000000e+01,1.915615800844176486e-01,1.821108771426445117e-01,6.137865911237016386e-02,8.487084870848708718e-02,3.981900452488688069e-01,1.330000000000000071e-01,2.000000000000000000e+03
3.558190497921884344e+03,9.672982090891564440e+02,5.911000000000000000e+03,1.837000000000000000e+03,1.322944117311825041e-01,1.122806975147018493e-01,2.197724568709101822e-01,2.132327336041787702e-01,2.520915386432346850e+02,1.860826601473922892e+02,1.090000000000000000e+02,1.590000000000000000e+02,2.291741260393042601e-01,1.782400959266209617e-01,9.909090909090909061e-02,1.522988505747126520e-01,4.952741020793950399e-01,1.335000000000000075e-01,2.000000000000000000e+03
4.290290292265424796e+03,1.023344454680005811e+03,3.303000000000000000e+03,1.099000000000000000e+03,1.530661205275045400e-01,1.367741853354725867e-01,1.178422348282136406e-01,1.468858593958834446e-01,3.330339506172845176e+02,2.241662562988170180e+02,3.600000000000000000e+01,4.000000000000000000e+01,2.723090356641737486e-01,1.939154466252742404e-01,2.943581357318070246e-02,3.460207612456747683e-02,3.761682242990653791e-01,1.335000000000000075e-01,2.000000000000000000e+03
4.206577807382301216e+03,1.511471038832228714e+03,3.311000000000000000e+03,3.747000000000000000e+03,1.543018783428325713e-01,1.144360265621009037e-01,1.214511041009463665e-01,2.836917019987886257e-01,3.664592162698411357e+02,2.672655237465351661e+02,7.100000000000000000e+01,1.250000000000000000e+02,2.757405690517992225e-01,2.086381918396059132e-01,5.342362678705794149e-02,9.758001561280249536e-02,4.000000000000000222e-01,1.424999999999999878e-01,2.000000000000000000e+03
4.015330559650114992e+03,1.149038589065262613e+03,4.231000000000000000e+03,1.705000000000000000e+03,1.353923377162260244e-01,1.186655570655026914e-01,1.426644637016555861e-01,1.760817928327997606e-01,2.316861890589570692e+02,2.125923023746533431e+02,9.000000000000000000e+01,8.000000000000000000e+01,1.956809029214164330e-01,1.751172177715431266e-01,7.601351351351351426e-02,6.589785831960461027e-02,3.796909492273731201e-01,1.405000000000000138e-01,2.000000000000000000e+03
2.848168857867372935e+03,7.411482794784429871e+02,2.865000000000000000e+03,1.417000000000000000e+03,1.363804279767943384e-01,1.206296027796944920e-01,1.371863627657536888e-01,2.306315104166666574e-01,1.876227865961195960e+02,1.348115463592842502e+02,4.100000000000000000e+01,6.900000000000000000e+01,2.327826136428282899e-01,1.587886293984502317e-01,5.086848635235732136e-02,8.127208480565370485e-02,4.232673267326733102e-01,1.165000000000000063e-01,2.000000000000000000e+03
3.779021942712403415e+03,1.433311057728616333e+03,2.055000000000000000e+03,1.191000000000000000e+03,1.457618584707399412e-01,1.495368865653225188e-01,7.926405924554501270e-02,1.242566510172143923e-01,2.854137888951884747e+02,2.331336018203571996e+02,1.200000000000000000e+01,2.800000000000000000e+01,2.592314158902710997e-01,2.132969824522938651e-01,1.089918256130790152e-02,2.561756633119853521e-02,3.100775193798449569e-01,1.335000000000000075e-01,2.000000000000000000e+03
3.076121475655236736e+03,1.090448727639193521e+03,2.812000000000000000e+03,1.279000000000000000e+03,1.348702856741159639e-01,1.272847820286207021e-01,1.232900736583654872e-01,1.492938017975954379e-01,2.003268573633145024e+02,1.613367346938774176e+02,7.400000000000000000e+01,6.300000000000000000e+01,1.999270033566012961e-01,1.555802648928422405e-01,7.385229540918163138e-02,6.075216972034715862e-02,3.863080684596577052e-01,1.255000000000000004e-01,2.000000000000000000e+03
4.893776091585162249e+03,1.761786499905507071e+03,5.043000000000000000e+03,2.759000000000000000e+03,1.597654693475616949e-01,1.239036852032848329e-01,1.646371323169338319e-01,1.940361488149658920e-01,3.356856999559075234e+02,2.847008073507165591e+02,6.900000000000000000e+01,8.200000000000000000e+01,2.520162912581888071e-01,2.224225057427473007e-01,5.180180180180180005e-02,6.406249999999999445e-02,4.525547445255474477e-01,1.499999999999999944e-01,2.000000000000000000e+03
4.785567224427082692e+03,1.446747804705211820e+03,4.826000000000000000e+03,1.142000000000000000e+03,1.475296634942685203e-01,1.289206740959910613e-01,1.487761267649053698e-01,1.017643913740866185e-01,3.602411383534890774e+02,2.856264131393293155e+02,5.400000000000000000e+01,1.160000000000000000e+02,2.694398940564615152e-01,2.107944008408334513e-01,4.038893044128646220e-02,8.560885608856089179e-02,4.138613861386138959e-01,1.479999999999999927e-01,2.000000000000000000e+03
4.343464191705117628e+03,1.090450863252722002e+03,3.399000000000000000e+03,1.172000000000000000e+03,1.304774607739829229e-01,9.945739358379442063e-02,1.021058007149508867e-01,1.068952936884348809e-01,2.715053988725130694e+02,2.222401650289751558e+02,7.700000000000000000e+01,9.300000000000000000e+01,1.951872026401963167e-01,1.732191465541505493e-01,5.535585909417685413e-02,7.248636009353079390e-02,3.979797979797979890e-01,1.489999999999999936e-01,2.000000000000000000e+03
3.406016680681830167e+03,9.671807368040236952e+02,1.602000000000000000e+03,9.300000000000000000e+02,1.381022860431346533e-01,1.174761006685319659e-01,6.495560150833232238e-02,1.129600388679703610e-01,1.861481757054667412e+02,1.707969064940782857e+02,4.200000000000000000e+01,3.400000000000000000e+01,1.855914015009638429e-01,1.807374671895008444e-01,4.187437686939182724e-02,3.597883597883597823e-02,3.091397849462365066e-01,1.285000000000000031e-01,2.000000000000000000e+03
2.114764524596760566e+03,7.993673533950901628e+02,8.360000000000000000e+02,3.360000000000000000e+02,1.508176097986564379e-01,1.458433412507006421e-01,5.962059620596205783e-02,6.130268199233716159e-02,1.219134857646758121e+02,8.835052910052903030e+01,1.600000000000000000e+01,2.000000000000000000e+01,2.052415585263902553e-01,1.722232536072690612e-01,2.693602693602693485e-02,3.898635477582845787e-02,2.528301886792453379e-01,9.900000000000000466e-02,2.000000000000000000e+03
2.476778193342145187e+03,9.817280960254346382e+02,2.366000000000000000e+03,6.550000000000000000e+02,1.354022629205196282e-01,1.468773333371386491e-01,1.293461622567242397e-01,9.799521244763614858e-02,1.681206223230030901e+02,1.460885520597127254e+02,2.600000000000000000e+01,4.300000000000000000e+01,2.130806366577985833e-01,1.922217790259377890e-01,3.295310519645120589e-02,5.657894736842105504e-02,4.120734908136483021e-01,1.120000000000000023e-01,2.000000000000000000e+03
4.437734992283725660e+03,1.268505788611784283e+03,5.993000000000000000e+03,2.305000000000000000e+03,1.548461213679376558e-01,1.406949632444303711e-01,2.091140653895809387e-01,2.556566104702750475e-01,3.142544279100519020e+02,2.672771450617273103e+02,6.600000000000000000e+01,9.400000000000000000e+01,2.723175285182425354e-01,2.342481551811808060e-01,5.719237435008665826e-02,8.238387379491673990e-02,4.399185336048879735e-01,1.375000000000000111e-01,2.000000000000000000e+03
5.154469602072962516e+03,1.642677132779021576e+03,3.178000000000000000e+03,1.743000000000000000e+03,1.531788886202960498e-01,1.391981300549971767e-01,9.444279346210995851e-02,1.476993475129226296e-01,3.571888818027215962e+02,2.722089435311165175e+02,3.800000000000000000e+01,5.800000000000000000e+01,2.522520351714135356e-01,2.026872252651649442e-01,2.683615819209039452e-02,4.318689501116902696e-02,3.734439834024896321e-01,1.509999999999999953e-01,2.000000000000000000e+03
3.958377276234990859e+03,8.737760405643891772e+02,2.171000000000000000e+03,6.700000000000000000e+02,1.668160173726238316e-01,1.476721380031078557e-01,9.149142399595432129e-02,1.132330572925469014e-01,3.048918020912059319e+02,2.408043666540686445e+02,1.000000000000000000e+01,2.400000000000000000e+01,3.156229835312691079e-01,2.518874128180634275e-01,1.035196687370600402e-02,2.510460251046025063e-02,2.844574780058650720e-01,1.219999999999999973e-01,2.000000000000000000e+03
1.840061339443112274e+03,5.410642151675480136e+02,1.197000000000000000e+03,5.420000000000000000e+02,1.225155695747461443e-01,1.108510991943347651e-01,7.969904787269459223e-02,1.110428190944478533e-01,8.969717655580745941e+01,9.363322389140824953e+01,2.000000000000000000e+01,2.900000000000000000e+01,1.446728654125926661e-01,1.552789782610418667e-01,3.225806451612903136e-02,4.809286898839137958e-02,3.548387096774193727e-01,1.000000000000000056e-01,2.000000000000000000e+03
2.637746876732081091e+03,7.966060807193418896e+02,1.595000000000000000e+03,6.520000000000000000e+02,1.356865677331317299e-01,1.282572984574693042e-01,8.204732510288065273e-02,1.049750442762840130e-01,1.916305823255223970e+02,1.596882164902992827e+02,2.800000000000000000e+01,4.200000000000000000e+01,2.514837038392682134e-01,2.021369828991130269e-01,3.674540682414698112e-02,5.316455696202531528e-02,3.244047619047618625e-01,1.135000000000000037e-01,2.000000000000000000e+03
2.313279043209918655e+03,9.574902752582515859e+02,2.061000000000000000e+03,5.630000000000000000e+02,1.323386180326040495e-01,1.448548071495085743e-01,1.179061784897025150e-01,8.517397881996974229e-02,1.424134463970771378e+02,1.283222789115645810e+02,2.100000000000000000e+01,3.300000000000000000e+01,1.975221170555854777e-01,1.817596018577402051e-01,2.912621359223301065e-02,4.674220963172804472e-02,3.922651933701657434e-01,1.100000000000000006e-01,2.000000000000000000e+03
4.151072676681934354e+03,1.433292016565918630e+03,3.103000000000000000e+03,3.501000000000000000e+03,1.534649220556003613e-01,1.115055248612041860e-01,1.147177344818662431e-01,2.723665784969659387e-01,3.520959320672714625e+02,2.747042913832195268e+02,6.700000000000000000e+01,9.900000000000000000e+01,2.677535605074307656e-01,2.126194205752473254e-01,5.095057034220532022e-02,7.662538699690402133e-02,3.965884861407249495e-01,1.414999999999999869e-01,2.000000000000000000e+03
3.429403024691694554e+03,7.850853401360660655e+02,3.573000000000000000e+03,6.910000000000000000e+02,1.280966317306026780e-01,1.138134734902966211e-01,1.334603316898251846e-01,1.001739634676717949e-01,2.000211207168059957e+02,1.963224363819615803e+02,6.300000000000000000e+01,8.700000000000000000e+01,1.928843979911340489e-01,1.845135680281593804e-01,6.075216972034715862e-02,8.176691729323308511e-02,3.995381062355658486e-01,1.300000000000000044e-01,2.000000000000000000e+03
3.523182979340333077e+03,1.249393642920054845e+03,1.987000000000000000e+03,1.313000000000000000e+03,1.335854621726068614e-01,1.291763485235788711e-01,7.533934935921740572e-02,1.357526881720430012e-01,2.153633265621064936e+02,1.972843287037034088e+02,4.600000000000000000e+01,9.300000000000000000e+01,1.957848423291877193e-01,1.808288989034861627e-01,4.181818181818181684e-02,8.524289642529789268e-02,3.518072289156626287e-01,1.345000000000000084e-01,2.000000000000000000e+03
2.766773966994432158e+03,8.979664044784486805e+02,3.794000000000000000e+03,1.038000000000000000e+03,1.243997107591579554e-01,1.173965753011437657e-01,1.705858549525650913e-01,1.357040135965485728e-01,1.867667469765677311e+02,1.674526958931712954e+02,6.800000000000000000e+01,9.400000000000000000e+01,2.030073336701823106e-01,1.785209977539139736e-01,7.391304347826087306e-02,1.002132196162046907e-01,4.235294117647059320e-01,1.224999999999999978e-01,2.000000000000000000e+03
2.995562169784500384e+03,1.198262967687087894e+03,1.916000000000000000e+03,1.103000000000000000e+03,1.411669260030395945e-01,1.209755646327196205e-01,9.029217719132894004e-02,1.113579000504795607e-01,2.504501198349710194e+02,2.063551825081880509e+02,4.200000000000000000e+01,6.200000000000000000e+01,2.403552013771314833e-01,1.997630033961162177e-01,4.030710172744721848e-02,6.001936108422071398e-02,3.506493506493506551e-01,1.250000000000000000e-01,2.000000000000000000e+03
3.573379624748154583e+03,9.118049371693189187e+02,1.433000000000000000e+03,6.670000000000000000e+02,1.582051456478573703e-01,1.067937382489246856e-01,6.344357373710542147e-02,7.812133989224642749e-02,2.562786281179140246e+02,2.217250803099021255e+02,1.600000000000000000e+01,2.600000000000000000e+01,2.601813483430599483e-01,2.226155424798214044e-01,1.624365482233502619e-02,2.610441767068272939e-02,3.150684931506849695e-01,1.250000000000000000e-01,2.000000000000000000e+03
2.882065647046167669e+03,7.377198170194067188e+02,2.887000000000000000e+03,9.090000000000000000e+02,1.419526989630186531e-01,9.338225531891224118e-02,1.421957346204994199e-01,1.150632911392405061e-01,2.370098321365583729e+02,1.858190268329556716e+02,3.700000000000000000e+01,6.500000000000000000e+01,2.590271389470583108e-01,2.128511189380935531e-01,4.043715846994535429e-02,7.445589919816723856e-02,3.602150537634408733e-01,1.189999999999999947e-01,2.000000000000000000e+03
4.923407821239702571e+03,1.356568517573688951e+03,7.274000000000000000e+03,2.798000000000000000e+03,1.553811721656158107e-01,1.290863562254913888e-01,2.295651076185065975e-01,2.662479779236844868e-01,3.521673659926922255e+02,3.105577932098754559e+02,7.700000000000000000e+01,1.260000000000000000e+02,2.717340786980649847e-01,2.376111654245412763e-01,5.941358024691358042e-02,9.640397857689364525e-02,4.403846153846153744e-01,1.454999999999999905e-01,2.000000000000000000e+03
2.838284483182301301e+03,9.187034553729196205e+02,1.470000000000000000e+03,1.007000000000000000e+03,1.498882806919255017e-01,1.168833912688192894e-01,7.762991128010139630e-02,1.281170483460559728e-01,1.743035424540184977e+02,1.351581160241866542e+02,4.100000000000000000e+01,5.800000000000000000e+01,2.010421481591908865e-01,1.717383939316221853e-01,4.728950403690888177e-02,7.369758576874205214e-02,3.780160857908847483e-01,1.160000000000000059e-01,2.000000000000000000e+03
4.440671334404624758e+03,1.272365695861669565e+03,4.464000000000000000e+03,1.517000000000000000e+03,1.441448805273030376e-01,1.146481975006009707e-01,1.449021326321939807e-01,1.366912957289601604e-01,3.206222718253967514e+02,2.450347179705215979e+02,4.800000000000000000e+01,7.400000000000000000e+01,2.479677276298505317e-01,2.001917630478117494e-01,3.712296983758700542e-02,6.045751633986928136e-02,3.750000000000000000e-01,1.449999999999999900e-01,2.000000000000000000e+03
2.029799068877478021e+03,5.637172619047687476e+02,1.125000000000000000e+03,4.110000000000000000e+02,1.377161998017150391e-01,1.289675730736144499e-01,7.632810909831060087e-02,9.402882635552504975e-02,1.162642274502387920e+02,8.556301965230507278e+01,1.100000000000000000e+01,2.600000000000000000e+01,2.173163129911005464e-01,1.495856986928410237e-01,2.056074766355140207e-02,4.545454545454545581e-02,2.820512820512820484e-01,9.800000000000000377e-02,2.000000000000000000e+03
2.671105319035119919e+03,6.816204739858814037e+02,2.139000000000000000e+03,1.428000000000000000e+03,1.487666565878652258e-01,1.072573523187854289e-01,1.191311612364243933e-01,2.247049567269866210e-01,2.459606955467367868e+02,1.753262925170069195e+02,3.400000000000000000e+01,3.700000000000000000e+01,3.305923327241085952e-01,2.421633874544294462e-01,4.569892473118279674e-02,5.110497237569060908e-02,4.433249370277078105e-01,1.105000000000000010e-01,2.000000000000000000e+03
4.182000819791292997e+03,1.033034104150903204e+03,3.251000000000000000e+03,7.260000000000000000e+02,1.444061056557766898e-01,1.149092440657289438e-01,1.122582872928176850e-01,8.075639599555060888e-02,2.764569672776507900e+02,2.196260273368596643e+02,4.400000000000000000e+01,9.200000000000000000e+01,2.431459694614342970e-01,1.880359823089551852e-01,3.869832893579595173e-02,7.876712328767122850e-02,3.934065934065934522e-01,1.380000000000000115e-01,2.000000000000000000e+03
5.367861152998057150e+03,1.797291984599403349e+03,4.788000000000000000e+03,2.200000000000000000e+03,1.609650099855480798e-01,1.290231144723189838e-01,1.435768261964735504e-01,1.579325197415649695e-01,4.156343449231546856e+02,3.208245346749822033e+02,1.210000000000000000e+02,1.440000000000000000e+02,2.776448529880792826e-01,2.091424606746950521e-01,8.082832331329325992e-02,9.387222946544980517e-02,4.264432029795158785e-01,1.539999999999999980e-01,2.000000000000000000e+03
3.321180348010074795e+03,1.061002082545970552e+03,5.520000000000000000e+03,2.509000000000000000e+03,1.306471164788983452e-01,1.080010263177901553e-01,2.171433067149207419e-01,2.553949511400651629e-01,2.572357136558317734e+02,1.984778371441170464e+02,9.100000000000000000e+01,1.420000000000000000e+02,2.362127765434635096e-01,1.874200539604504723e-01,8.356290174471991961e-02,1.340887629839471185e-01,4.952561669829221858e-01,1.330000000000000071e-01,2.000000000000000000e+03
4.207270429264783161e+03,8.926649384290989246e+02,2.940000000000000000e+03,9.100000000000000000e+02,1.375149674543155176e-01,1.090477569544464898e-01,9.609413302827259085e-02,1.111654043488883442e-01,2.630409911186691261e+02,2.116600844041321636e+02,5.600000000000000000e+01,8.300000000000000000e+01,2.059835482526774786e-01,1.799830649695001450e-01,4.385277995301487680e-02,7.057823129251700189e-02,4.211618257261410259e-01,1.395000000000000129e-01,2.000000000000000000e+03
3.970696347947028698e+03,1.063205608308141791e+03,4.553000000000000000e+03,1.586000000000000000e+03,1.327148750943222821e-01,1.199735509262177535e-01,1.521775460409773018e-01,1.789663732791694772e-01,2.296033517573695519e+02,2.074721392353233114e+02,8.900000000000000000e+01,8.200000000000000000e+01,1.965782121210355726e-01,1.734716883238489327e-01,7.619863013698630061e-02,6.856187290969899262e-02,3.841059602649006255e-01,1.395000000000000129e-01,2.000000000000000000e+03
3.882214561130312177e+03,9.598093277588758383e+02,2.445000000000000000e+03,8.750000000000000000e+02,1.436048887005368091e-01,1.132251182917159149e-01,9.044166605015906135e-02,1.032204789430222897e-01,2.607267022549756916e+02,2.277635218253961966e+02,3.100000000000000000e+01,5.400000000000000000e+01,2.327916984419425850e-01,2.175391803489934994e-01,2.767857142857142738e-02,5.157593123209169156e-02,3.308270676691729140e-01,1.335000000000000075e-01,2.000000000000000000e+03
3.569268591585395370e+03,9.117962030738078738e+02,2.842000000000000000e+03,1.298000000000000000e+03,1.522141068525478813e-01,1.150386327370436362e-01,1.211991982600537365e-01,1.637648246278072262e-01,2.369141994205097035e+02,2.066798066263552869e+02,4.000000000000000000e+01,8.400000000000000000e+01,2.393072721419289839e-01,2.064733332930622223e-01,4.040404040404040747e-02,8.391608391608391948e-02,4.397321428571429047e-01,1.255000000000000004e-01,2.000000000000000000e+03
3.505376572027094426e+03,9.824933686067237204e+02,3.678000000000000000e+03,1.563000000000000000e+03,1.431934874194074614e-01,1.069089628516565471e-01,1.502450980392156799e-01,1.700761697497279734e-01,2.368358134920645170e+02,2.404480741370632018e+02,2.200000000000000000e+01,6.400000000000000000e+01,2.249153024615997420e-01,2.242985766203947906e-01,2.089268755935422620e-02,5.970149253731343170e-02,5.009596928982725794e-01,1.300000000000000044e-01,2.000000000000000000e+03
2.152476876574666221e+03,6.868568909045189912e+02,1.094000000000000000e+03,2.780000000000000000e+02,1.492185009757134306e-01,1.352613018717052085e-01,7.584055459272097399e-02,5.474596297755021657e-02,1.328680083144364232e+02,8.951029856386938377e+01,9.000000000000000000e+00,2.200000000000000000e+01,2.347491312975908406e-01,1.494328857493645857e-01,1.590106007067137658e-02,3.672787979966610911e-02,2.666666666666667185e-01,9.900000000000000466e-02,2.000000000000000000e+03
3.150977612906384365e+03,1.172031134101771613e+03,1.469000000000000000e+03,1.059000000000000000e+03,1.325443828253221878e-01,1.284699259127229654e-01,6.179279014007487553e-02,1.160802367642222999e-01,1.955031996409663861e+02,1.717007197971783228e+02,4.400000000000000000e+01,9.200000000000000000e+01,1.958949896202067942e-01,1.762841065679448815e-01,4.408817635270541324e-02,9.445585215605749319e-02,3.510101010101009944e-01,1.285000000000000031e-01,2.000000000000000000e+03
2.188497770219116774e+03,8.068132306626436048e+02,1.164000000000000000e+03,6.010000000000000000e+02,1.498765765113763138e-01,1.367248314968045331e-01,7.971510751951788043e-02,1.018471445517708796e-01,1.435360922146633129e+02,1.020666375346434194e+02,1.800000000000000000e+01,2.600000000000000000e+01,2.204855487168407291e-01,1.765858780876183864e-01,2.764976958525345793e-02,4.498269896193771850e-02,3.210702341137123828e-01,1.015000000000000069e-01,2.000000000000000000e+03
2.198080703262717179e+03,6.863809292328063520e+02,1.496000000000000000e+03,8.460000000000000000e+02,1.357007472072303544e-01,1.152225833864036209e-01,9.235708112112606116e-02,1.420177941917072362e-01,1.417856985386737279e+02,1.046343065003772210e+02,4.300000000000000000e+01,5.400000000000000000e+01,1.942269842995530404e-01,1.527508124093098218e-01,5.890410958904109678e-02,7.883211678832116598e-02,3.467492260061919573e-01,1.054999999999999966e-01,2.000000000000000000e+03
2.607725764518802407e+03,6.338201174729239256e+02,1.825000000000000000e+03,5.460000000000000000e+02,1.403512252162972263e-01,1.197921219945046190e-01,9.822389666307858314e-02,1.031941031941031872e-01,1.700039446334089916e+02,1.409540526581007498e+02,5.000000000000000000e+00,1.800000000000000000e+01,2.325635357502174871e-01,1.985268347297193536e-01,6.839945280437756403e-03,2.535211267605633895e-02,3.848314606741572996e-01,1.095000000000000001e-01,2.000000000000000000e+03
4.699076454396627014e+03,1.706107298595262137e+03,2.156000000000000000e+03,1.279000000000000000e+03,1.704602043891836893e-01,1.560083484450678626e-01,7.820945333188232540e-02,1.169531821506949593e-01,3.155449932287723982e+02,2.727879306815315772e+02,5.200000000000000000e+01,9.400000000000000000e+01,2.498376826831135433e-01,2.275128696259646199e-01,4.117181314330958103e-02,7.839866555462886299e-02,2.926208651399491156e-01,1.390000000000000124e-01,2.000000000000000000e+03
3.423661213152264736e+03,8.071692403628230750e+02,3.440000000000000000e+03,5.810000000000000000e+02,1.271413106488511746e-01,1.152769552074868753e-01,1.277480689245395207e-01,8.297629248786060618e-02,1.962283517573706320e+02,1.959564751826672193e+02,6.300000000000000000e+01,8.700000000000000000e+01,1.899596822433403942e-01,1.841696195325819851e-01,6.098741529525653765e-02,8.176691729323308511e-02,3.944315545243619603e-01,1.305000000000000049e-01,2.000000000000000000e+03
3.697173333333768369e+03,9.741336484316097994e+02,2.600000000000000000e+03,1.921000000000000000e+03,1.655030813077473517e-01,1.078058486533432780e-01,1.163883790679976771e-01,2.125940681717574110e-01,2.907359989921887404e+02,2.287526688082632234e+02,6.200000000000000000e+01,8.800000000000000000e+01,2.758406062544485060e-01,2.273883387756095720e-01,5.882352941176470507e-02,8.747514910536779986e-02,4.023809523809523947e-01,1.255000000000000004e-01,2.000000000000000000e+03
3.303574223671046639e+03,1.191850434933111956e+03,1.518000000000000000e+03,9.250000000000000000e+02,1.338075346782391650e-01,1.327079874104344637e-01,6.148487180525739892e-02,1.029952121144638716e-01,2.010766753275379699e+02,1.812065068342146503e+02,4.200000000000000000e+01,9.300000000000000000e+01,1.955998787232859637e-01,1.759286474118588739e-01,4.085603112840466983e-02,9.029126213592232608e-02,3.384223918575063328e-01,1.300000000000000044e-01,2.000000000000000000e+03
