1.105123106390237808e-02,7.715414278209209442e-03,2.760532777756452560e-03,3.029210260137915611e-03,9.701492637395858765e-02,2.569002211093902588e-01,4.710000000000000000e+02
1.544380560517311096e-02,1.449682284146547318e-02,6.185910664498806000e-03,6.256510503590106964e-03,1.076573133468627930e-01,2.969222962856292725e-01,3.964000000000000000e+03
4.305536393076181412e-03,4.615659359842538834e-03,6.669325288385152817e-03,7.031193468719720840e-03,7.796610146760940552e-02,2.036145925521850586e-01,9.351000000000000000e+03
2.852706238627433777e-02,2.576073817908763885e-02,8.951226621866226196e-02,9.077201783657073975e-02,2.318417578935623169e-01,5.629752874374389648e-01,4.208000000000000000e+03
7.343166973441839218e-03,6.381996441632509232e-03,1.244722586125135422e-02,1.408853381872177124e-02,7.887323945760726929e-02,2.636033892631530762e-01,2.481000000000000000e+03
3.918554575648158789e-04,3.499056911095976830e-04,9.334268397651612759e-04,7.696779211983084679e-04,1.214574929326772690e-02,6.430359929800033569e-02,7.589000000000000000e+03
1.075110048986971378e-03,1.252609654329717159e-03,4.653406504075974226e-04,6.605931557714939117e-04,3.804347664117813110e-02,8.378697931766510010e-02,4.225000000000000000e+03
7.680244278162717819e-03,6.967009976506233215e-03,1.191507279872894287e-02,1.320365071296691895e-02,1.060521900653839111e-01,2.919310927391052246e-01,5.515000000000000000e+03
8.617914281785488129e-03,7.666080258786678314e-03,1.719955541193485260e-02,1.648109592497348785e-02,1.115162596106529236e-01,3.061459660530090332e-01,9.551000000000000000e+03
3.082364052534103394e-02,2.958873286843299866e-02,9.075154364109039307e-02,9.111617505550384521e-02,2.143806219100952148e-01,5.530035495758056641e-01,9.622000000000000000e+03
1.913483720272779465e-04,2.250913967145606875e-04,1.020572162815369666e-04,5.198140861466526985e-04,0.000000000000000000e+00,3.616813197731971741e-02,1.023000000000000000e+03
1.568351872265338898e-02,1.613813452422618866e-02,7.988926023244857788e-03,6.650940515100955963e-03,1.377952694892883301e-01,3.211928606033325195e-01,4.091000000000000000e+03
7.211063522845506668e-03,8.325100876390933990e-03,6.635409314185380936e-03,7.380599156022071838e-03,8.423493057489395142e-02,2.375225424766540527e-01,4.989000000000000000e+03
2.631646767258644104e-02,2.524404972791671753e-02,6.783305853605270386e-02,6.519757211208343506e-02,1.869579255580902100e-01,5.102822780609130859e-01,9.920000000000000000e+03
1.852253451943397522e-02,1.900244504213333130e-02,5.619026347994804382e-02,6.003747135400772095e-02,2.143778204917907715e-01,4.824787080287933350e-01,5.051000000000000000e+03
5.220901686698198318e-03,4.973837174475193024e-03,9.101845324039459229e-03,1.118451263755559921e-02,7.596372067928314209e-02,2.245797812938690186e-01,3.629000000000000000e+03
2.971160225570201874e-02,2.975345216691493988e-02,8.794406801462173462e-02,1.035014688968658447e-01,2.764666080474853516e-01,6.143715977668762207e-01,6.986000000000000000e+03
1.904293894767761230e-02,1.590419374406337738e-02,4.394719004631042480e-02,4.102286696434020996e-02,1.640194505453109741e-01,4.380839169025421143e-01,5.887000000000000000e+03
7.035267117316834629e-06,8.695261385582853109e-06,3.618190021370537579e-06,6.984749234106857330e-06,0.000000000000000000e+00,7.906216196715831757e-03,7.336000000000000000e+03
2.298586443066596985e-02,1.886701770126819611e-02,4.762707650661468506e-02,3.844315186142921448e-02,1.955492496490478516e-01,4.861230254173278809e-01,3.495000000000000000e+03
5.784883978776633739e-04,4.713107773568481207e-04,1.084498828276991844e-03,9.375817026011645794e-04,2.430555596947669983e-02,7.516383379697799683e-02,7.477000000000000000e+03
1.127867307513952255e-02,1.108042616397142410e-02,1.392254140228033066e-02,1.593451946973800659e-02,1.048136651515960693e-01,3.018719851970672607e-01,7.639000000000000000e+03
1.365211606025695801e-02,1.249106414616107941e-02,3.090265765786170959e-02,3.111075982451438904e-02,1.578764766454696655e-01,4.026210904121398926e-01,6.028000000000000000e+03
4.984936676919460297e-04,4.181794356554746628e-04,7.698074332438409328e-04,7.207964081317186356e-04,1.938610710203647614e-02,6.596392393112182617e-02,9.202000000000000000e+03
3.571948036551475525e-02,2.259432338178157806e-02,3.907461091876029968e-02,4.748497903347015381e-02,1.867088675498962402e-01,4.904580116271972656e-01,5.240000000000000000e+02
2.241218276321887970e-02,2.086075022816658020e-02,1.881897076964378357e-02,1.858798414468765259e-02,1.419513970613479614e-01,3.913252949714660645e-01,6.225000000000000000e+03
2.701651770621538162e-03,2.966472413390874863e-03,2.586524467915296555e-03,3.253186354413628578e-03,4.971988871693611145e-02,1.452579796314239502e-01,9.342000000000000000e+03
4.139055963605642319e-03,2.881004009395837784e-03,6.966143380850553513e-03,6.126814056187868118e-03,7.211538404226303101e-02,2.079741358757019043e-01,1.856000000000000000e+03
7.840025500627234578e-05,8.851390884956344962e-05,8.870140300132334232e-05,1.057499757735058665e-04,2.150537632405757904e-02,2.941651828587055206e-02,6.187000000000000000e+03
3.115145862102508545e-02,2.816373482346534729e-02,9.038188308477401733e-02,8.085934072732925415e-02,2.492236047983169556e-01,5.932515263557434082e-01,9.780000000000000000e+03
3.019732423126697540e-03,2.914623357355594635e-03,2.638595644384622574e-03,2.743036951869726181e-03,4.330963268876075745e-02,1.494496613740921021e-01,9.903000000000000000e+03
5.125960800796747208e-03,4.605379886925220490e-03,9.096503257751464844e-03,8.653852157294750214e-03,9.169764816761016846e-02,2.361469119787216187e-01,3.104000000000000000e+03
6.589886266738176346e-03,7.171808741986751556e-03,1.008865144103765488e-02,1.098833885043859482e-02,9.560867398977279663e-02,2.624193429946899414e-01,6.200000000000000000e+03
3.544847913872217759e-06,1.000659494820865802e-06,2.288408722961321473e-06,5.883251787963672541e-07,3.030303120613098145e-02,5.010176915675401688e-03,6.387000000000000000e+03
5.713148275390267372e-04,4.823572235181927681e-04,5.307644605636596680e-04,6.237402558326721191e-04,2.192982472479343414e-02,6.872110813856124878e-02,3.245000000000000000e+03
1.613734057173132896e-03,1.550774788483977318e-03,1.472746138460934162e-03,2.924983156844973564e-03,3.249097615480422974e-02,1.142369955778121948e-01,2.346000000000000000e+03
4.255985459167277440e-06,6.796640718675917014e-06,1.371002053929260001e-05,1.027557027555303648e-05,0.000000000000000000e+00,8.616320788860321045e-03,1.973000000000000000e+03
2.013222314417362213e-02,1.809093728661537170e-02,4.455098137259483337e-02,3.972216323018074036e-02,2.281315624713897705e-01,4.984184503555297852e-01,4.426000000000000000e+03
3.168646618723869324e-02,2.924780361354351044e-02,8.042956143617630005e-02,8.617000281810760498e-02,2.584916651248931885e-01,5.886654257774353027e-01,4.376000000000000000e+03
5.318200215697288513e-02,4.046325758099555969e-02,1.319928020238876343e-01,1.781032681465148926e-01,3.266068696975708008e-01,7.231139540672302246e-01,1.246000000000000000e+03
1.055363286286592484e-02,9.819316677749156952e-03,1.556167751550674438e-02,1.450005732476711273e-02,9.134826809167861938e-02,2.883623838424682617e-01,7.175000000000000000e+03
4.847956355661153793e-03,5.257729440927505493e-03,1.365635660476982594e-03,1.760221435688436031e-03,5.031446367502212524e-02,1.753774732351303101e-01,2.583000000000000000e+03
3.217111155390739441e-02,2.680530399084091187e-02,8.039909601211547852e-02,8.089433610439300537e-02,2.199703454971313477e-01,5.481069684028625488e-01,2.879000000000000000e+03
9.339718148112297058e-03,6.799957714974880219e-03,9.829069487750530243e-03,8.674647659063339233e-03,8.455284684896469116e-02,2.586127817630767822e-01,2.177000000000000000e+03
2.387949265539646149e-03,2.430055523291230202e-03,2.960820915177464485e-03,3.782456507906317711e-03,2.980132400989532471e-02,1.440511345863342285e-01,2.034000000000000000e+03
3.954668715596199036e-02,3.305384889245033264e-02,6.699135154485702515e-02,7.338345795869827271e-02,2.621951103210449219e-01,6.057571768760681152e-01,7.990000000000000000e+02
2.206943929195404053e-02,2.188228629529476166e-02,3.665476664900779724e-02,4.151284322142601013e-02,1.453867703676223755e-01,4.265612363815307617e-01,8.599000000000000000e+03
2.611024491488933563e-02,2.666356973350048065e-02,4.791648685932159424e-02,5.921630561351776123e-02,1.329416036605834961e-01,4.357696473598480225e-01,5.418000000000000000e+03
1.227356027811765671e-02,1.152148377150297165e-02,2.877356857061386108e-02,2.542803250253200531e-02,1.409529149532318115e-01,3.568987846374511719e-01,8.487000000000000000e+03
1.068612327799201012e-04,6.371797644533216953e-05,1.406287919962778687e-04,1.545864361105486751e-04,1.010101009160280228e-02,2.852983959019184113e-02,3.435000000000000000e+03
1.004518382251262665e-02,8.495102636516094208e-03,2.310011722147464752e-02,1.932375505566596985e-02,1.062027215957641602e-01,3.128574490547180176e-01,9.442000000000000000e+03
3.372995706740766764e-04,2.616688434500247240e-04,6.207140977494418621e-04,5.133725935593247414e-04,3.035143762826919556e-02,6.156186759471893311e-02,9.860000000000000000e+03
2.085262350738048553e-02,1.983586139976978302e-02,4.810398817062377930e-02,5.104241892695426941e-02,1.988304108381271362e-01,4.823943674564361572e-01,2.556000000000000000e+03
2.433209121227264404e-02,2.178565785288810730e-02,9.305702522397041321e-03,1.056625600904226303e-02,1.235521212220191956e-01,3.637820482254028320e-01,3.744000000000000000e+03
1.821875758469104767e-02,1.814143918454647064e-02,3.893755748867988586e-02,4.199785739183425903e-02,1.351165920495986938e-01,4.062500000000000000e-01,6.208000000000000000e+03
1.001447159796953201e-02,8.271211758255958557e-03,1.502135302871465683e-02,1.484526693820953369e-02,9.698996692895889282e-02,2.777777910232543945e-01,1.944000000000000000e+03
1.079877652227878571e-02,9.422861039638519287e-03,1.523526292294263840e-02,1.210920698940753937e-02,9.995886683464050293e-02,2.920448482036590576e-01,7.492000000000000000e+03
1.683245063759386539e-04,1.819879980757832527e-04,5.685129508492536843e-05,4.288235504645854235e-05,7.633587811142206192e-03,3.303685039281845093e-02,3.935000000000000000e+03
2.369608357548713684e-02,2.184063941240310669e-02,7.263910025358200073e-02,7.343549281358718872e-02,2.003493010997772217e-01,5.134572386741638184e-01,6.242000000000000000e+03
3.563071787357330322e-02,3.042868338525295258e-02,8.413163572549819946e-02,8.584310114383697510e-02,2.061032801866531372e-01,5.724441409111022949e-01,2.954000000000000000e+03
1.175997499376535416e-02,1.382502168416976929e-02,6.464550271630287170e-03,4.741458222270011902e-03,1.151832491159439087e-01,2.695374786853790283e-01,6.270000000000000000e+02
6.008600350469350815e-03,5.864793434739112854e-03,1.311572361737489700e-02,1.462102774530649185e-02,7.767489552497863770e-02,2.608000040054321289e-01,6.875000000000000000e+03
1.911577419377863407e-03,1.593315158970654011e-03,2.713098190724849701e-03,2.861787099391222000e-03,5.977584049105644226e-02,1.442767083644866943e-01,5.233000000000000000e+03
8.114486932754516602e-03,4.764155950397253036e-03,1.258338056504726410e-02,1.393532473593950272e-02,1.089108884334564209e-01,2.506963908672332764e-01,1.436000000000000000e+03
1.540427934378385544e-02,1.572892814874649048e-02,6.742918863892555237e-03,1.560917310416698456e-02,1.075268834829330444e-01,2.990990877151489258e-01,5.550000000000000000e+02
1.689107716083526611e-02,1.646885462105274200e-02,3.024800494313240051e-02,3.104030340909957886e-02,1.347284317016601562e-01,3.836130499839782715e-01,9.593000000000000000e+03
4.820976755581796169e-04,5.658942973241209984e-04,6.407992332242429256e-04,9.681108058430254459e-04,4.174572974443435669e-02,7.492581754922866821e-02,6.740000000000000000e+03
1.362492423504590988e-02,1.354326307773590088e-02,2.417722903192043304e-02,2.379775047302246094e-02,1.282660365104675293e-01,3.449248075485229492e-01,6.384000000000000000e+03
9.431204671273007989e-05,1.005717494990676641e-04,1.295386709898593836e-06,8.633237484900746495e-07,1.886792480945587158e-02,2.415795624256134033e-02,4.305000000000000000e+03
3.067355835810303688e-03,2.589687705039978027e-03,5.082999821752309799e-03,6.027580238878726959e-03,5.835010111331939697e-02,1.807298660278320312e-01,5.179000000000000000e+03
1.413432322442531586e-02,1.440187077969312668e-02,8.796666748821735382e-03,9.029014967381954193e-03,1.106382980942726135e-01,3.061753511428833008e-01,8.874000000000000000e+03
1.471223309636116028e-02,1.289770193397998810e-02,3.188294917345046997e-02,3.187210857868194580e-02,1.700416952371597290e-01,4.076349139213562012e-01,6.837000000000000000e+03
1.514156721532344818e-02,1.383385807275772095e-02,3.328930959105491638e-02,3.860853239893913269e-02,1.802310645580291748e-01,4.341854751110076904e-01,7.354000000000000000e+03
5.777771025896072388e-02,4.159962013363838196e-02,4.252609983086585999e-02,9.125188738107681274e-02,1.492537260055541992e-01,5.533980727195739746e-01,1.030000000000000000e+02
2.767228521406650543e-03,3.015136346220970154e-03,2.266009803861379623e-03,3.447343595325946808e-03,3.616813197731971741e-02,1.482483893632888794e-01,6.651000000000000000e+03
2.139575220644474030e-02,2.244558744132518768e-02,5.417613312602043152e-02,5.956632271409034729e-02,1.972179859876632690e-01,4.884637594223022461e-01,8.625000000000000000e+03
2.827901765704154968e-02,2.524163015186786652e-02,8.302492648363113403e-02,7.203801721334457397e-02,2.525712549686431885e-01,5.833046436309814453e-01,8.721000000000000000e+03
4.241378977894783020e-02,4.342421516776084900e-02,1.347032487392425537e-01,1.396384090185165405e-01,3.462907969951629639e-01,7.234019041061401367e-01,9.136000000000000000e+03
3.409494087100028992e-02,3.032766841351985931e-02,1.065306365489959717e-01,9.530816227197647095e-02,2.720453441143035889e-01,6.324402689933776855e-01,6.905000000000000000e+03
4.720447584986686707e-03,4.295188467949628830e-03,7.743549998849630356e-03,7.407505530864000320e-03,7.133152335882186890e-02,2.117082178592681885e-01,6.457000000000000000e+03
2.510896511375904083e-02,2.392095327377319336e-02,6.601458787918090820e-02,7.024903595447540283e-02,1.722441017627716064e-01,4.828477203845977783e-01,6.967000000000000000e+03
3.055636212229728699e-02,2.886105328798294067e-02,6.931843608617782593e-02,5.809850245714187622e-02,2.654282152652740479e-01,5.931858420372009277e-01,3.933000000000000000e+03
9.379539638757705688e-03,9.379036724567413330e-03,8.801457472145557404e-03,9.172826074063777924e-03,8.179162442684173584e-02,2.641826570034027100e-01,7.139000000000000000e+03
3.773827478289604187e-02,3.620789572596549988e-02,1.085268035531044006e-01,1.294300407171249390e-01,3.372216224670410156e-01,6.680919528007507324e-01,1.871000000000000000e+03
8.979316800832748413e-03,6.737988907843828201e-03,1.733917929232120514e-02,1.612151972949504852e-02,7.756813615560531616e-02,2.779532670974731445e-01,6.332000000000000000e+03
3.644921258091926575e-02,3.419945389032363892e-02,1.267502307891845703e-01,1.217712461948394775e-01,2.645011544227600098e-01,6.331859230995178223e-01,7.009000000000000000e+03
2.564198896288871765e-02,2.210540324449539185e-02,7.917471975088119507e-02,6.996889412403106689e-02,1.995835751295089722e-01,5.077358484268188477e-01,5.300000000000000000e+03
3.352621942758560181e-02,1.882204040884971619e-02,1.820980943739414215e-02,4.458678886294364929e-02,8.093525469303131104e-02,3.429530262947082520e-01,1.490000000000000000e+03
4.059069976210594177e-02,2.956848219037055969e-02,9.025567770004272461e-02,6.892722845077514648e-02,1.995508521795272827e-01,5.515031218528747559e-01,4.524000000000000000e+03
2.141511766240000725e-03,2.252810401841998100e-03,3.516223281621932983e-03,3.353765234351158142e-03,7.335907220840454102e-02,1.580680608749389648e-01,4.555000000000000000e+03
1.810805499553680420e-02,1.403337437659502029e-02,2.861909195780754089e-02,3.353803604841232300e-02,1.630804091691970825e-01,4.161036014556884766e-01,1.776000000000000000e+03
1.308585423976182938e-02,1.371918525546789169e-02,2.528053708374500275e-02,2.695750072598457336e-02,1.454381197690963745e-01,3.766673207283020020e-01,5.023000000000000000e+03
2.643120661377906799e-02,1.931276544928550720e-02,4.375598207116127014e-02,2.438315190374851227e-02,1.896551698446273804e-01,4.662698507308959961e-01,1.008000000000000000e+03
2.713279239833354950e-02,2.394480817019939423e-02,8.616474270820617676e-02,8.495813608169555664e-02,2.316027134656906128e-01,5.499192476272583008e-01,3.095000000000000000e+03
1.748183183372020721e-02,1.258123759180307388e-02,5.906039848923683167e-03,3.881682176142930984e-03,1.229508221149444580e-01,3.018335700035095215e-01,1.418000000000000000e+03
3.333941102027893066e-02,3.251674026250839233e-02,8.089096099138259888e-02,6.887962669134140015e-02,2.292370051145553589e-01,5.667825341224670410e-01,4.028000000000000000e+03
1.299649302382022142e-04,1.399634347762912512e-04,1.537586504127830267e-04,1.835036382544785738e-04,9.933775290846824646e-03,3.316326439380645752e-02,9.016000000000000000e+03
2.349483035504817963e-02,2.160659432411193848e-02,3.475830331444740295e-02,3.279851004481315613e-02,1.514124274253845215e-01,4.293882250785827637e-01,5.247000000000000000e+03
1.206009555608034134e-02,1.542061101645231247e-02,1.298860926181077957e-02,1.814877986907958984e-02,1.121842488646507263e-01,3.107932507991790771e-01,3.845000000000000000e+03
7.523421663790941238e-03,7.840461097657680511e-03,8.604235015809535980e-03,9.971050545573234558e-03,8.730614930391311646e-02,2.434875816106796265e-01,6.526000000000000000e+03
5.013440735638141632e-03,4.782097879797220230e-03,9.565567597746849060e-03,1.234326791018247604e-02,7.072905451059341431e-02,2.308732122182846069e-01,3.699000000000000000e+03
5.473951343446969986e-03,5.695588886737823486e-03,7.882235571742057800e-03,9.477609768509864807e-03,9.494639933109283447e-02,2.078059017658233643e-01,2.844000000000000000e+03
1.122338790446519852e-02,1.090359967201948166e-02,2.063979953527450562e-02,2.181050367653369904e-02,1.169294863939285278e-01,3.305490612983703613e-01,8.979000000000000000e+03
8.962321095168590546e-03,9.464852511882781982e-03,5.950019694864749908e-03,5.062000826001167297e-03,8.053690940141677856e-02,2.444973289966583252e-01,1.681000000000000000e+03
3.330451622605323792e-02,3.348110616207122803e-02,8.764152973890304565e-02,9.413654357194900513e-02,2.768292725086212158e-01,6.186749935150146484e-01,5.751000000000000000e+03
2.244644053280353546e-02,2.154860645532608032e-02,5.682912096381187439e-02,6.281106173992156982e-02,1.656678020954132080e-01,4.795767664909362793e-01,4.064000000000000000e+03
1.479272544384002686e-02,1.064210757613182068e-02,2.434087172150611877e-02,2.179137244820594788e-02,1.093294471502304077e-01,3.535879552364349365e-01,1.728000000000000000e+03
2.955547720193862915e-02,2.702422812581062317e-02,9.243752062320709229e-02,8.846358954906463623e-02,2.231716215610504150e-01,5.571829080581665039e-01,9.627000000000000000e+03
7.084501557983458042e-04,6.302630645222961903e-04,3.095208667218685150e-04,6.672103190794587135e-04,3.999999910593032837e-02,7.305935770273208618e-02,6.570000000000000000e+02
4.225038457661867142e-03,4.371757619082927704e-03,1.004025689326226711e-03,9.052061359398066998e-04,6.947890669107437134e-02,1.604392528533935547e-01,7.012000000000000000e+03
2.730477042496204376e-02,2.629051357507705688e-02,9.043737500905990601e-02,9.655871242284774780e-02,2.267488092184066772e-01,5.479509830474853516e-01,7.101000000000000000e+03
3.910400718450546265e-02,3.989890590310096741e-02,4.406779631972312927e-02,7.730364799499511719e-02,2.606060504913330078e-01,6.192893385887145996e-01,1.970000000000000000e+02
5.151696386747062206e-04,5.117146647535264492e-04,8.470332249999046326e-04,9.374040528200566769e-04,2.618657983839511871e-02,7.299717515707015991e-02,8.151000000000000000e+03
9.489800781011581421e-03,9.412229061126708984e-03,4.800287541002035141e-03,6.751428358256816864e-03,9.670079499483108521e-02,2.517837285995483398e-01,6.307000000000000000e+03
1.200365545628301334e-06,1.330714894720586017e-06,1.777843522177136037e-06,2.221901240773149766e-06,0.000000000000000000e+00,3.946115262806415558e-03,7.349000000000000000e+03
1.367443893104791641e-02,9.263586252927780151e-03,1.336460653692483902e-02,1.355276815593242645e-02,1.000000014901161194e-01,3.127035796642303467e-01,9.210000000000000000e+02
1.349471625871956348e-03,8.807131671346724033e-04,7.951153093017637730e-04,1.099012210033833981e-03,4.255319014191627502e-02,1.015801355242729187e-01,2.215000000000000000e+03
5.359444767236709595e-02,4.094109684228897095e-02,2.242004685103893280e-02,2.493283897638320923e-02,1.759999990463256836e-01,4.584569633007049561e-01,6.740000000000000000e+02
1.297051552683115005e-02,1.378665864467620850e-02,9.864196181297302246e-03,1.087550073862075806e-02,1.096264794468879700e-01,2.988177835941314697e-01,9.812000000000000000e+03
2.302422933280467987e-02,2.075286954641342163e-02,5.484863370656967163e-02,5.493920668959617615e-02,1.913314163684844971e-01,4.991132020950317383e-01,6.766000000000000000e+03
2.528309077024459839e-02,2.364354766905307770e-02,7.517752796411514282e-02,7.246106863021850586e-02,2.239101678133010864e-01,5.431432723999023438e-01,6.490000000000000000e+03
1.152469194494187832e-03,1.449648290872573853e-03,1.784507912816479802e-04,1.248179760295897722e-04,2.255639061331748962e-02,8.563899993896484375e-02,1.518000000000000000e+03
2.283522114157676697e-02,2.235381491482257843e-02,6.021406874060630798e-02,6.598727405071258545e-02,1.892348527908325195e-01,4.890085756778717041e-01,6.869000000000000000e+03
2.575918369984719902e-05,2.754347406153101474e-05,2.044551001745276153e-05,2.119405871781054884e-05,1.818181760609149933e-02,1.661027409136295319e-02,3.251000000000000000e+03
6.633842713199555874e-04,4.853050049860030413e-04,1.026048790663480759e-03,7.713831728324294090e-04,3.184713423252105713e-02,8.046585321426391602e-02,3.778000000000000000e+03
2.312172576785087585e-02,1.884462684392929077e-02,6.293791532516479492e-02,6.242218613624572754e-02,1.884107142686843872e-01,4.778531491756439209e-01,5.012000000000000000e+03
3.078083740547299385e-03,2.533672144636511803e-03,1.855563372373580933e-03,3.094796789810061455e-03,5.319149047136306763e-02,1.484983265399932861e-01,1.798000000000000000e+03
3.837855532765388489e-02,2.815188281238079071e-02,7.811802625656127930e-02,7.708737999200820923e-02,2.000000029802322388e-01,5.705426335334777832e-01,1.290000000000000000e+03
1.040211599320173264e-02,7.371682208031415939e-03,2.028625831007957458e-02,1.743283867835998535e-02,1.257352977991104126e-01,3.271876573562622070e-01,3.634000000000000000e+03
1.059233210980892181e-02,6.691345479339361191e-03,6.443948484957218170e-03,6.868131924420595169e-03,1.299435049295425415e-01,2.825688123703002930e-01,5.450000000000000000e+02
1.572334766387939453e-02,1.582782715559005737e-02,3.586849197745323181e-02,3.900848701596260071e-02,1.302743852138519287e-01,3.927530050277709961e-01,9.604000000000000000e+03
1.624501869082450867e-02,1.346823386847972870e-02,4.132277145981788635e-02,4.081485047936439514e-02,1.559428125619888306e-01,4.155301451683044434e-01,9.092000000000000000e+03
5.833109375089406967e-03,4.822259303182363510e-03,2.670024754479527473e-03,3.784502856433391571e-03,3.571428731083869934e-02,2.061068713665008545e-01,7.860000000000000000e+02
2.753944881260395050e-02,2.793685160577297211e-02,7.100109755992889404e-02,7.988679409027099609e-02,2.500670850276947021e-01,5.618090629577636719e-01,4.975000000000000000e+03
1.034556981176137924e-02,9.932260029017925262e-03,1.147778704762458801e-02,1.627619378268718719e-02,1.041666641831398010e-01,2.860798239707946777e-01,1.954000000000000000e+03
2.920587547123432159e-02,2.694790996611118317e-02,9.212727099657058716e-02,1.051094904541969299e-01,2.526335716247558594e-01,5.800846815109252930e-01,6.849000000000000000e+03
2.493226528167724609e-02,2.169237844645977020e-02,6.175071746110916138e-02,5.469349399209022522e-02,1.729394942522048950e-01,4.744465649127960205e-01,7.318000000000000000e+03
2.420005761086940765e-02,2.548601664602756500e-02,6.017810851335525513e-02,6.659258157014846802e-02,1.842374652624130249e-01,4.875114560127258301e-01,9.809000000000000000e+03
6.050579249858856201e-03,5.255934316664934158e-03,2.286033239215612411e-03,2.366283908486366272e-03,7.290729135274887085e-02,1.937547028064727783e-01,5.316000000000000000e+03
3.038731403648853302e-03,2.736036665737628937e-03,2.672458766028285027e-03,3.669313155114650726e-03,4.513888806104660034e-02,1.442055553197860718e-01,1.907000000000000000e+03
2.186575159430503845e-02,2.131309174001216888e-02,6.889514625072479248e-02,7.338496297597885132e-02,1.831217706203460693e-01,4.945211410522460938e-01,7.027000000000000000e+03
1.178117748349905014e-02,1.118211261928081512e-02,2.763667143881320953e-03,2.687338041141629219e-03,1.084210500121116638e-01,2.625135481357574463e-01,6.453000000000000000e+03
1.511175069026648998e-03,1.246523344889283180e-03,1.781863742507994175e-03,3.401994239538908005e-03,3.468208014965057373e-02,1.243484765291213989e-01,1.343000000000000000e+03
7.938224822282791138e-03,7.154528517276048660e-03,1.659696362912654877e-02,1.481359358876943588e-02,1.030422002077102661e-01,2.751906812191009521e-01,9.964000000000000000e+03
6.044447887688875198e-03,3.369299462065100670e-03,4.355548880994319916e-03,9.629036299884319305e-03,7.194244861602783203e-02,1.991765350103378296e-01,1.943000000000000000e+03
2.059010416269302368e-02,2.198214642703533173e-02,2.057499438524246216e-02,2.228502742946147919e-02,1.211330592632293701e-01,3.824817538261413574e-01,6.165000000000000000e+03
5.741294939070940018e-03,6.028708536177873611e-03,9.852556511759757996e-03,1.189368963241577148e-02,8.313725143671035767e-02,2.429848313331604004e-01,4.811000000000000000e+03
4.339877516031265259e-03,4.505825228989124298e-03,8.034717291593551636e-03,8.549633435904979706e-03,9.134157747030258179e-02,2.216034382581710815e-01,8.619000000000000000e+03
2.142267674207687378e-02,2.122836001217365265e-02,6.282005459070205688e-02,6.594365090131759644e-02,1.958642154932022095e-01,4.983677864074707031e-01,8.271000000000000000e+03
1.248101943929214031e-05,1.114774750021751970e-05,3.737754468602361158e-06,7.274221388797741383e-06,0.000000000000000000e+00,7.682659197598695755e-03,6.378000000000000000e+03
1.467659883201122284e-02,1.045391988009214401e-02,2.657137438654899597e-02,2.273431420326232910e-02,1.570048332214355469e-01,3.728632330894470215e-01,9.360000000000000000e+02
3.376654349267482758e-03,2.988162217661738396e-03,3.707999363541603088e-03,3.696096595376729965e-03,6.505294889211654663e-02,1.587872505187988281e-01,3.892000000000000000e+03
1.910587400197982788e-02,1.993409171700477600e-02,4.993955790996551514e-02,5.114941298961639404e-02,1.919877380132675171e-01,4.635770022869110107e-01,7.962000000000000000e+03
4.672064911574125290e-03,4.347892943769693375e-03,1.494770869612693787e-03,1.506698201410472393e-03,6.501726061105728149e-02,1.675430387258529663e-01,9.699000000000000000e+03
2.423786371946334839e-02,2.507187612354755402e-02,5.841082707047462463e-02,6.245436891913414001e-02,2.422938048839569092e-01,5.522720217704772949e-01,9.881000000000000000e+03
3.809803724288940430e-02,3.635409474372863770e-02,1.313693076372146606e-01,1.305751502513885498e-01,2.746034264564514160e-01,6.541666388511657715e-01,7.200000000000000000e+03
1.595583185553550720e-02,1.527562458068132401e-02,3.718440979719161987e-02,3.922439366579055786e-02,1.500904113054275513e-01,3.923205435276031494e-01,2.396000000000000000e+03
2.453896403312683105e-02,2.184293977916240692e-02,5.696071311831474304e-02,5.453588441014289856e-02,1.945307701826095581e-01,4.861215353012084961e-01,7.998000000000000000e+03
9.186104871332645416e-04,7.396491128019988537e-04,1.742948195897042751e-03,1.612953725270926952e-03,2.797202765941619873e-02,9.226684272289276123e-02,9.039000000000000000e+03
1.498154643923044205e-02,1.066640391945838928e-02,1.856095902621746063e-02,3.418517112731933594e-02,1.612903177738189697e-01,3.376623392105102539e-01,3.080000000000000000e+02
2.788020938169211149e-04,1.901809882838279009e-04,3.219339123461395502e-04,2.841861860360950232e-04,1.342281885445117950e-02,5.246252566576004028e-02,5.604000000000000000e+03
4.858487751334905624e-03,4.222885239869356155e-03,1.198275387287139893e-02,9.835788048803806305e-03,7.571560144424438477e-02,2.311244457960128784e-01,8.662000000000000000e+03
3.373230108991265297e-03,3.099588444456458092e-03,7.384427357465028763e-03,8.503469638526439667e-03,5.725698918104171753e-02,1.816549003124237061e-01,7.795000000000000000e+03
1.420999504625797272e-02,1.417701691389083862e-02,3.760463744401931763e-02,4.102493450045585632e-02,1.495303362607955933e-01,3.980040252208709717e-01,8.417000000000000000e+03
8.024199865758419037e-03,7.894552312791347504e-03,4.580642562359571457e-03,4.942922387272119522e-03,6.358381360769271851e-02,2.220394760370254517e-01,3.648000000000000000e+03
1.118060667067766190e-02,9.592159651219844818e-03,2.089177817106246948e-02,2.039979584515094757e-02,1.330049186944961548e-01,3.277467489242553711e-01,1.611000000000000000e+03
4.244564473628997803e-02,1.987897790968418121e-02,5.909734964370727539e-02,9.073268622159957886e-02,2.195845693349838257e-01,5.389344096183776855e-01,4.880000000000000000e+02
1.348006166517734528e-02,1.191927958279848099e-02,2.543770708143711090e-02,2.660595811903476715e-02,1.019322350621223450e-01,3.309939205646514893e-01,9.689000000000000000e+03
1.249369001016020775e-03,1.422380562871694565e-03,1.514555886387825012e-03,1.688764896243810654e-03,2.864259108901023865e-02,1.041944995522499084e-01,7.486000000000000000e+03
4.612047597765922546e-02,4.329734295606613159e-02,1.221425831317901611e-01,1.405594348907470703e-01,3.623079657554626465e-01,7.438811063766479492e-01,2.288000000000000000e+03
8.604709059000015259e-03,7.603615988045930862e-03,1.823598518967628479e-02,1.974789425730705261e-02,1.067961156368255615e-01,2.821420133113861084e-01,8.478000000000000000e+03
1.503472775220870972e-02,1.418719999492168427e-02,2.720239944756031036e-02,2.604535780847072601e-02,1.360209733247756958e-01,3.667733371257781982e-01,7.187000000000000000e+03
3.545602038502693176e-02,2.776852063834667206e-02,1.001582369208335876e-01,8.831539005041122437e-02,2.747994959354400635e-01,6.125869154930114746e-01,5.609000000000000000e+03
1.250572875142097473e-02,1.426965184509754181e-02,2.034263312816619873e-02,2.601830661296844482e-02,1.153846159577369690e-01,3.189333379268646240e-01,7.500000000000000000e+03
1.394410803914070129e-02,1.477553695440292358e-02,1.713647320866584778e-02,2.076623402535915375e-02,1.262534111738204956e-01,3.355504870414733887e-01,5.713000000000000000e+03
2.102615870535373688e-02,2.226752042770385742e-02,5.361447855830192566e-02,6.443495303392410278e-02,2.096282690763473511e-01,5.053575038909912109e-01,5.133000000000000000e+03
1.103268377482891083e-02,1.108910515904426575e-02,2.567023411393165588e-02,2.599222958087921143e-02,1.312169283628463745e-01,3.519451320171356201e-01,9.331000000000000000e+03
1.533954637125134468e-03,1.482923515141010284e-03,4.132862668484449387e-04,3.761443076655268669e-04,3.990610316395759583e-02,9.679327905178070068e-02,8.451000000000000000e+03
3.769997507333755493e-02,2.308102883398532867e-02,4.216748848557472229e-02,5.961425974965095520e-02,1.780821979045867920e-01,5.128205418586730957e-01,1.170000000000000000e+02
2.568402513861656189e-02,2.427675575017929077e-02,7.741440087556838989e-02,8.419767022132873535e-02,2.429629564285278320e-01,5.506465435028076172e-01,2.784000000000000000e+03
3.409761935472488403e-02,3.448404744267463684e-02,1.054821610450744629e-01,1.123432368040084839e-01,2.874098122119903564e-01,6.354015469551086426e-01,4.819000000000000000e+03
1.300747389905154705e-03,9.957299334928393364e-04,2.090350724756717682e-03,2.570031676441431046e-03,6.280193477869033813e-02,1.035771518945693970e-01,1.873000000000000000e+03
4.828927107155323029e-03,4.718746524304151535e-03,8.550229482352733612e-03,9.548098780214786530e-03,6.734578311443328857e-02,2.134991586208343506e-01,7.719000000000000000e+03
2.162774326279759407e-03,2.271596109494566917e-03,5.309547414071857929e-04,6.438913987949490547e-04,3.340292349457740784e-02,1.168454289436340332e-01,7.925000000000000000e+03
3.593631461262702942e-02,3.056568093597888947e-02,1.228875517845153809e-01,1.317270994186401367e-01,2.688598930835723877e-01,6.329486966133117676e-01,4.073000000000000000e+03
3.989858180284500122e-02,3.106381557881832123e-02,1.159304380416870117e-01,1.268775314092636108e-01,2.736966907978057861e-01,6.375455260276794434e-01,1.923000000000000000e+03
1.868039555847644806e-02,1.806079782545566559e-02,2.275113016366958618e-02,2.151410467922687531e-02,1.340861022472381592e-01,3.669807016849517822e-01,6.687000000000000000e+03
5.036997608840465546e-04,4.841841873712837696e-04,8.364598033949732780e-04,9.246176341548562050e-04,2.469135820865631104e-02,7.086791098117828369e-02,8.918000000000000000e+03
8.953522890806198120e-03,6.594860926270484924e-03,1.228702906519174576e-02,1.313404180109500885e-02,1.070780381560325623e-01,2.756302654743194580e-01,1.785000000000000000e+03
3.004482248798012733e-03,2.704955637454986572e-03,4.733663517981767654e-03,4.843051079660654068e-03,7.497181743383407593e-02,1.885123550891876221e-01,8.705000000000000000e+03
1.729100197553634644e-02,1.641566678881645203e-02,3.414638340473175049e-02,3.340198099613189697e-02,1.461434364318847656e-01,3.967306017875671387e-01,9.543000000000000000e+03
2.119742748618591577e-05,2.128189225913956761e-05,3.091845883318455890e-06,3.986764113506069407e-06,0.000000000000000000e+00,1.098191179335117340e-02,9.288000000000000000e+03
2.568351291120052338e-02,1.758433692157268524e-02,6.132850795984268188e-02,8.388672024011611938e-02,1.768990606069564819e-01,4.840881228446960449e-01,1.634000000000000000e+03
2.258188789710402489e-03,2.143247751519083977e-03,3.438095329329371452e-03,3.298788797110319138e-03,6.370192021131515503e-02,1.667201668024063110e-01,9.345000000000000000e+03
1.956545514985918999e-03,1.788019319064915180e-03,2.356343669816851616e-03,3.828197950497269630e-03,4.601227119565010071e-02,1.270424872636795044e-01,2.448000000000000000e+03
3.460608422756195068e-03,2.767780562862753868e-03,6.210360210388898849e-03,4.248070064932107925e-03,5.084745585918426514e-02,1.662425845861434937e-01,2.358000000000000000e+03
1.668454147875308990e-02,1.676269248127937317e-02,4.691597446799278259e-02,4.773353412747383118e-02,1.962025314569473267e-01,4.548036456108093262e-01,8.098000000000000000e+03
1.475658733397722244e-02,1.065071858465671539e-02,8.811349049210548401e-03,1.365777105093002319e-02,1.390728503465652466e-01,3.333333432674407959e-01,3.900000000000000000e+02
1.003173366189002991e-02,9.243248961865901947e-03,2.169926650822162628e-03,2.275599865242838860e-03,8.169014006853103638e-02,2.474383264780044556e-01,2.635000000000000000e+03
1.735171861946582794e-02,1.808407530188560486e-02,3.132122382521629333e-02,3.885057941079139709e-02,1.540342271327972412e-01,3.962519466876983643e-01,9.605000000000000000e+03
4.395570140331983566e-03,3.957950510084629059e-03,8.077453821897506714e-03,8.094978518784046173e-03,8.236151933670043945e-02,2.132091522216796875e-01,5.905000000000000000e+03
2.412461035419255495e-04,2.425998827675357461e-04,2.760497154667973518e-04,3.163329383824020624e-04,1.342281885445117950e-02,4.472616687417030334e-02,9.860000000000000000e+03
1.164613477885723114e-02,1.229749433696269989e-02,1.574416086077690125e-02,1.819503493607044220e-02,1.090163961052894592e-01,3.067588508129119873e-01,7.087000000000000000e+03
1.658898033201694489e-02,1.551571860909461975e-02,3.555840998888015747e-02,3.349995240569114685e-02,1.258087754249572754e-01,3.962202668190002441e-01,3.069000000000000000e+03
1.890354603528976440e-02,1.738746277987957001e-02,2.935193106532096863e-02,2.794783562421798706e-02,1.297330856323242188e-01,3.898234367370605469e-01,7.193000000000000000e+03
4.707480221986770630e-02,3.980152308940887451e-02,1.384537369012832642e-01,1.555760800838470459e-01,3.090047538280487061e-01,6.929658055305480957e-01,1.052000000000000000e+03
2.223093435168266296e-02,1.960713043808937073e-02,5.483084544539451599e-02,6.542184948921203613e-02,1.655172407627105713e-01,4.738019704818725586e-01,5.363000000000000000e+03
3.262399882078170776e-02,2.315467596054077148e-02,3.200958296656608582e-02,5.334719642996788025e-02,1.787878721952438354e-01,4.729493856430053711e-01,1.146000000000000000e+03
2.448092214763164520e-03,2.451676409691572189e-03,3.237170865759253502e-03,3.760877065360546112e-03,4.545454680919647217e-02,1.668970286846160889e-01,2.894000000000000000e+03
7.086713332682847977e-03,5.187698174268007278e-03,1.491383463144302368e-02,1.190555840730667114e-02,7.660166919231414795e-02,2.491544485092163086e-01,5.322000000000000000e+03
7.065454963594675064e-03,5.916964728385210037e-03,4.291845485568046570e-03,8.850289508700370789e-03,5.970149114727973938e-02,2.025723457336425781e-01,3.110000000000000000e+02
5.099753034301102161e-04,4.378288285806775093e-04,6.633997545577585697e-04,4.945401451550424099e-04,1.305483002215623856e-02,6.508264690637588501e-02,5.808000000000000000e+03
1.037705782800912857e-02,9.824475273489952087e-03,1.866928301751613617e-02,2.338062040507793427e-02,1.102088168263435364e-01,3.291845619678497314e-01,2.330000000000000000e+03
1.541330572217702866e-02,1.730994880199432373e-02,9.257921017706394196e-03,1.032198872417211533e-02,1.067615672945976257e-01,3.213828504085540771e-01,7.810000000000000000e+02
5.832938477396965027e-03,5.764616653323173523e-03,3.617505542933940887e-03,3.444364061579108238e-03,7.383419573307037354e-02,2.033850103616714478e-01,7.031000000000000000e+03
6.864719558507204056e-03,6.600190885365009308e-03,1.169780455529689789e-02,1.184827368706464767e-02,8.418194204568862915e-02,2.476592659950256348e-01,5.447000000000000000e+03
3.140338929370045662e-03,3.214369993656873703e-03,2.812955994158983231e-03,3.051806008443236351e-03,5.157401040196418762e-02,1.526190936565399170e-01,9.278000000000000000e+03
3.300602780655026436e-03,3.784305648878216743e-03,2.844131086021661758e-03,6.367675960063934326e-03,3.976143151521682739e-02,1.531388759613037109e-01,3.154000000000000000e+03
1.415292918682098389e-02,1.162805501371622086e-02,3.861391544342041016e-02,3.302106633782386780e-02,1.429712474346160889e-01,3.750436902046203613e-01,2.861000000000000000e+03
2.634074725210666656e-02,2.019929327070713043e-02,4.809015989303588867e-02,3.012668527662754059e-02,1.618749946355819702e-01,4.424282312393188477e-01,6.062000000000000000e+03
9.337354276794940233e-05,1.019542905851267278e-04,1.524327090010046959e-04,2.705675724428147078e-04,1.351351384073495865e-02,2.905472554266452789e-02,5.025000000000000000e+03
9.522758424282073975e-03,8.839598856866359711e-03,2.096118219196796417e-02,2.147078514099121094e-02,1.012091338634490967e-01,3.041369915008544922e-01,6.599000000000000000e+03
1.302553899586200714e-02,1.137131545692682266e-02,2.317948825657367706e-02,2.659528329968452454e-02,1.763470917940139771e-01,3.956302404403686523e-01,5.950000000000000000e+03
2.427315153181552887e-02,2.257574722170829773e-02,6.511067599058151245e-02,9.581092000007629395e-02,1.750380545854568481e-01,5.226615071296691895e-01,1.037000000000000000e+03
5.081121344119310379e-03,3.979167435318231583e-03,1.326706446707248688e-02,9.634471498429775238e-03,9.964829683303833008e-02,2.258159369230270386e-01,3.401000000000000000e+03
7.982865907251834869e-03,6.859949789941310883e-03,1.318358443677425385e-02,1.165290921926498413e-02,1.007972657680511475e-01,2.720537483692169189e-01,5.804000000000000000e+03
5.924407858401536942e-03,5.612983833998441696e-03,8.531860075891017914e-04,8.436671341769397259e-04,6.512605398893356323e-02,1.865046173334121704e-01,9.544000000000000000e+03
4.757022179546765983e-05,4.254014856996946037e-05,7.495596219087019563e-05,7.148665463319048285e-05,9.803921915590763092e-03,2.196607179939746857e-02,4.598000000000000000e+03
8.225581259466707706e-04,5.787198315374553204e-04,3.945603675674647093e-04,2.797473862301558256e-04,8.298755623400211334e-03,6.598564237356185913e-02,3.622000000000000000e+03
1.836780831217765808e-02,1.888962276279926300e-02,3.394138813018798828e-02,3.191318362951278687e-02,1.582058370113372803e-01,4.088145792484283447e-01,5.922000000000000000e+03
1.010446809232234955e-02,8.410827256739139557e-03,1.520891208201646805e-02,2.545441314578056335e-02,1.161048710346221924e-01,3.193504810333251953e-01,1.478000000000000000e+03
5.202109459787607193e-03,5.655559711158275604e-03,8.874760242179036140e-04,5.993677186779677868e-04,7.311321049928665161e-02,1.828757524490356445e-01,2.149000000000000000e+03
2.280417829751968384e-02,2.002235874533653259e-02,4.096603393554687500e-02,4.598727449774742126e-02,1.977124214172363281e-01,4.567441940307617188e-01,1.075000000000000000e+03
2.565856266301125288e-04,2.620787709020078182e-04,4.139119409956037998e-04,4.493227170314639807e-04,1.886792480945587158e-02,5.174701288342475891e-02,9.044000000000000000e+03
1.285180915147066116e-02,1.139695476740598679e-02,8.448891341686248779e-03,7.647695951163768768e-03,9.122806787490844727e-02,2.843810021877288818e-01,3.643000000000000000e+03
1.522668867437459994e-06,1.081148397474862577e-07,1.712564426270546392e-06,3.019824248440272640e-07,0.000000000000000000e+00,2.526233904063701630e-03,5.146000000000000000e+03
2.872013673186302185e-02,2.653802186250686646e-02,8.159643411636352539e-02,8.313171565532684326e-02,2.242660075426101685e-01,5.472922325134277344e-01,8.014000000000000000e+03
5.080123897641897202e-03,5.023930221796035767e-03,9.901498444378376007e-03,1.145813986659049988e-02,8.470846712589263916e-02,2.494752556085586548e-01,3.335000000000000000e+03
1.656378663028590381e-05,1.740113111736718565e-05,3.245830885134637356e-05,2.611196578072849661e-05,0.000000000000000000e+00,1.419558376073837280e-02,5.072000000000000000e+03
1.579438894987106323e-02,1.503780484199523926e-02,2.339863218367099762e-02,2.225862443447113037e-02,1.232385337352752686e-01,3.475170135498046875e-01,9.847000000000000000e+03
1.294247340410947800e-02,1.015805359929800034e-02,2.025248855352401733e-02,2.428992465138435364e-02,1.136044859886169434e-01,3.442265689373016357e-01,1.836000000000000000e+03
2.091178297996520996e-02,2.119456045329570770e-02,5.247018113732337952e-02,5.589104816317558289e-02,1.613936722278594971e-01,4.480581879615783691e-01,9.347000000000000000e+03
1.635965518653392792e-02,1.663059182465076447e-02,1.283238921314477921e-02,1.334092859178781509e-02,1.254813820123672485e-01,3.269346058368682861e-01,8.335000000000000000e+03
1.054701581597328186e-02,9.693112224340438843e-03,2.015313133597373962e-02,2.021378651261329651e-02,1.186076477169990540e-01,3.214733600616455078e-01,6.380000000000000000e+03
3.298418596386909485e-02,2.915154956281185150e-02,9.026701003313064575e-02,1.017025411128997803e-01,2.758775949478149414e-01,6.113221645355224609e-01,2.632000000000000000e+03
1.345509290695190430e-02,1.406761258840560913e-02,4.734975285828113556e-03,4.916818812489509583e-03,1.177944839000701904e-01,2.877697944641113281e-01,6.116000000000000000e+03
4.474645480513572693e-03,4.559342283755540848e-03,7.034842856228351593e-03,8.399075828492641449e-03,7.608695328235626221e-02,2.095316350460052490e-01,2.434000000000000000e+03
7.942631782498210669e-05,8.154752867994830012e-05,7.984030526131391525e-05,1.720803556963801384e-04,1.030927803367376328e-02,2.462169714272022247e-02,3.899000000000000000e+03
2.611898817121982574e-03,1.293475856073200703e-03,4.177356138825416565e-03,2.880542771890759468e-03,5.769230797886848450e-02,1.590909063816070557e-01,1.848000000000000000e+03
3.441820293664932251e-02,2.835194952785968781e-02,3.872735425829887390e-02,4.504724591970443726e-02,1.792890280485153198e-01,5.363636612892150879e-01,9.900000000000000000e+02
6.025334354490041733e-03,5.869688000530004501e-03,2.183321863412857056e-03,2.425186103209853172e-03,6.634747236967086792e-02,1.949443072080612183e-01,7.002000000000000000e+03
2.355460310354828835e-03,2.542889909818768501e-03,1.946290256455540657e-03,2.126937266439199448e-03,3.801843151450157166e-02,1.287189722061157227e-01,6.487000000000000000e+03
1.599718583747744560e-03,1.548434025608003139e-03,1.243810838786885142e-04,1.219262921949848533e-04,3.174603357911109924e-02,9.431774169206619263e-02,2.587000000000000000e+03
5.915243178606033325e-03,5.928300786763429642e-03,1.054726168513298035e-02,1.059957314282655716e-02,8.088851720094680786e-02,2.288427352905273438e-01,9.583000000000000000e+03
1.763539947569370270e-02,1.845556125044822693e-02,5.532550066709518433e-02,5.570580810308456421e-02,1.650432944297790527e-01,4.493302404880523682e-01,6.868000000000000000e+03
1.649238727986812592e-02,1.140485983341932297e-02,3.100475668907165527e-02,2.407368458807468414e-02,1.160377338528633118e-01,3.709422051906585693e-01,2.526000000000000000e+03
8.512118947692215443e-04,8.191202650777995586e-04,1.411868026480078697e-03,1.549999928101897240e-03,4.025764763355255127e-02,1.000335663557052612e-01,5.958000000000000000e+03
3.196096513420343399e-04,1.530026784166693687e-04,3.575770533643662930e-04,6.382299470715224743e-04,0.000000000000000000e+00,4.641350358724594116e-02,4.740000000000000000e+02
3.149114549160003662e-03,2.461707917973399162e-03,5.339904688298702240e-03,3.979513421654701233e-03,6.798418611288070679e-02,1.830461174249649048e-01,6.441000000000000000e+03
1.227383874356746674e-02,1.196805573999881744e-02,2.363330870866775513e-02,2.144570276141166687e-02,1.315445005893707275e-01,3.359493613243103027e-01,3.950000000000000000e+03
2.444434165954589844e-02,2.182957902550697327e-02,7.042374461889266968e-02,6.523462384939193726e-02,2.223193496465682983e-01,5.256006121635437012e-01,5.078000000000000000e+03
4.086289554834365845e-02,3.172297775745391846e-02,8.286675065755844116e-02,8.744544535875320435e-02,2.066666632890701294e-01,5.680190920829772949e-01,1.257000000000000000e+03
9.031175635755062103e-03,8.179294876754283905e-03,1.177429966628551483e-02,1.021571643650531769e-02,9.240246564149856567e-02,2.626262605190277100e-01,6.732000000000000000e+03
3.875042870640754700e-02,3.491637855768203735e-02,1.323470622301101685e-01,1.179964020848274231e-01,3.149873018264770508e-01,6.801176667213439941e-01,4.758000000000000000e+03
7.194900419563055038e-03,7.883678190410137177e-03,1.364229479804635048e-03,1.538322772830724716e-03,7.250268757343292236e-02,2.103788554668426514e-01,8.209000000000000000e+03
4.375660419464111328e-02,3.616905957460403442e-02,6.268863379955291748e-02,1.031430959701538086e-01,2.463768124580383301e-01,6.688103079795837402e-01,3.110000000000000000e+02
9.948503226041793823e-03,1.014363300055265427e-02,2.148772357031702995e-03,1.995946513488888741e-03,9.101991355419158936e-02,2.458511888980865479e-01,9.099000000000000000e+03
8.992375805974006653e-03,7.564676459878683090e-03,1.571471802890300751e-02,1.609934680163860321e-02,9.695512801408767700e-02,2.847397625446319580e-01,3.958000000000000000e+03
2.384417504072189331e-02,2.327371388673782349e-02,6.492336094379425049e-02,7.910547405481338501e-02,1.846344470977783203e-01,4.901912212371826172e-01,4.027000000000000000e+03
2.203926257789134979e-02,2.267608605325222015e-02,2.437689527869224548e-02,2.346012555062770844e-02,1.473889648914337158e-01,3.977686762809753418e-01,4.392000000000000000e+03
1.326762139797210693e-02,1.351946778595447540e-02,2.707746997475624084e-02,3.772782534360885620e-02,1.278758645057678223e-01,3.621417582035064697e-01,4.501000000000000000e+03
3.558854805305600166e-04,2.969680353999137878e-04,4.375347052700817585e-04,5.071206251159310341e-04,2.666666731238365173e-02,6.103678792715072632e-02,2.392000000000000000e+03
3.630383685231208801e-02,3.547525778412818909e-02,1.287390291690826416e-01,1.236701086163520813e-01,3.059701621532440186e-01,6.619678735733032227e-01,7.165000000000000000e+03
5.353900487534701824e-04,4.849321267101913691e-04,1.015194808132946491e-03,1.126470044255256653e-03,2.714932151138782501e-02,7.849580049514770508e-02,5.478000000000000000e+03
2.749802544713020325e-02,2.767236158251762390e-02,7.663818448781967163e-02,8.188679814338684082e-02,2.481673806905746460e-01,5.747810602188110352e-01,8.565000000000000000e+03
4.046113789081573486e-02,3.760240226984024048e-02,1.502627730369567871e-01,1.357299387454986572e-01,3.286786675453186035e-01,6.924268007278442383e-01,6.457000000000000000e+03
1.998516172170639038e-02,2.231813408434391022e-02,6.841640919446945190e-03,1.223274134099483490e-02,1.304347813129425049e-01,3.375527560710906982e-01,4.740000000000000000e+02
5.142294336110353470e-03,4.973698407411575317e-03,8.061363361775875092e-03,1.544192153960466385e-02,8.939974755048751831e-02,2.281599938869476318e-01,3.125000000000000000e+03
6.566335796378552914e-04,7.009116234257817268e-04,6.235063774511218071e-04,7.046238752081990242e-04,2.212389372289180756e-02,6.958438456058502197e-02,3.176000000000000000e+03
5.382547155022621155e-03,4.994530696421861649e-03,7.607688661664724350e-03,7.519122213125228882e-03,9.975668787956237793e-02,2.385557740926742554e-01,1.551000000000000000e+03
1.777763478457927704e-02,1.834985241293907166e-02,3.984192758798599243e-02,3.877126798033714294e-02,1.360485255718231201e-01,4.007637500762939453e-01,9.951000000000000000e+03
1.703133340924978256e-03,1.619618036784231663e-03,3.280882956460118294e-03,3.292019944638013840e-03,4.935622215270996094e-02,1.330929845571517944e-01,6.657000000000000000e+03
2.006216440349817276e-03,1.708408002741634846e-03,5.164981703273952007e-04,2.892177144531160593e-04,3.680981695652008057e-02,1.105633825063705444e-01,1.420000000000000000e+03
5.731732770800590515e-02,4.743654653429985046e-02,1.491938829421997070e-01,1.497030556201934814e-01,2.729970216751098633e-01,7.163742780685424805e-01,1.026000000000000000e+03
1.761415973305702209e-02,1.870688423514366150e-02,4.490622133016586304e-02,4.861478880047798157e-02,1.879354566335678101e-01,4.529556035995483398e-01,9.778000000000000000e+03
2.088213711977005005e-02,2.013771049678325653e-02,5.249813571572303772e-02,5.921206250786781311e-02,1.986390948295593262e-01,4.891373813152313232e-01,6.260000000000000000e+03
1.561793219298124313e-02,1.314426306635141373e-02,3.548316285014152527e-02,3.273583948612213135e-02,1.503325998783111572e-01,4.000000059604644775e-01,4.790000000000000000e+03
1.733946613967418671e-02,1.350340154021978378e-02,5.420036613941192627e-02,4.291472956538200378e-02,1.963126510381698608e-01,4.514293968677520752e-01,6.856000000000000000e+03
1.780783059075474739e-03,1.555107883177697659e-03,2.969707828015089035e-03,2.791442209854722023e-03,4.587869346141815186e-02,1.323339045047760010e-01,9.272000000000000000e+03
1.199831441044807434e-02,1.123042032122612000e-02,2.238192223012447357e-02,2.857250533998012543e-02,1.666666716337203979e-01,3.711790442466735840e-01,2.061000000000000000e+03
2.973813004791736603e-02,2.861131727695465088e-02,8.069503307342529297e-02,7.958436757326126099e-02,2.286143004894256592e-01,5.606592893600463867e-01,8.251000000000000000e+03
3.601838275790214539e-02,3.649163246154785156e-02,1.035493463277816772e-01,1.164336949586868286e-01,3.115934133529663086e-01,6.632881760597229004e-01,9.373000000000000000e+03
1.983371563255786896e-02,2.252281829714775085e-02,1.522123906761407852e-02,1.929824613034725189e-02,1.830985844135284424e-01,3.841059505939483643e-01,1.510000000000000000e+02
3.744079172611236572e-02,3.610885143280029297e-02,1.205630674958229065e-01,1.414619982242584229e-01,2.980062961578369141e-01,6.552399396896362305e-01,4.084000000000000000e+03
3.083317168056964874e-02,1.858398318290710449e-02,4.670519381761550903e-02,4.819189012050628662e-02,2.341920435428619385e-01,4.947049915790557861e-01,6.610000000000000000e+02
8.100635372102260590e-03,8.229802362620830536e-03,1.262503396719694138e-02,1.886318624019622803e-02,1.101123616099357605e-01,2.890510857105255127e-01,1.370000000000000000e+03
6.479200441390275955e-03,5.580569151788949966e-03,1.158083230257034302e-02,1.161369867622852325e-02,1.138461530208587646e-01,2.754926383495330811e-01,5.227000000000000000e+03
2.567087765783071518e-03,2.162191318348050117e-03,3.753250697627663612e-03,3.927507437765598297e-03,6.344950944185256958e-02,1.645987182855606079e-01,6.367000000000000000e+03
1.061195880174636841e-02,1.000085566192865372e-02,1.783205755054950714e-02,1.773642748594284058e-02,1.082049459218978882e-01,3.214101195335388184e-01,7.744000000000000000e+03
5.617115180939435959e-03,4.631676245480775833e-03,1.264986582100391388e-02,1.128940004855394363e-02,7.942543178796768188e-02,2.353131771087646484e-01,9.260000000000000000e+03
2.465463802218437195e-02,2.385149337351322174e-02,6.369885057210922241e-02,5.749201774597167969e-02,1.710631549358367920e-01,4.883446991443634033e-01,4.247000000000000000e+03
5.282892286777496338e-02,3.671820089221000671e-02,4.568586498498916626e-02,4.454317688941955566e-02,2.488479316234588623e-01,6.174242496490478516e-01,2.640000000000000000e+02
1.571307145059108734e-02,1.437500305473804474e-02,1.210751570761203766e-02,1.265642046928405762e-02,1.095471233129501343e-01,3.204845786094665527e-01,4.540000000000000000e+03
8.758055977523326874e-03,8.498549461364746094e-03,7.146126125007867813e-03,7.019718177616596222e-03,9.439124166965484619e-02,2.454275786876678467e-01,8.092000000000000000e+03
3.966593649238348007e-04,4.308124771341681480e-04,4.873737634625285864e-04,6.383629515767097473e-04,1.845018379390239716e-02,6.426673382520675659e-02,4.139000000000000000e+03
1.706706732511520386e-02,1.575447060167789459e-02,1.411169767379760742e-02,1.254997961223125458e-02,1.406091302633285522e-01,3.526348769664764404e-01,4.801000000000000000e+03
1.678824238479137421e-02,1.466888841241598129e-02,2.974322997033596039e-03,4.019495099782943726e-03,9.104938060045242310e-02,2.735717594623565674e-01,2.153000000000000000e+03
1.077756460290402174e-04,1.146814247476868331e-04,1.585979480296373367e-04,1.912045845529064536e-04,2.439024299383163452e-02,3.058688528835773468e-02,5.231000000000000000e+03
3.844634647975908592e-06,9.916298040479887277e-07,1.256577093045052607e-06,0.000000000000000000e+00,0.000000000000000000e+00,5.603810772299766541e-03,3.569000000000000000e+03
4.169245716184377670e-03,3.201131708920001984e-03,6.129930727183818817e-03,4.869361873716115952e-03,6.082725152373313904e-02,1.909001022577285767e-01,2.022000000000000000e+03
4.331796430051326752e-03,4.115697462111711502e-03,1.410275697708129883e-03,1.526535605080425739e-03,5.640243738889694214e-02,1.644964069128036499e-01,3.763000000000000000e+03
7.939937524497509003e-03,8.040882647037506104e-03,7.000446785241365433e-03,6.928782910108566284e-03,8.236208558082580566e-02,2.368632107973098755e-01,4.986000000000000000e+03
1.983536593616008759e-02,1.563275605440139771e-02,4.899264872074127197e-02,4.238496348261833191e-02,1.317175924777984619e-01,4.298382997512817383e-01,1.917000000000000000e+03
2.636375464498996735e-02,2.333131618797779083e-02,7.481314241886138916e-02,7.905478030443191528e-02,2.667359709739685059e-01,5.711740851402282715e-01,6.175000000000000000e+03
2.625959739089012146e-02,2.872266806662082672e-02,6.124794855713844299e-02,7.070148736238479614e-02,1.950394660234451294e-01,5.128082633018493652e-01,4.177000000000000000e+03
1.404026756063103676e-03,1.085012918338179588e-03,1.394223538227379322e-03,2.064371947199106216e-03,3.928571566939353943e-02,1.204118207097053528e-01,2.234000000000000000e+03
3.172790165990591049e-03,2.727151848375797272e-03,6.545510143041610718e-03,6.233015097677707672e-03,6.195715069770812988e-02,1.760104298591613770e-01,9.204000000000000000e+03
7.149059325456619263e-03,6.944548338651657104e-03,7.505912333726882935e-03,1.284226309508085251e-02,8.387096971273422241e-02,2.577132582664489746e-01,1.102000000000000000e+03
3.027220629155635834e-02,3.042075596749782562e-02,8.443110436201095581e-02,1.047115996479988098e-01,2.223605513572692871e-01,5.643296241760253906e-01,5.534000000000000000e+03
6.046751514077186584e-03,6.422185339033603668e-03,8.755816146731376648e-03,1.031098887324333191e-02,7.730496674776077271e-02,2.280855476856231689e-01,5.704000000000000000e+03
2.262929081916809082e-02,1.656397245824337006e-02,6.032252684235572815e-02,5.787175893783569336e-02,2.022058814764022827e-01,4.865470826625823975e-01,2.676000000000000000e+03
3.568810224533081055e-02,3.629112988710403442e-02,9.321678429841995239e-02,1.151238605380058289e-01,2.831000983715057373e-01,6.195349097251892090e-01,3.225000000000000000e+03
1.716095581650733948e-02,1.720003224909305573e-02,3.742224723100662231e-02,3.807005658745765686e-02,1.617245376110076904e-01,4.340403974056243896e-01,9.900000000000000000e+03
2.873622812330722809e-02,2.436111867427825928e-02,7.571493834257125854e-02,7.857125997543334961e-02,2.421128153800964355e-01,5.555360913276672363e-01,5.708000000000000000e+03
2.022474445402622223e-02,1.358285453170537949e-02,3.600166365504264832e-02,3.159479051828384399e-02,1.651542633771896362e-01,4.466019272804260254e-01,1.030000000000000000e+03
2.728517912328243256e-02,2.764052338898181915e-02,8.774236589670181274e-02,1.007180884480476379e-01,2.350387573242187500e-01,5.429137349128723145e-01,4.544000000000000000e+03
4.207037389278411865e-03,4.006308969110250473e-03,1.290257438085973263e-03,1.038227230310440063e-03,4.376163706183433533e-02,1.673183441162109375e-01,6.138000000000000000e+03
1.407808251678943634e-02,1.227957010269165039e-02,2.350664511322975159e-02,2.649426832795143127e-02,1.068493127822875977e-01,3.547334074974060059e-01,9.190000000000000000e+02
5.374953616410493851e-03,4.753001499921083450e-03,8.790193125605583191e-03,9.297984652221202850e-03,9.829764068126678467e-02,2.479613423347473145e-01,6.622000000000000000e+03
8.970650844275951385e-03,5.261562764644622803e-03,1.803128421306610107e-02,1.150168012827634811e-02,8.779443055391311646e-02,2.700475454330444336e-01,3.155000000000000000e+03
2.104949392378330231e-02,1.827970892190933228e-02,4.747901484370231628e-02,5.016392841935157776e-02,1.983546614646911621e-01,4.662413597106933594e-01,1.881000000000000000e+03
1.184669323265552521e-03,1.010466832667589188e-03,8.824819087749347091e-05,8.413638715865090489e-05,2.250803820788860321e-02,8.173141628503799438e-02,7.439000000000000000e+03
1.303093973547220230e-03,1.307977130636572838e-03,1.860618503997102380e-04,2.097830147249624133e-04,3.421052545309066772e-02,8.606941998004913330e-02,4.264000000000000000e+03
4.327333532273769379e-03,3.904860932379961014e-03,1.013767672702670097e-03,1.204804168082773685e-03,8.012820780277252197e-02,1.605145484209060669e-01,1.788000000000000000e+03
3.045232733711600304e-03,2.741456031799316406e-03,3.959461115300655365e-03,4.289351403713226318e-03,6.288032233715057373e-02,1.668472439050674438e-01,2.769000000000000000e+03
5.954824853688478470e-03,3.315207548439502716e-03,7.842724211513996124e-03,5.393517203629016876e-03,4.195804148912429810e-02,2.026627212762832642e-01,6.760000000000000000e+02
1.270382083021104336e-03,7.780776359140872955e-04,2.073101932182908058e-03,1.702338224276900291e-03,4.119850322604179382e-02,1.036437228322029114e-01,4.940000000000000000e+03
7.304163649678230286e-03,6.887076422572135925e-03,8.922999724745750427e-03,1.169795356690883636e-02,8.060747385025024414e-02,2.399390190839767456e-01,3.280000000000000000e+03
7.251608185470104218e-04,4.949528374709188938e-04,1.084350980818271637e-03,9.673322201706469059e-04,3.974895551800727844e-02,8.250943571329116821e-02,5.563000000000000000e+03
1.701590605080127716e-02,1.693996973335742950e-02,2.097002230584621429e-02,2.313342504203319550e-02,1.366539001464843750e-01,3.648138046264648438e-01,3.706000000000000000e+03
1.844836026430130005e-02,8.621508255600929260e-03,9.465112350881099701e-03,7.864748127758502960e-03,9.477124363183975220e-02,2.761714756488800049e-01,1.003000000000000000e+03
5.185369402170181274e-02,4.513612389564514160e-02,1.245264336466789246e-01,1.258153468370437622e-01,2.741312682628631592e-01,6.865490078926086426e-01,1.643000000000000000e+03
1.733984448947012424e-03,1.566325780004262924e-03,1.903960248455405235e-03,2.154423389583826065e-03,4.375804215669631958e-02,1.432979702949523926e-01,5.185000000000000000e+03
5.645053088665008545e-02,4.795907810330390930e-02,5.450781434774398804e-02,8.663773536682128906e-02,2.836879491806030273e-01,6.196318864822387695e-01,3.260000000000000000e+02
2.411391506029758602e-05,2.576328552095219493e-05,2.987115476571489125e-05,4.452892244444228709e-05,0.000000000000000000e+00,1.489584520459175110e-02,8.593000000000000000e+03
3.397065401077270508e-02,3.154397383332252502e-02,1.001472994685173035e-01,1.120174974203109741e-01,2.420759350061416626e-01,6.026031374931335449e-01,3.611000000000000000e+03
2.190403640270233154e-02,1.955575123429298401e-02,5.597924068570137024e-02,6.153260543942451477e-02,2.213896512985229492e-01,5.037461519241333008e-01,2.269000000000000000e+03
2.942146093118935823e-04,3.244981344323605299e-04,6.308514857664704323e-04,7.938788621686398983e-04,1.923076994717121124e-02,5.827360600233078003e-02,9.627000000000000000e+03
1.769487373530864716e-02,1.822795346379280090e-02,4.184146225452423096e-02,5.315065383911132812e-02,1.846462637186050415e-01,4.456939101219177246e-01,3.646000000000000000e+03
2.248967252671718597e-02,2.193419635295867920e-02,3.085205145180225372e-02,3.328289091587066650e-02,1.423386037349700928e-01,4.042527079582214355e-01,8.183000000000000000e+03
1.680794358253479004e-02,1.750956848263740540e-02,2.480202913284301758e-02,2.751062065362930298e-02,1.575456112623214722e-01,3.618233501911163330e-01,2.808000000000000000e+03
1.245959103107452393e-02,1.216614153236150742e-02,7.871181704103946686e-03,1.008864212781190872e-02,1.153184175491333008e-01,3.011130690574645996e-01,3.414000000000000000e+03
1.709107123315334320e-02,1.370049826800823212e-02,1.944822072982788086e-02,1.452911365777254105e-02,1.288147568702697754e-01,3.478815257549285889e-01,7.057000000000000000e+03
2.771659055724740028e-03,2.252711914479732513e-03,3.982241731137037277e-03,3.811561968177556992e-03,8.031496405601501465e-02,1.705109477043151855e-01,3.425000000000000000e+03
3.051668172702193260e-03,2.299195155501365662e-03,4.548769444227218628e-03,4.945627413690090179e-03,5.952380970120429993e-02,1.607651561498641968e-01,2.457000000000000000e+03
1.419768575578927994e-02,1.346542593091726303e-02,3.078658133745193481e-02,3.436451405286788940e-02,1.646840125322341919e-01,3.993956744670867920e-01,5.626000000000000000e+03
4.502391442656517029e-02,2.568276412785053253e-02,7.505763322114944458e-02,9.817907214164733887e-02,1.818181872367858887e-01,5.601660013198852539e-01,4.820000000000000000e+02
8.171436376869678497e-03,7.774023339152336121e-03,1.900294423103332520e-02,2.245415560901165009e-02,1.246086433529853821e-01,3.187777996063232422e-01,8.771000000000000000e+03
2.127828076481819153e-02,1.769557595252990723e-02,5.693043768405914307e-02,4.888495802879333496e-02,1.893768459558486938e-01,4.723374247550964355e-01,9.887000000000000000e+03
3.424939641263335943e-04,2.307659597136080265e-04,3.748034650925546885e-04,3.050877421628683805e-04,2.822580561041831970e-02,6.050715595483779907e-02,3.983000000000000000e+03
2.141816541552543640e-03,1.712601399049162865e-03,1.338218338787555695e-03,1.099569373764097691e-03,6.293706595897674561e-02,1.207207217812538147e-01,2.220000000000000000e+03
1.009638980031013489e-02,5.323298741132020950e-03,5.324280820786952972e-03,6.463329773396253586e-03,5.555555596947669983e-02,2.196382433176040649e-01,3.870000000000000000e+02
1.327637583017349243e-02,1.209390442818403244e-02,2.654824964702129364e-02,2.406606450676918030e-02,1.314162909984588623e-01,3.539590537548065186e-01,9.131000000000000000e+03
4.799974616616964340e-03,1.825726008974015713e-03,6.011858582496643066e-03,3.925809171050786972e-03,6.395348906517028809e-02,1.953883469104766846e-01,8.240000000000000000e+02
2.735539712011814117e-02,1.930364966392517090e-02,4.515099897980690002e-02,4.231946170330047607e-02,2.107208818197250366e-01,4.846765100955963135e-01,1.762000000000000000e+03
1.997177489101886749e-02,2.074221707880496979e-02,4.557521268725395203e-02,4.445524886250495911e-02,2.083756923675537109e-01,4.751098155975341797e-01,8.196000000000000000e+03
2.850832603871822357e-02,2.704242058098316193e-02,6.932348757982254028e-02,6.367877870798110962e-02,2.493714690208435059e-01,5.852732062339782715e-01,8.162000000000000000e+03
1.803353615105152130e-02,1.516055315732955933e-02,3.559283539652824402e-02,3.334093466401100159e-02,1.559948474168777466e-01,3.994305431842803955e-01,4.917000000000000000e+03
1.205898355692625046e-02,1.225272379815578461e-02,2.988746017217636108e-02,2.951838076114654541e-02,1.262217313051223755e-01,3.562969565391540527e-01,8.782000000000000000e+03
2.292682044208049774e-02,1.659180782735347748e-02,1.523801870644092560e-02,2.048354968428611755e-02,1.266416460275650024e-01,3.556149601936340332e-01,7.854000000000000000e+03
1.345435623079538345e-02,1.302658766508102417e-02,2.605473995208740234e-02,3.719078749418258667e-02,1.289875209331512451e-01,3.539357483386993408e-01,5.323000000000000000e+03
2.431432344019412994e-02,2.266245521605014801e-02,6.297317147254943848e-02,6.817583739757537842e-02,2.260830253362655640e-01,5.301390886306762695e-01,6.470000000000000000e+03
6.352196214720606804e-04,4.729923384729772806e-04,8.468744345009326935e-04,6.505375495180487633e-04,1.535508595407009125e-02,6.918408721685409546e-02,7.415000000000000000e+03
9.317502263002097607e-04,7.297212141565978527e-04,1.391058787703514099e-03,1.230114488862454891e-03,3.188405930995941162e-02,9.063772112131118774e-02,3.685000000000000000e+03
2.416153252124786377e-02,2.315240167081356049e-02,6.467065215110778809e-02,6.797900795936584473e-02,2.294591069221496582e-01,5.294495820999145508e-01,7.776000000000000000e+03
8.836823515594005585e-03,8.438538759946823120e-03,1.861269026994705200e-02,1.784873567521572113e-02,1.280185282230377197e-01,3.277791738510131836e-01,8.042000000000000000e+03
2.123492769896984100e-02,2.230464853346347809e-02,4.368432238698005676e-02,4.714405909180641174e-02,1.577487140893936157e-01,4.474626183509826660e-01,4.749000000000000000e+03
1.541839796118438244e-03,1.559245283715426922e-03,1.964365364983677864e-03,2.239899011328816414e-03,3.344481438398361206e-02,1.161264404654502869e-01,7.466000000000000000e+03
4.310198128223419189e-02,3.379404172301292419e-02,8.794352412223815918e-02,8.127572387456893921e-02,2.765432000160217285e-01,6.032944321632385254e-01,1.457000000000000000e+03
2.796162851154804230e-02,2.511224895715713501e-02,9.978359937667846680e-02,9.054413437843322754e-02,2.293124049901962280e-01,5.678903460502624512e-01,7.954000000000000000e+03
2.004422806203365326e-02,1.782086491584777832e-02,4.530728235840797424e-02,3.993207216262817383e-02,2.291367948055267334e-01,4.972253143787384033e-01,5.406000000000000000e+03
1.492828968912363052e-02,1.596613973379135132e-02,2.429608255624771118e-02,3.556271642446517944e-02,1.641641706228256226e-01,3.947990536689758301e-01,2.115000000000000000e+03
1.108926720917224884e-02,1.050862483680248260e-02,2.485208678990602493e-03,2.505152951925992966e-03,1.091482639312744141e-01,2.556581497192382812e-01,5.523000000000000000e+03
3.400888526812195778e-03,3.820356214419007301e-03,7.072809617966413498e-03,8.882863447070121765e-03,8.712487667798995972e-02,1.984845250844955444e-01,4.751000000000000000e+03
9.641969576478004456e-03,8.859404362738132477e-03,1.745210401713848114e-02,1.827523112297058105e-02,1.195771023631095886e-01,3.244223594665527344e-01,7.444000000000000000e+03
3.121906891465187073e-03,3.062380244955420494e-03,7.709763012826442719e-04,8.015064522624015808e-04,6.138933822512626648e-02,1.393285393714904785e-01,4.170000000000000000e+03
1.950535550713539124e-02,2.027530595660209656e-02,2.439033612608909607e-02,3.065412491559982300e-02,1.434034407138824463e-01,3.848797380924224854e-01,8.148000000000000000e+03
1.115770358592271805e-02,1.107897982001304626e-02,2.394329058006405830e-03,2.505382988601922989e-03,1.075268834829330444e-01,2.568435966968536377e-01,4.201000000000000000e+03
3.982052206993103027e-03,3.841665806248784065e-03,6.002894137054681778e-03,5.421595182269811630e-03,5.888538435101509094e-02,1.811374276876449585e-01,4.941000000000000000e+03
1.579586096340790391e-04,2.177006972488015890e-04,1.677008258411660790e-04,3.606502723414450884e-04,0.000000000000000000e+00,3.731343150138854980e-02,5.360000000000000000e+02
3.396165324375033379e-03,3.505685366690158844e-03,6.628496106714010239e-03,6.403362844139337540e-03,6.351625919342041016e-02,1.887932866811752319e-01,9.762000000000000000e+03
3.684097202494740486e-03,3.115950385108590126e-03,6.616267375648021698e-03,6.192452274262905121e-03,6.678383052349090576e-02,2.004025727510452271e-01,7.949000000000000000e+03
1.175082195550203323e-02,9.042699821293354034e-03,1.459768973290920258e-02,1.586912572383880615e-02,1.135972440242767334e-01,3.056379854679107666e-01,1.685000000000000000e+03
8.832553401589393616e-03,8.890504017472267151e-03,1.415030285716056824e-02,1.658730022609233856e-02,1.473136842250823975e-01,3.306821882724761963e-01,8.927000000000000000e+03
1.200109254568815231e-02,1.064147707074880600e-02,1.151281129568815231e-02,2.017605863511562347e-02,1.283783763647079468e-01,3.274111747741699219e-01,7.880000000000000000e+02
1.279238611459732056e-02,1.225659064948558807e-02,1.770323328673839569e-02,1.763064600527286530e-02,1.112671121954917908e-01,3.182103931903839111e-01,7.957000000000000000e+03
9.147070348262786865e-03,5.950838793069124222e-03,1.196356024593114853e-02,1.350701320916414261e-02,8.501593768596649170e-02,2.510936260223388672e-01,3.429000000000000000e+03
2.803522720932960510e-02,2.456066384911537170e-02,8.046697825193405151e-02,7.104813307523727417e-02,1.987718194723129272e-01,5.254344940185546875e-01,4.718000000000000000e+03
3.678707778453826904e-02,2.933967486023902893e-02,9.974512457847595215e-02,9.526384621858596802e-02,2.963266968727111816e-01,6.294052600860595703e-01,5.448000000000000000e+03
3.323165327310562134e-02,3.207230567932128906e-02,1.073462367057800293e-01,1.251703202724456787e-01,2.904732227325439453e-01,6.279966831207275391e-01,3.629000000000000000e+03
2.663638675585389137e-03,2.623531967401504517e-03,5.564274266362190247e-03,6.523752585053443909e-03,6.400839239358901978e-02,1.770192533731460571e-01,5.039000000000000000e+03
3.642171388491988182e-03,3.760380437597632408e-03,6.565940100699663162e-03,8.391141891479492188e-03,8.812260627746582031e-02,2.064896821975708008e-01,5.763000000000000000e+03
3.138668835163116455e-02,2.009797841310501099e-02,2.579979412257671356e-02,2.446343749761581421e-02,1.093750000000000000e-01,4.398148059844970703e-01,6.480000000000000000e+02
1.286579790757969022e-04,1.447092654416337609e-04,1.760032027959823608e-04,2.352163282921537757e-04,0.000000000000000000e+00,3.808543458580970764e-02,1.943000000000000000e+03
2.335867658257484436e-02,2.210987918078899384e-02,5.871330201625823975e-02,5.465421825647354126e-02,1.849981993436813354e-01,4.854994714260101318e-01,9.310000000000000000e+03
1.871226541697978973e-02,1.793348044157028198e-02,5.180899798870086670e-02,5.320615693926811218e-02,1.697485148906707764e-01,4.496294856071472168e-01,4.993000000000000000e+03
1.517845038324594498e-02,1.106762979179620743e-02,3.739741072058677673e-02,3.001003526151180267e-02,1.138168349862098694e-01,3.614770174026489258e-01,4.631000000000000000e+03
2.019230742007493973e-03,1.791653456166386604e-03,9.477950516156852245e-04,9.576137526892125607e-04,3.609756007790565491e-02,1.160305365920066833e-01,8.515000000000000000e+03
1.181891653686761856e-02,1.203468162566423416e-02,2.633219026029109955e-02,3.078923188149929047e-02,1.447602063417434692e-01,3.614864945411682129e-01,5.328000000000000000e+03
9.208765812218189240e-03,9.152885526418685913e-03,1.932965824380517006e-03,1.936914166435599327e-03,9.784411638975143433e-02,2.372437864542007446e-01,2.293000000000000000e+03
3.358166664838790894e-02,3.187748417258262634e-02,1.081259697675704956e-01,1.131927222013473511e-01,2.782666683197021484e-01,6.323598027229309082e-01,8.560000000000000000e+03
1.725564710795879364e-02,1.292547490447759628e-02,2.427257597446441650e-02,3.336259722709655762e-02,1.964285671710968018e-01,3.358208835124969482e-01,1.340000000000000000e+02
3.247906267642974854e-02,3.065022453665733337e-02,9.028294682502746582e-02,9.121332317590713501e-02,2.803010940551757812e-01,6.194136142730712891e-01,9.107000000000000000e+03
1.675732620060443878e-02,1.609905064105987549e-02,1.286129001528024673e-02,1.261820085346698761e-02,1.296703368425369263e-01,3.260332643985748291e-01,6.073000000000000000e+03
6.036984268575906754e-04,6.439103744924068451e-04,2.782577648758888245e-04,1.499850041000172496e-04,0.000000000000000000e+00,5.981735140085220337e-02,2.190000000000000000e+03
4.977893084287643433e-03,3.707922063767910004e-03,1.112656202167272568e-02,8.204155601561069489e-03,7.199999690055847168e-02,1.987662762403488159e-01,2.918000000000000000e+03
1.651596860028803349e-03,1.367241726256906986e-03,1.303596771322190762e-03,1.221863902173936367e-03,4.679802805185317993e-02,1.052488461136817932e-01,3.677000000000000000e+03
1.283493544906377792e-02,1.295309793204069138e-02,1.559454202651977539e-02,1.911821402609348297e-02,1.118790507316589355e-01,3.164050579071044922e-01,6.498000000000000000e+03
5.698155611753463745e-02,2.126920595765113831e-02,3.811825439333915710e-02,4.522698745131492615e-02,1.959183663129806519e-01,5.253333449363708496e-01,3.750000000000000000e+02
9.389955812366679311e-05,1.264808961423113942e-04,1.723915629554539919e-04,2.128239575540646911e-04,8.968610316514968872e-03,3.206151351332664490e-02,6.893000000000000000e+03
1.768847432686015964e-04,2.346933906665071845e-04,2.394908224232494831e-04,3.247531712986528873e-04,8.298755623400211334e-03,4.475655406713485718e-02,5.340000000000000000e+03
1.052906364202499390e-02,1.078233215957880020e-02,8.533792570233345032e-03,1.418037619441747665e-02,1.048466861248016357e-01,3.209219872951507568e-01,2.820000000000000000e+03
7.746532792225480080e-04,7.145709823817014694e-04,6.948615773580968380e-04,9.005683823488652706e-04,2.164502255618572235e-02,7.927042990922927856e-02,2.851000000000000000e+03
8.411261253058910370e-03,8.339595980942249298e-03,6.282592657953500748e-03,5.491581279784440994e-03,9.824561327695846558e-02,2.375544756650924683e-01,7.573000000000000000e+03
1.066159340552985668e-03,1.029034378007054329e-03,1.703958958387374878e-03,1.777160097844898701e-03,4.651162773370742798e-02,1.021170616149902344e-01,9.636000000000000000e+03
2.027672342956066132e-02,1.785193383693695068e-02,3.844786435365676880e-02,4.109351709485054016e-02,1.725352108478546143e-01,4.311926662921905518e-01,2.180000000000000000e+03
1.560857781441882253e-04,2.077670214930549264e-04,0.000000000000000000e+00,0.000000000000000000e+00,0.000000000000000000e+00,4.044943675398826599e-02,4.450000000000000000e+02
5.614657420665025711e-03,3.086636075749993324e-03,9.908440522849559784e-03,7.475498598068952560e-03,5.897435918450355530e-02,2.162639945745468140e-01,1.697000000000000000e+03
5.476884078234434128e-03,5.012520123273134232e-03,1.227331068366765976e-02,1.163385063409805298e-02,9.149041026830673218e-02,2.426431924104690552e-01,7.612000000000000000e+03
2.751606982201337814e-03,2.360847080126404762e-03,4.642350599169731140e-03,4.832584876567125320e-03,4.739704728126525879e-02,1.615922003984451294e-01,7.587000000000000000e+03
5.258461460471153259e-03,5.396565888077020645e-03,1.073601841926574707e-02,1.062437798827886581e-02,7.855626195669174194e-02,2.419175058603286743e-01,1.794000000000000000e+03
1.731084287166595459e-02,1.694606803357601166e-02,1.878025010228157043e-02,1.937133446335792542e-02,1.189817413687705994e-01,3.467276394367218018e-01,9.183000000000000000e+03
2.180187404155731201e-02,1.764136739075183868e-02,2.761495485901832581e-02,2.922652475535869598e-02,1.637583822011947632e-01,4.158878624439239502e-01,1.498000000000000000e+03
1.032725349068641663e-02,9.023987688124179840e-03,2.011620067059993744e-02,2.291543781757354736e-02,1.116708666086196899e-01,3.284694254398345947e-01,3.221000000000000000e+03
5.460252286866307259e-04,6.897380226291716099e-04,1.045731129124760628e-03,1.468882430344820023e-03,4.020100459456443787e-02,7.380216568708419800e-02,5.176000000000000000e+03
2.447578497231006622e-02,2.463130094110965729e-02,7.207187265157699585e-02,8.273300528526306152e-02,2.116935551166534424e-01,5.307255387306213379e-01,8.104000000000000000e+03
2.308600116521120071e-03,2.336145145818591118e-03,2.348661219002678990e-04,2.349036512896418571e-04,4.644549638032913208e-02,1.186320781707763672e-01,8.480000000000000000e+03
8.453993126749992371e-03,6.630761548876762390e-03,1.592436060309410095e-02,1.232500001788139343e-02,8.398950099945068359e-02,2.589501142501831055e-01,5.391000000000000000e+03
2.897130884230136871e-02,2.407273650169372559e-02,3.226659446954727173e-02,5.049049854278564453e-02,1.359003335237503052e-01,4.224806129932403564e-01,1.806000000000000000e+03
2.745739929378032684e-02,2.498865500092506409e-02,7.843332737684249878e-02,8.672715723514556885e-02,2.579301595687866211e-01,5.704433321952819824e-01,4.060000000000000000e+03
5.587742780335247517e-04,4.640599363483488560e-04,7.939744391478598118e-04,8.058826206251978874e-04,2.571860887110233307e-02,6.932931393384933472e-02,9.289000000000000000e+03
3.325664997100830078e-02,2.866071090102195740e-02,1.128560751676559448e-01,1.126022636890411377e-01,2.505823075771331787e-01,6.202409863471984863e-01,6.225000000000000000e+03
3.271720372140407562e-03,2.841682871803641319e-03,3.923309966921806335e-03,4.168160259723663330e-03,5.331882461905479431e-02,1.580094397068023682e-01,5.506000000000000000e+03
1.371156703680753708e-02,1.391424797475337982e-02,2.914461679756641388e-02,3.454605862498283386e-02,1.248527690768241882e-01,3.721046745777130127e-01,7.987000000000000000e+03
3.791711106896400452e-02,3.377263993024826050e-02,1.140108257532119751e-01,1.153862848877906799e-01,3.089619874954223633e-01,6.594329476356506348e-01,8.571000000000000000e+03
1.879923418164253235e-02,1.852974481880664825e-02,3.746489062905311584e-02,5.943150073289871216e-02,1.686643809080123901e-01,4.184443056583404541e-01,4.641000000000000000e+03
3.856181353330612183e-02,3.529647737741470337e-02,1.121554300189018250e-01,1.188616305589675903e-01,2.769823670387268066e-01,6.373786330223083496e-01,6.180000000000000000e+03
4.711310379207134247e-03,5.232306662946939468e-03,8.881026878952980042e-04,1.147147617302834988e-03,6.175298988819122314e-02,1.743798553943634033e-01,5.402000000000000000e+03
2.613110234960913658e-03,2.102604601532220840e-03,2.570857293903827667e-03,2.262252615764737129e-03,4.092920199036598206e-02,1.450317800045013428e-01,5.978000000000000000e+03
2.225168049335479736e-03,2.302902285009622574e-03,2.477696165442466736e-03,2.205450553447008133e-03,4.263005778193473816e-02,1.345587521791458130e-01,9.847000000000000000e+03
3.405903116799890995e-04,3.020261356141418219e-04,1.219840705743990839e-04,2.891801123041659594e-04,3.125000000000000000e-02,4.275862127542495728e-02,7.250000000000000000e+02
9.857098484644666314e-05,4.696862379205413163e-05,1.638029643800109625e-04,1.240796409547328949e-04,1.200000010430812836e-02,2.784981392323970795e-02,8.869000000000000000e+03
6.583966296602739021e-07,8.651450116303749382e-07,6.824023444096383173e-07,9.381740824210282881e-07,0.000000000000000000e+00,2.684563864022493362e-03,9.685000000000000000e+03
9.522745385766029358e-03,9.403700940310955048e-03,2.282675728201866150e-02,2.180676721036434174e-02,1.260504275560379028e-01,3.272890746593475342e-01,6.673000000000000000e+03
4.860103596001863480e-03,4.723469261080026627e-03,7.322309538722038269e-03,7.154282182455062866e-03,7.999999821186065674e-02,2.225327938795089722e-01,4.651000000000000000e+03
3.383987769484519958e-02,3.316486999392509460e-02,1.057928204536437988e-01,1.177976652979850769e-01,2.891242504119873047e-01,6.312465071678161621e-01,7.124000000000000000e+03
1.863884553313255310e-02,1.738968119025230408e-02,2.680042386054992676e-02,2.391261793673038483e-02,1.322565525770187378e-01,3.790776133537292480e-01,9.779000000000000000e+03
2.072299830615520477e-02,1.967371068894863129e-02,4.519616439938545227e-02,4.120901599526405334e-02,1.507374644279479980e-01,4.417676925659179688e-01,6.517000000000000000e+03
3.515664720907807350e-03,2.089242683723568916e-03,3.007504157721996307e-03,2.380331046879291534e-03,4.802259802818298340e-02,1.625663340091705322e-01,4.146000000000000000e+03
7.243601605296134949e-03,6.291676778346300125e-03,1.710727624595165253e-02,1.496127899736166000e-02,1.009771972894668579e-01,2.749551832675933838e-01,5.019000000000000000e+03
5.217169018578715622e-05,5.072952262707985938e-05,6.898051651660352945e-05,8.144374442053958774e-05,6.410256493836641312e-03,2.196400798857212067e-02,7.057000000000000000e+03
3.881106153130531311e-02,2.821680903434753418e-02,7.851709425449371338e-02,8.448906987905502319e-02,1.987261176109313965e-01,5.631154775619506836e-01,1.117000000000000000e+03
1.506174169480800629e-02,1.227644737809896469e-02,2.303338423371315002e-02,2.113779447972774506e-02,1.388888955116271973e-01,3.822665810585021973e-01,1.703000000000000000e+03
8.866005577147006989e-03,9.329532273113727570e-03,1.771148107945919037e-02,2.246099896728992462e-02,1.059855148196220398e-01,3.015301525592803955e-01,7.777000000000000000e+03
5.432350095361471176e-03,4.936790093779563904e-03,2.669648732990026474e-03,2.554021310061216354e-03,5.641748756170272827e-02,1.839933991432189941e-01,3.636000000000000000e+03
4.366185516119003296e-03,4.093606024980545044e-03,8.638211525976657867e-03,8.451542817056179047e-03,7.826887816190719604e-02,2.215091884136199951e-01,4.519000000000000000e+03
2.900627441704273224e-02,3.011810593307018280e-02,8.503946661949157715e-02,9.197222441434860229e-02,2.373718172311782837e-01,5.751933455467224121e-01,6.982000000000000000e+03
5.587245337665081024e-03,5.548539571464061737e-03,1.019584946334362030e-02,1.015976909548044205e-02,9.260797500610351562e-02,2.642399370670318604e-01,8.269000000000000000e+03
9.735516272485256195e-03,8.715435862541198730e-03,1.788272708654403687e-02,1.610463485121726990e-02,1.176470592617988586e-01,3.146853148937225342e-01,8.294000000000000000e+03
1.063402276486158371e-02,5.254820454865694046e-03,6.353167816996574402e-03,4.196632653474807739e-03,6.498951464891433716e-02,2.172430604696273804e-01,2.053000000000000000e+03
3.455296531319618225e-02,3.253376856446266174e-02,9.930092841386795044e-02,1.119181662797927856e-01,2.682375013828277588e-01,6.275460720062255859e-01,6.186000000000000000e+03
9.713265113532543182e-03,9.629849344491958618e-03,1.899987831711769104e-02,1.783253252506256104e-02,9.211873263120651245e-02,3.087365031242370605e-01,2.873000000000000000e+03
4.200314637273550034e-03,3.370740916579961777e-03,7.649491075426340103e-03,7.042347453534603119e-03,9.090909361839294434e-02,2.093683481216430664e-01,5.636000000000000000e+03
1.138322753831744194e-03,6.930660456418991089e-04,1.212753355503082275e-03,2.259461442008614540e-03,5.309734493494033813e-02,9.477413445711135864e-02,1.129000000000000000e+03
5.928258877247571945e-03,5.040769465267658234e-03,1.854453468695282936e-03,2.536707324907183647e-03,6.803278625011444092e-02,1.753817647695541382e-01,6.483000000000000000e+03
1.971822418272495270e-02,2.001281641423702240e-02,5.333881452679634094e-02,5.941344797611236572e-02,1.934594213962554932e-01,4.818171262741088867e-01,8.497000000000000000e+03
9.193925507133826613e-06,1.249335127795347944e-05,1.032644559018081054e-05,1.309476556343724951e-05,0.000000000000000000e+00,1.066365558654069901e-02,7.971000000000000000e+03
8.153583854436874390e-03,7.076388690620660782e-03,1.519030053168535233e-02,1.399855129420757294e-02,9.790550172328948975e-02,2.774116098880767822e-01,6.676000000000000000e+03
5.941596347838640213e-03,4.746618214994668961e-03,1.039805705659091473e-03,9.195948950946331024e-04,6.549520790576934814e-02,1.780821979045867920e-01,9.855000000000000000e+03
2.079509384930133820e-02,1.396408025175333023e-02,1.472976803779602051e-02,9.228721261024475098e-03,1.154018864035606384e-01,3.251898288726806641e-01,6.058000000000000000e+03
1.204504165798425674e-02,1.070894766598939896e-02,2.455889061093330383e-02,3.110590949654579163e-02,1.373902112245559692e-01,3.532887995243072510e-01,3.892000000000000000e+03
3.068079985678195953e-02,3.180786222219467163e-02,9.819415211677551270e-02,1.134580150246620178e-01,2.713559269905090332e-01,6.120443940162658691e-01,7.024000000000000000e+03
1.702591689536347985e-04,1.964295370271429420e-04,4.788240039488300681e-05,5.709795732400380075e-05,7.812500000000000000e-03,3.192559257149696350e-02,3.978000000000000000e+03
1.931647770106792450e-03,1.915453700348734856e-03,2.857742074411362410e-04,3.258384240325540304e-04,2.304147556424140930e-02,1.037689670920372009e-01,2.043000000000000000e+03
2.384604327380657196e-02,2.308558672666549683e-02,6.461233645677566528e-02,7.228118926286697388e-02,2.337422221899032593e-01,5.325236320495605469e-01,8.563000000000000000e+03
1.931445859372615814e-02,1.726854033768177032e-02,4.710245504975318909e-02,4.695289209485054016e-02,1.581344902515411377e-01,4.174914062023162842e-01,9.296000000000000000e+03
2.998059429228305817e-02,2.708138711750507355e-02,8.865079283714294434e-02,1.012199744582176208e-01,1.859939694404602051e-01,5.359444618225097656e-01,2.017000000000000000e+03
8.668830618262290955e-03,7.191541604697704315e-03,1.398471742868423462e-02,1.392893306910991669e-02,9.908256679773330688e-02,2.838150262832641602e-01,3.460000000000000000e+03
8.255098015069961548e-03,6.789076142013072968e-03,1.108604017645120621e-02,1.618233695626258850e-02,8.500000089406967163e-02,2.610556483268737793e-01,7.010000000000000000e+02
2.850935608148574829e-02,2.651675418019294739e-02,7.250621914863586426e-02,7.798325270414352417e-02,1.943510472774505615e-01,5.270567536354064941e-01,4.546000000000000000e+03
2.386596798896789551e-02,2.355492673814296722e-02,6.347475945949554443e-02,6.764702498912811279e-02,2.333694845438003540e-01,5.388133525848388672e-01,7.871000000000000000e+03
1.894988119602203369e-03,1.581204938702285290e-03,1.051409402862191200e-03,8.922516135498881340e-04,3.287380561232566833e-02,1.125648021697998047e-01,8.102000000000000000e+03
4.062166903167963028e-03,3.567011561244726181e-03,5.192689597606658936e-03,4.859201144427061081e-03,5.083798989653587341e-02,1.719635576009750366e-01,9.880000000000000000e+03
2.642988925799727440e-03,2.398238517343997955e-03,4.850529599934816360e-03,4.843405913561582565e-03,6.117021292448043823e-02,1.653653979301452637e-01,6.404000000000000000e+03
2.237625606358051300e-02,2.241840213537216187e-02,4.180248826742172241e-02,6.690872460603713989e-02,1.904761940240859985e-01,4.688457548618316650e-01,9.790000000000000000e+02
4.853701218962669373e-02,3.781864419579505920e-02,1.489037722349166870e-01,1.494439989328384399e-01,3.748946785926818848e-01,7.169082164764404297e-01,1.035000000000000000e+03
1.367451529949903488e-02,8.513705804944038391e-03,1.691381447017192841e-02,1.532084029167890549e-02,1.214470267295837402e-01,3.417085409164428711e-01,9.950000000000000000e+02
6.603854708373546600e-03,6.661049555987119675e-03,1.236211275681853294e-03,1.294614397920668125e-03,6.742102652788162231e-02,2.024357765913009644e-01,9.771000000000000000e+03
2.885702066123485565e-02,2.917237207293510437e-02,8.523484319448471069e-02,8.510302007198333740e-02,2.390716969966888428e-01,5.767470002174377441e-01,8.300000000000000000e+03
1.126374234445393085e-03,5.068965256214141846e-04,3.692999307531863451e-04,4.084967367816716433e-04,1.818181760609149933e-02,9.358752518892288208e-02,5.770000000000000000e+02
